path,reviewed,supplied_actions,changes,existing_keyword_owner_preserved,supplied_keyword_differs_from_contract,words_before,words_after,title_chars_before,title_chars_after,description_chars_before,description_chars_after,new_main_link_destinations,canonical_and_robots_unchanged,faqpage_policy_unchanged
/,yes,RETITLE;REMETA;REH1;ADD_FAQ;ALT_OK,connected page graph,yes,yes,1401,1401,41,41,140,140,,yes,yes
/catering-dubai,yes,REMETA;ADD_FAQ;ADD_SCHEMA:Organization;ALT_OK,connected page graph,yes,no,2516,2516,55,55,159,159,,yes,yes
/catering-packages-dubai,yes,REMETA;ADD_FAQ;ADD_SCHEMA:Organization;ALT_OK,connected page graph,yes,no,1766,1766,49,49,160,160,,yes,yes
/corporate,yes,REMETA;ADD_FAQ;ADD_SCHEMA:Organization;ALT_OK,connected page graph,yes,no,5088,5088,59,59,155,155,,yes,yes
/events,yes,REMETA;ADD_FAQ;ADD_SCHEMA:Organization;ALT_OK,connected page graph,yes,no,2603,2603,50,50,156,156,,yes,yes
/luxury-dining-experiences,yes,REMETA;ADD_FAQ;ADD_SCHEMA:Service;ADD_SCHEMA:Organization;ALT_OK,service schema; connected page graph,yes,no,4986,4986,40,40,154,154,,yes,yes
/private-chef-dubai,yes,REMETA;ADD_FAQ;ADD_SCHEMA:Service;ADD_SCHEMA:Organization;ALT_OK,service schema; connected page graph,yes,no,2634,2634,54,54,143,143,,yes,yes
/private-chef-dubai/pricing,yes,REMETA;ADD_FAQ;ADD_SCHEMA:Service;ADD_SCHEMA:Organization;ALT_OK,service schema; connected page graph,yes,no,4459,4459,58,58,148,148,,yes,yes
/private-chef-dubai/how-it-works,yes,REMETA;ADD_FAQ;ADD_SCHEMA:Service;ADD_SCHEMA:Organization;ALT_OK,service schema; connected page graph,yes,no,2574,2574,58,58,139,139,,yes,yes
/private-chef-dubai/live-in-chef,yes,REMETA;ADD_FAQ;ADD_SCHEMA:Organization;ALT_OK,practical content; contextual links; connected page graph,yes,no,1211,1265,55,55,144,144,/blog/private-chef-trial-dubai; /how-we-vet-our-chefs,yes,yes
/private-chef-dubai/live-out-chef,yes,REMETA;ADD_FAQ;ADD_SCHEMA:Organization;ALT_OK,practical content; contextual links; connected page graph,yes,no,1222,1276,56,56,141,141,/blog/private-chef-trial-dubai; /how-we-vet-our-chefs,yes,yes
/private-chef-dubai/short-term-chef,yes,REMETA;ADD_FAQ;ADD_SCHEMA:Organization;ADD_LINKS;ALT_OK,practical content; contextual links; connected page graph,yes,no,875,1043,55,55,141,141,/villas-private-residences,yes,yes
/villas-private-residences,yes,REMETA;ADD_FAQ;ADD_SCHEMA:Organization;ALT_OK,connected page graph,yes,no,2521,2521,39,39,120,120,,yes,yes
/yachts,yes,REMETA;ADD_FAQ;ADD_SCHEMA:Organization;ALT_OK,connected page graph,yes,no,5936,5936,55,55,157,157,,yes,yes
/afternoon-tea-catering-dubai,yes,ADD_FAQ;ALT_OK,connected page graph,yes,no,1695,1695,37,37,150,150,,yes,yes
/baby-shower-catering-dubai,yes,ADD_FAQ;ALT_OK,connected page graph,yes,no,2720,2720,57,57,141,141,,yes,yes
/birthday-catering-dubai,yes,RETITLE;REH1;ADD_FAQ;ALT_OK,connected page graph,yes,no,5332,5332,54,54,151,151,,yes,yes
/engagement-catering-dubai,yes,REMETA;REH1;ADD_FAQ;ALT_OK,connected page graph,yes,yes,2012,2012,59,59,139,139,,yes,yes
/private-party-catering-dubai,yes,REMETA;ADD_FAQ;ALT_OK,connected page graph,yes,no,2752,2752,59,59,156,156,,yes,yes
/wedding-catering-dubai,yes,REMETA;ADD_FAQ;ALT_OK,connected page graph,yes,no,3749,3749,59,59,158,158,,yes,yes
/bbq-catering-dubai,yes,REMETA;ADD_FAQ;ALT_OK,connected page graph,yes,no,2593,2593,46,46,153,153,,yes,yes
/buffet-catering-dubai,yes,REMETA;ADD_FAQ;ALT_OK,connected page graph,yes,no,2248,2248,56,56,156,156,,yes,yes
/canape-catering-dubai,yes,REMETA;ADD_FAQ;ALT_OK,connected page graph,yes,yes,4017,4017,60,60,151,151,,yes,yes
/cocktail-party-catering-dubai,yes,REMETA;ADD_FAQ;ALT_OK,connected page graph,yes,no,2385,2385,58,58,155,155,,yes,yes
/dessert-table-catering-dubai,yes,ADD_FAQ;ALT_OK,connected page graph,yes,no,2890,2890,58,58,141,141,,yes,yes
/arabic-catering-dubai,yes,REMETA;ADD_FAQ;ALT_OK,connected page graph,yes,no,2928,2928,60,60,149,149,,yes,yes
/cuisines-dubai,yes,ADD_FAQ;ALT_OK,connected page graph,yes,no,1736,1736,37,37,132,132,,yes,yes
/halal-catering-dubai,yes,REMETA;ADD_FAQ;ALT_OK,connected page graph,yes,no,1641,1641,51,51,156,156,,yes,yes
/indian-catering-dubai,yes,REMETA;ADD_FAQ;ALT_OK,connected page graph,yes,no,2916,2916,47,47,155,155,,yes,yes
/italian-catering-dubai,yes,REMETA;ADD_FAQ;ALT_OK,connected page graph,yes,no,2734,2734,51,51,148,148,,yes,yes
/mediterranean-catering-dubai,yes,REMETA;ADD_FAQ;ALT_OK,connected page graph,yes,no,2906,2906,53,53,152,152,,yes,yes
/sushi-catering-dubai,yes,REMETA;ADD_FAQ;ALT_OK,connected page graph,yes,no,2682,2682,51,51,159,159,,yes,yes
/vegan-catering-dubai,yes,REMETA;ADD_FAQ;ALT_OK,connected page graph,yes,no,2858,2858,54,54,154,154,,yes,yes
/vegetarian-catering-dubai,yes,ADD_FAQ;ALT_OK,connected page graph,yes,no,1737,1737,34,34,121,121,,yes,yes
/business-lunch-catering-dubai,yes,REMETA;ADD_FAQ;ALT_OK,connected page graph,yes,no,2449,2449,56,56,156,156,,yes,yes
/canteen-management-dubai,yes,ADD_FAQ;ALT_OK,connected page graph,yes,no,1940,1940,57,57,152,152,,yes,yes
/conference-catering-dubai,yes,REMETA;ADD_FAQ;ALT_OK,connected page graph,yes,no,2691,2691,58,58,155,155,,yes,yes
/corporate-event-catering-dubai,yes,REMETA;ADD_FAQ;ALT_OK,connected page graph,yes,no,3146,3146,60,60,160,160,,yes,yes
/hospital-catering-dubai,yes,ADD_FAQ;ALT_OK,connected page graph,yes,no,1924,1924,58,58,145,145,,yes,yes
/institutional-catering-dubai,yes,ADD_FAQ;ALT_OK,connected page graph,yes,no,1730,1730,59,59,128,128,,yes,yes
/nursery-catering-dubai,yes,ADD_FAQ;ALT_OK,connected page graph,yes,no,2126,2126,51,51,137,137,,yes,yes
/office-catering-dubai,yes,REMETA;ADD_FAQ;ALT_OK,connected page graph,yes,no,3917,3917,56,56,153,153,,yes,yes
/production-catering-dubai,yes,ADD_FAQ;ALT_OK,connected page graph,yes,no,1952,1952,59,59,137,137,,yes,yes
/school-catering-dubai,yes,REMETA;ADD_FAQ;ALT_OK,connected page graph,yes,no,1978,1978,60,60,153,153,,yes,yes
/staff-meals-catering-dubai,yes,ADD_FAQ;ALT_OK,connected page graph,yes,no,1899,1899,54,54,131,131,,yes,yes
/breakfast-catering-dubai,yes,REMETA;ADD_FAQ;ALT_OK,connected page graph,yes,no,1776,1776,59,59,152,152,,yes,yes
/brunch-catering-dubai,yes,REMETA;ADD_FAQ;ALT_OK,connected page graph,yes,no,3164,3164,60,60,157,157,,yes,yes
/christmas-catering-dubai,yes,REMETA;ALT_OK,connected page graph,yes,no,4659,4659,60,60,157,157,,yes,yes
/diwali-catering-dubai,yes,REMETA;ADD_FAQ;ALT_OK,connected page graph,yes,no,1772,1772,45,45,155,155,,yes,yes
/drop-off-catering-dubai,yes,REMETA;ADD_FAQ;ALT_OK,connected page graph,yes,no,2362,2362,53,53,152,152,,yes,yes
/eid-catering-dubai,yes,ADD_FAQ;ALT_OK,connected page graph,yes,no,1592,1592,52,52,139,139,,yes,yes
/festive-catering-dubai,yes,REMETA;ADD_FAQ;ADD_SCHEMA:Service;ALT_OK,service schema; connected page graph,yes,no,2761,2761,57,57,155,155,,yes,yes
/iftar-catering-dubai,yes,ADD_FAQ;ALT_OK,connected page graph,yes,no,3202,3202,45,45,150,150,,yes,yes
/new-year-catering-dubai,yes,REMETA;ADD_FAQ;ALT_OK,connected page graph,yes,no,3206,3206,60,60,155,155,,yes,yes
/ramadan-catering-dubai,yes,ADD_FAQ;ALT_OK,connected page graph,yes,no,1619,1619,48,48,137,137,,yes,yes
/romantic-dinner-dubai,yes,REMETA;ADD_FAQ;ALT_OK,connected page graph,yes,no,2612,2612,53,53,158,158,,yes,yes
/about,yes,ALT_OK;NONE,connected page graph,yes,no,2243,2243,47,47,152,152,,yes,yes
/become-a-mychef,yes,REMETA;ALT_OK,connected page graph,yes,no,954,954,51,51,158,158,,yes,yes
/booking-protection-insurance,yes,ALT_OK;NONE,connected page graph,yes,no,1105,1105,43,43,150,150,,yes,yes
/case-studies,yes,REMETA;ALT_OK,connected page graph,yes,no,1827,1827,52,52,153,153,,yes,yes
/contact,yes,REH1;EXPAND;ADD_LINKS;ALT_OK,connected page graph,yes,yes,593,593,32,32,135,135,,yes,yes
/faq,yes,ALT_OK;NONE,connected page graph,yes,no,1994,1994,52,52,155,155,,yes,yes
/gallery,yes,RETITLE;REMETA;REH1;ALT_OK,connected page graph,yes,yes,1759,1759,59,59,148,148,,yes,yes
/how-it-works,yes,REMETA;ALT_OK,connected page graph,yes,yes,2195,2195,57,57,128,128,,yes,yes
/how-we-vet-our-chefs,yes,REMETA;ALT_OK,connected page graph,yes,no,2427,2427,45,45,150,150,,yes,yes
/menus,yes,REMETA;ALT_OK,connected page graph,yes,no,1657,1657,48,48,157,157,,yes,yes
/our-chefs,yes,RETITLE;REMETA;REH1;ALT_OK,connected page graph,yes,yes,5170,5170,60,60,155,155,,yes,yes
/partner-with-us,yes,EXPAND;ADD_LINKS;ALT_OK,connected page graph,yes,no,542,542,36,36,134,134,,yes,yes
/press,yes,RETITLE;REMETA;REH1;EXPAND;ADD_LINKS;ALT_OK,connected page graph,yes,yes,444,444,49,49,144,144,,yes,yes
/venue-partners,yes,ADD_LINKS;ALT_OK,connected page graph,yes,no,679,679,49,49,151,151,,yes,yes
/vip-club,yes,RETITLE;REMETA;REH1;ADD_LINKS;ALT_OK,connected page graph,yes,yes,669,669,56,56,126,126,,yes,yes
/weekly-meal-prep-dubai,yes,REMETA;ADD_FAQ;ADD_SCHEMA:Service;ADD_SCHEMA:Organization;ALT_OK,contextual links; service schema; connected page graph,yes,no,2253,2272,54,54,160,160,/part-time-private-chef-dubai,yes,yes
/blog,yes,REMETA;REH1;ADD_SCHEMA:Organization;ADD_LINKS;ALT_OK,connected page graph,yes,yes,3121,3129,50,50,146,146,,yes,yes
/catering-cost-calculator-dubai,yes,ALT_OK;NONE,connected page graph,yes,no,1581,1581,39,39,142,142,,yes,yes
/chefs/ahmed-executive-chef,yes,RETITLE;REMETA;REH1;ALT_OK,connected page graph,yes,yes,1770,1770,45,45,149,149,,yes,yes
/chefs/layla-middle-eastern-chef,yes,ALT_OK;NONE,connected page graph,yes,no,1754,1754,49,49,142,142,,yes,yes
/chefs/marco-italian-chef,yes,REMETA;ALT_OK,connected page graph,yes,no,1739,1739,49,49,105,105,,yes,yes
/chefs/matteo-pastry-chef,yes,ALT_OK;NONE,connected page graph,yes,no,1754,1754,51,51,150,150,,yes,yes
/locations,yes,REMETA;EXPAND;ADD_FAQ;ADD_SCHEMA:Service;ADD_SCHEMA:Organization;ADD_LINKS;ALT_OK,practical content; contextual links; connected page graph,yes,no,222,804,52,52,155,155,/catering-dubai; /drop-off-catering-dubai,yes,yes
/locations/al-barsha,yes,REMETA;ADD_FAQ;ADD_LINKS;ALT_OK,connected page graph,yes,no,855,855,31,31,140,140,,yes,yes
/locations/difc,yes,ADD_FAQ;ADD_LINKS;ALT_OK,connected page graph,yes,no,898,898,51,51,136,136,,yes,yes
/locations/jbr,yes,ADD_FAQ;ADD_LINKS;ALT_OK,connected page graph,yes,no,864,864,54,54,139,139,,yes,yes
/locations/jlt,yes,REMETA;REH1;ADD_FAQ;ADD_LINKS;ALT_OK,connected page graph,yes,yes,880,880,47,47,134,134,,yes,yes
/buffet-vs-plated-dubai,yes,ADD_LINKS;ALT_OK,connected page graph,yes,no,805,805,31,31,124,124,,yes,yes
/corporate-catering-checklist-dubai,yes,REMETA;ALT_OK,connected page graph,yes,no,2258,2258,57,57,156,156,,yes,yes
/dubai-catering-prices-guide,yes,ALT_OK;NONE,connected page graph,yes,no,1847,1847,48,48,140,140,,yes,yes
/guides,yes,REMETA;ADD_SCHEMA:Organization;ALT_OK,connected page graph,yes,no,978,978,33,33,122,122,,yes,yes
/how-to-choose-caterer-dubai,yes,ALT_OK;NONE,connected page graph,yes,no,1820,1820,38,38,137,137,,yes,yes
/private-chef-vs-catering-dubai,yes,ALT_OK;NONE,connected page graph,yes,no,2191,2191,47,47,137,137,,yes,yes
/villa-catering-ideas-dubai,yes,ALT_OK;NONE,connected page graph,yes,no,1752,1752,49,49,145,145,,yes,yes
/wedding-catering-checklist-dubai,yes,ALT_OK;NONE,connected page graph,yes,no,2661,2661,41,41,155,155,,yes,yes
/dubai-event-catering-price-guide-2026,yes,ALT_OK;NONE,connected page graph,yes,yes,2271,2271,46,46,145,145,,yes,yes
/dubai-food-trends-report-2026,yes,ALT_OK;NONE,connected page graph,yes,yes,1016,1016,31,31,154,154,,yes,yes
/guide/private-dining-dubai,yes,ALT_OK;NONE,connected page graph,yes,no,2915,2915,46,46,142,142,,yes,yes
/wedding-catering-menu-planning-dubai,yes,REMETA;ALT_OK,connected page graph,yes,no,3102,3102,47,47,154,154,,yes,yes
/bar-services-dubai,yes,ADD_FAQ;ALT_OK,connected page graph,yes,no,1600,1600,58,58,144,144,,yes,yes
/brand-activation-catering-dubai,yes,REMETA;ADD_FAQ;ALT_OK,connected page graph,yes,no,1619,1619,50,50,114,114,,yes,yes
/exhibition-catering-dubai,yes,ADD_FAQ;ALT_OK,connected page graph,yes,no,1861,1861,53,53,152,152,,yes,yes
/gala-dinner-catering-dubai,yes,REMETA;ADD_FAQ;ALT_OK,connected page graph,yes,no,1776,1776,60,60,144,144,,yes,yes
/private-cooking-classes-dubai,yes,REMETA;ADD_FAQ;ALT_OK,connected page graph,yes,no,2373,2373,54,54,157,157,,yes,yes
/product-launch-catering-dubai,yes,REMETA;ADD_FAQ;ALT_OK,connected page graph,yes,no,1676,1676,54,54,110,110,,yes,yes
/allergy-safe-catering-dubai,yes,ADD_FAQ;ALT_OK,connected page graph,yes,no,1580,1580,36,36,146,146,,yes,yes
/apartment-private-dining-dubai,yes,ADD_FAQ;ALT_OK,connected page graph,yes,no,2090,2090,58,58,136,136,,yes,yes
/best-catering-companies-dubai,yes,REMETA;ADD_FAQ;ADD_SCHEMA:Service;ALT_OK,connected page graph,yes,no,1942,1942,54,54,145,145,,yes,yes
/chef-training-academy,yes,ADD_FAQ;ADD_LINKS;ALT_OK,connected page graph,yes,no,706,706,51,51,150,150,,yes,yes
/chefs-table-dubai,yes,ADD_FAQ;ALT_OK,connected page graph,yes,no,2093,2093,51,51,145,145,,yes,yes
/corporate-dinner-package-dubai,yes,REMETA;ADD_FAQ;ALT_OK,connected page graph,yes,no,1731,1731,54,54,141,141,,yes,yes
/corporate-retainer-dubai,yes,REMETA;ADD_FAQ;ADD_SCHEMA:Organization;ALT_OK,connected page graph,yes,no,1608,1608,42,42,145,145,,yes,yes
/desert-dining-dubai,yes,ADD_FAQ;ALT_OK,connected page graph,yes,no,2318,2318,51,51,145,145,,yes,yes
/founding-customer-offer,yes,ADD_LINKS;ALT_OK,connected page graph,yes,no,715,715,51,51,155,155,,yes,yes
/full-time-private-chef-dubai,yes,REMETA;ADD_FAQ;ADD_SCHEMA:Organization;ALT_OK,connected page graph,yes,no,4381,4381,57,57,151,151,,yes,yes
/grazing-table-dubai,yes,REMETA;ADD_FAQ;ALT_OK,connected page graph,yes,no,2857,2857,52,52,157,157,,yes,yes
/halal-private-dining-dubai,yes,ADD_FAQ;ALT_OK,connected page graph,yes,no,2471,2471,35,35,149,149,,yes,yes
/influencer-partnerships,yes,ADD_LINKS;ALT_OK,connected page graph,yes,no,742,742,43,43,142,142,,yes,yes
/live-cooking-stations-dubai,yes,REMETA;ADD_FAQ;ALT_OK,connected page graph,yes,no,2966,2966,59,59,153,153,,yes,yes
/loyalty-programme,yes,REMETA;ADD_LINKS;ALT_OK,connected page graph,yes,no,637,637,33,33,112,112,,yes,yes
/mychef-certified,yes,ADD_LINKS;ALT_OK,connected page graph,yes,no,796,796,31,31,139,139,,yes,yes
/mychef-membership,yes,ADD_LINKS;ALT_OK,connected page graph,yes,no,723,723,50,50,150,150,,yes,yes
/part-time-private-chef-dubai,yes,REMETA;ADD_FAQ;ADD_SCHEMA:Service;ADD_SCHEMA:Organization;ALT_OK,service schema; connected page graph,yes,no,2175,2175,60,60,156,156,,yes,yes
/partners,yes,RETITLE;REMETA;REH1;EXPAND;ADD_LINKS;ALT_OK,practical content; contextual links; connected page graph,yes,yes,185,623,52,52,154,154,/catering-dubai; /full-time-private-chef-dubai,yes,yes
/partners/concierge-services-dubai,yes,EXPAND;ADD_LINKS;ALT_OK,practical content; contextual links; connected page graph,yes,no,321,744,45,45,146,146,/catering-packages-dubai; /how-we-vet-our-chefs; /luxury-dining-experiences,yes,yes
/partners/event-planners-dubai,yes,EXPAND;ADD_LINKS;ALT_OK,practical content; contextual links; connected page graph,yes,no,290,699,41,41,132,132,/corporate-catering-checklist-dubai; /events; /wedding-catering-checklist-dubai,yes,yes
/partners/villa-rentals-dubai,yes,EXPAND;ADD_LINKS;ALT_OK,practical content; contextual links; connected page graph,yes,no,312,756,40,40,155,155,/private-chef-dubai/short-term-chef; /villas-private-residences,yes,yes
/partners/yacht-charters-dubai,yes,EXPAND;ADD_LINKS;ALT_OK,practical content; contextual links; connected page graph,yes,no,303,727,41,41,140,140,/bar-services-dubai; /blog/three-hour-yacht-party-food-timeline-dubai; /yachts,yes,yes
/proposal-dinner-dubai,yes,ADD_FAQ;ALT_OK,connected page graph,yes,no,2229,2229,60,60,152,152,,yes,yes
/quality-guarantee-dubai,yes,ALT_OK;NONE,connected page graph,yes,no,2344,2344,41,41,151,151,,yes,yes
/referral-programme,yes,REMETA;REH1;EXPAND;ADD_LINKS;ALT_OK,practical content; contextual links; connected page graph,yes,yes,344,791,33,33,158,158,/catering-dubai; /partner-with-us; /private-chef-dubai,yes,yes
/trust-and-programs,yes,REMETA;REH1;EXPAND;ADD_LINKS;ALT_OK,practical content; contextual links; connected page graph,yes,yes,278,722,34,34,160,160,/full-time-private-chef-dubai; /how-we-vet-our-chefs; /private-chef-vs-catering-dubai,yes,yes
/wellness-meal-prep-dubai,yes,REMETA;ADD_FAQ;ADD_SCHEMA:Service;ALT_OK,service schema; connected page graph,yes,no,2171,2171,57,57,159,159,,yes,yes
/blog/best-private-chef-birthday-dinner-dubai,yes,RETITLE;ADD_LINKS;ALT_OK,connected page graph,yes,no,3100,3100,47,47,154,154,,yes,yes
/blog/brunch-at-home-dubai,yes,REMETA;ADD_LINKS;ALT_OK,connected page graph,yes,no,717,717,46,46,140,140,,yes,yes
/blog/corporate-catering-full-service-vs-drop-off,yes,ADD_LINKS;ALT_OK,connected page graph,yes,no,1954,1954,48,48,153,153,,yes,yes
/blog/corporate-event-catering-ideas-dubai,yes,REMETA;ADD_LINKS;ALT_OK,connected page graph,yes,no,1657,1657,45,45,151,151,,yes,yes
/blog/dubai-school-food-rules-2026,yes,REMETA;EXPAND;ADD_LINKS;ALT_OK,practical content; connected page graph,yes,yes,520,822,37,37,145,145,,yes,yes
/blog/grazing-table-vs-buffet-dubai,yes,RETITLE;REMETA;ADD_LINKS;ALT_OK,connected page graph,yes,no,642,642,53,53,141,141,,yes,yes
/blog/how-far-ahead-book-caterer-dubai,yes,REMETA;ADD_LINKS;ALT_OK,connected page graph,yes,no,1654,1654,51,51,134,134,,yes,yes
/blog/how-much-does-private-chef-cost-dubai,yes,REMETA;ADD_LINKS;ALT_OK,connected page graph,yes,yes,2912,2912,52,52,147,147,,yes,yes
/blog/how-to-hire-a-private-chef-dubai,yes,REMETA;ADD_LINKS;ALT_OK,connected page graph,yes,no,2225,2225,41,41,143,143,,yes,yes
/blog/nursery-meals-vs-packed-lunch-dubai,yes,RETITLE;REMETA;EXPAND;ADD_LINKS;ALT_OK,practical content; connected page graph,yes,yes,473,767,44,44,150,150,,yes,yes
/blog/nut-free-halal-nursery-meals-dubai,yes,REMETA;EXPAND;ADD_LINKS;ALT_OK,practical content; connected page graph,yes,no,531,835,37,37,150,150,,yes,yes
/blog/private-chef-palm-jumeirah-guide,yes,ADD_LINKS;ALT_OK,connected page graph,yes,no,3140,3140,43,43,153,153,,yes,yes
/blog/wedding-catering-cost-dubai,yes,ADD_LINKS;ALT_OK,connected page graph,yes,no,3429,3429,41,41,154,154,,yes,yes
/blog/yacht-party-menu-ideas-dubai,yes,ADD_LINKS;ALT_OK,connected page graph,yes,no,1374,1374,37,37,135,135,,yes,yes
/blog/catering-for-embassies-in-dubai-complete-guide,yes,RETITLE;REMETA;REH1;ADD_LINKS;ALT_OK,title; article breadcrumb; connected page graph,yes,yes,2542,2542,61,55,159,159,,yes,yes
/blog/private-chefs-for-new-parents-in-dubai-complete-guide,yes,RETITLE;REMETA;REH1;ADD_LINKS;ALT_OK,practical content; contextual links; article breadcrumb; connected page graph,yes,yes,2431,2519,59,59,154,154,/full-time-private-chef-dubai; /part-time-private-chef-dubai; /private-chef-dubai/pricing; /weekly-meal-prep-dubai,yes,yes
/blog/catering-for-film-and-tv-productions-in-dubai-complete-guide,yes,RETITLE;REMETA;REH1;ADD_LINKS;ALT_OK,title; description; article breadcrumb; connected page graph,yes,yes,2537,2537,61,49,162,150,,yes,yes
/blog/mychef-vs-chef-maison-which-is-better-in,yes,ADD_LINKS;ALT_OK,article breadcrumb; connected page graph,yes,yes,1641,1641,56,56,150,150,,yes,yes
/blog/mychef-vs-cateringindubai-which-is-better-in,yes,ADD_LINKS;ALT_OK,article breadcrumb; connected page graph,yes,yes,1927,1927,59,59,151,151,,yes,yes
/blog/best-gluten-free-catering-companies-in-dubai,yes,REMETA;ADD_LINKS;ALT_OK,article breadcrumb; connected page graph,yes,yes,2111,2111,60,60,151,151,,yes,yes
/blog/cateringindubai-alternatives-in,yes,ADD_LINKS;ALT_OK,article breadcrumb; connected page graph,yes,yes,1935,1935,59,59,154,154,,yes,yes
/blog/private-chefs-for-expat-families-in-dubai-complete-guide,yes,RETITLE;REMETA;REH1;ADD_LINKS;ALT_OK,practical content; contextual links; article breadcrumb; connected page graph,yes,yes,2568,2647,59,59,156,156,/blog/private-chef-trial-dubai; /full-time-private-chef-dubai; /private-chef-dubai/live-in-chef; /private-chef-dubai/live-out-chef,yes,yes
/blog/catering-for-real-estate-open-houses-in-dubai-complete-guide,yes,RETITLE;REMETA;REH1;ADD_LINKS;ALT_OK,title; article breadcrumb; connected page graph,yes,yes,2533,2533,62,51,157,157,,yes,yes
/blog/mychef-vs-dish-ae-which-is-better-in,yes,RETITLE;REMETA;ADD_LINKS;ALT_OK,title; article breadcrumb; connected page graph,yes,yes,2631,2631,64,51,158,158,,yes,yes
/blog/best-home-catering-services-in-dubai,yes,RETITLE;REMETA;REH1;ADD_LINKS;ALT_OK,article breadcrumb; connected page graph,yes,yes,2443,2443,57,57,160,160,,yes,yes
/blog/mychef-vs-monchef-which-is-better-in,yes,RETITLE;ADD_LINKS;ALT_OK,article breadcrumb; connected page graph,yes,yes,2608,2608,58,58,154,154,,yes,yes
/blog/mychef-vs-taste-studio-which-is-better-in,yes,ADD_LINKS;ALT_OK,article breadcrumb; connected page graph,yes,yes,1859,1859,56,56,148,148,,yes,yes
/blog/best-private-chefs-in-dubai-for-home-dining,yes,RETITLE;REMETA;REH1;ADD_LINKS;ALT_OK,title; article breadcrumb; connected page graph,yes,yes,1447,1447,67,56,151,151,,yes,yes
/blog/mychef-vs-pinch-gourmet-which-is-better-in,yes,ADD_LINKS;ALT_OK,article breadcrumb; connected page graph,yes,yes,1927,1927,57,57,143,143,,yes,yes
/blog/smart-catering-alternatives-in,yes,ADD_LINKS;ALT_OK,article breadcrumb; connected page graph,yes,yes,2144,2144,59,59,150,150,,yes,yes
/blog/take-a-chef-alternatives-in,yes,REMETA;ADD_LINKS;ALT_OK,article breadcrumb; connected page graph,yes,yes,2314,2314,56,56,157,157,,yes,yes
/blog/cateringdubai-ae-alternatives-in,yes,ADD_LINKS;ALT_OK,article breadcrumb; connected page graph,yes,yes,2435,2435,54,54,154,154,,yes,yes
/blog/dish-ae-alternatives-in,yes,RETITLE;ADD_LINKS;ALT_OK,title; article breadcrumb; connected page graph,yes,yes,2276,2276,62,54,155,155,,yes,yes
/blog/best-cozymeal-alternatives-for-private-dining-in-dubai,yes,REMETA;REH1;ADD_LINKS;ALT_OK,article breadcrumb; connected page graph,yes,yes,2476,2476,53,53,157,157,,yes,yes
/blog/taste-studio-alternatives-in,yes,ADD_LINKS;ALT_OK,article breadcrumb; connected page graph,yes,yes,2328,2328,60,60,155,155,,yes,yes
/blog/pinch-gourmet-alternatives-in,yes,ADD_LINKS;ALT_OK,article breadcrumb; connected page graph,yes,yes,2440,2440,52,52,151,151,,yes,yes
/blog/cedar-tree-catering-alternatives-in,yes,REMETA;ADD_LINKS;ALT_OK,article breadcrumb; connected page graph,yes,yes,2406,2406,56,56,157,157,,yes,yes
/blog/monchef-alternatives-in,yes,ADD_LINKS;ALT_OK,article breadcrumb; connected page graph,yes,yes,2133,2133,59,59,155,155,,yes,yes
/blog/chef-maison-alternatives-in,yes,ADD_LINKS;ALT_OK,article breadcrumb; connected page graph,yes,yes,2088,2088,58,58,150,150,,yes,yes
/blog/buffet-layout-planning-dubai,yes,REMETA;ADD_LINKS;ALT_OK,article breadcrumb; connected page graph,yes,no,2334,2334,59,59,151,151,,yes,yes
/blog/canape-reception-planning-dubai,yes,REMETA;ADD_LINKS;ALT_OK,article breadcrumb; connected page graph,yes,no,2201,2201,43,43,151,151,,yes,yes
/blog/christmas-lunch-at-home-planning-dubai,yes,REMETA;ADD_LINKS;ALT_OK,article breadcrumb; connected page graph,yes,no,2282,2282,57,57,154,154,,yes,yes
/blog/compare-catering-quotes-dubai,yes,REMETA;ADD_LINKS;ALT_OK,article breadcrumb; connected page graph,yes,yes,2223,2223,48,48,152,152,,yes,yes
/blog/dinner-party-timeline-dubai,yes,REMETA;ADD_LINKS;ALT_OK,article breadcrumb; connected page graph,yes,no,2341,2341,55,55,151,151,,yes,yes
/blog/diwali-party-at-home-planning-dubai,yes,REMETA;ADD_LINKS;ALT_OK,article breadcrumb; connected page graph,yes,no,2314,2314,56,56,154,154,,yes,yes
/blog/household-menu-brief-dubai,yes,REMETA;ADD_LINKS;ALT_OK,article breadcrumb; connected page graph,yes,yes,2365,2365,51,51,155,155,,yes,yes
/blog/kids-and-adults-party-menu-dubai,yes,REMETA;ADD_LINKS;ALT_OK,article breadcrumb; connected page graph,yes,yes,2284,2284,53,53,150,150,,yes,yes
/blog/mixed-diet-dinner-party-dubai,yes,REMETA;ADD_LINKS;ALT_OK,article breadcrumb; connected page graph,yes,yes,2493,2493,58,58,157,157,,yes,yes
/blog/office-breakfast-planning-dubai,yes,REMETA;ADD_LINKS;ALT_OK,article breadcrumb; connected page graph,yes,no,2264,2264,43,43,156,156,,yes,yes
/blog/outdoor-villa-catering-kitchen-dubai,yes,REMETA;ADD_LINKS;ALT_OK,article breadcrumb; connected page graph,yes,yes,2304,2304,57,57,153,153,,yes,yes
/blog/private-chef-kitchen-preparation-dubai,yes,REMETA;ADD_LINKS;ALT_OK,article breadcrumb; connected page graph,yes,no,2298,2298,50,50,147,147,,yes,yes
/blog/private-chef-trial-dubai,yes,REMETA;ADD_LINKS;ALT_OK,article breadcrumb; connected page graph,yes,no,2358,2358,54,54,150,150,,yes,yes
/blog/three-hour-yacht-party-food-timeline-dubai,yes,REMETA;REH1;ADD_LINKS;ALT_OK,article breadcrumb; connected page graph,yes,yes,2273,2273,54,54,154,154,,yes,yes
/blog/wedding-menu-tasting-dubai,yes,REMETA;ADD_LINKS;ALT_OK,article breadcrumb; connected page graph,yes,no,2355,2355,56,56,156,156,,yes,yes
/blog/best-cocktail-party-catering-companies-in-dubai,yes,REMETA;REH1;ADD_LINKS;ALT_OK,article breadcrumb; connected page graph,yes,yes,2366,2366,58,58,151,151,,yes,yes
/blog/best-drop-off-catering-services-in-dubai,yes,REMETA;REH1;ADD_LINKS;ALT_OK,article breadcrumb; connected page graph,yes,yes,2043,2043,55,55,150,150,,yes,yes
/blog/best-desert-dining-catering-companies-in-dubai,yes,REMETA;ADD_LINKS;ALT_OK,article breadcrumb; connected page graph,yes,yes,2259,2259,60,60,159,159,,yes,yes
/blog/best-private-cooking-class-experiences-in-dubai,yes,RETITLE;REMETA;ADD_LINKS;ALT_OK,title; description; H1; article breadcrumb; connected page graph,yes,yes,2115,2116,46,56,139,151,,yes,yes
/blog/best-bbq-catering-companies-in-dubai,yes,RETITLE;REMETA;ADD_LINKS;ALT_OK,title; description; article breadcrumb; connected page graph,yes,no,1962,1962,61,45,179,151,,yes,yes
/blog/best-corporate-lunch-catering-companies-in-dubai,yes,RETITLE;REMETA;REH1;ADD_LINKS;ALT_OK,description; article breadcrumb; connected page graph,yes,yes,1773,1773,50,50,140,146,,yes,yes
/blog/best-grazing-table-catering-companies-in-dubai,yes,RETITLE;REMETA;ADD_LINKS;ALT_OK,title; description; article breadcrumb; connected page graph,yes,yes,1957,1957,45,55,138,152,,yes,yes
/blog/best-ramadan-iftar-catering-companies-in-dubai,yes,RETITLE;REMETA;ADD_LINKS;ALT_OK,title; description; article breadcrumb; connected page graph,yes,yes,1943,1943,52,55,130,149,,yes,yes
/blog/best-kids-birthday-party-caterers-in-dubai,yes,RETITLE;REMETA;REH1;ADD_LINKS;ALT_OK,title; description; article breadcrumb; connected page graph,yes,yes,1929,1929,64,55,183,150,,yes,yes
/blog/best-yacht-catering-services-in-dubai,yes,RETITLE;REMETA;REH1;ADD_LINKS;ALT_OK,title; description; article breadcrumb; connected page graph,yes,yes,1952,1952,62,47,158,144,,yes,yes
/blog/best-vegan-catering-services-in-dubai,yes,RETITLE;REMETA;ADD_LINKS;ALT_OK,description; article breadcrumb; connected page graph,yes,no,1937,1937,47,47,130,151,,yes,yes
/blog/best-corporate-event-catering-companies-in-dubai,yes,RETITLE;REMETA;ADD_LINKS;ALT_OK,title; description; article breadcrumb; connected page graph,yes,yes,1949,1949,48,51,140,150,,yes,yes
/blog/best-luxury-private-dining-experiences-in-dubai,yes,RETITLE;REMETA;ADD_LINKS;ALT_OK,title; description; H1; article breadcrumb; connected page graph,yes,yes,2104,2105,53,56,142,149,,yes,yes
/blog/best-arabic-catering-companies-in-dubai,yes,RETITLE;REMETA;ADD_LINKS;ALT_OK,title; description; article breadcrumb; connected page graph,yes,yes,1968,1968,45,48,131,147,,yes,yes
/blog/best-brunch-catering-services-in-dubai,yes,RETITLE;REMETA;ADD_LINKS;ALT_OK,description; article breadcrumb; connected page graph,yes,no,1959,1959,48,48,131,152,,yes,yes
/blog/best-halal-catering-companies-in-dubai,yes,RETITLE;REMETA;ADD_LINKS;ALT_OK,title; description; article breadcrumb; connected page graph,yes,yes,1770,1770,44,47,130,148,,yes,yes
/blog/best-private-chefs-for-villas-in-dubai,yes,RETITLE;REMETA;ADD_LINKS;ALT_OK,description; article breadcrumb; connected page graph,yes,no,2104,2104,47,47,135,152,,yes,yes
/blog/best-wedding-catering-companies-in-dubai,yes,RETITLE;REMETA;ADD_LINKS;ALT_OK,title; description; article breadcrumb; connected page graph,yes,no,1878,1878,60,49,167,145,,yes,yes
