path,indexation,html_status,page_change,shared_loading_change
/about,indexable,automatically checked; no structural or internal-link errors,Approved customer copy retained.,Catering design data and scroll plugin loaded only where needed.
/afternoon-tea-catering-dubai,indexable,automatically checked; no structural or internal-link errors,Approved customer copy retained.,Catering design data and scroll plugin loaded only where needed.
/allergy-safe-catering-dubai,indexable,automatically checked; no structural or internal-link errors,Approved customer copy retained.,Catering design data and scroll plugin loaded only where needed.
/apartment-private-dining-dubai,indexable,automatically checked; no structural or internal-link errors,Approved customer copy retained.,Catering design data and scroll plugin loaded only where needed.
/arabic-catering-dubai,indexable,automatically checked; no structural or internal-link errors,Approved customer copy retained.,Catering design data and scroll plugin loaded only where needed.
/asian-catering-dubai,noindex support,automatically checked; no structural or internal-link errors,Approved customer copy retained.,Catering design data and scroll plugin loaded only where needed.
/baby-shower-catering-dubai,indexable,automatically checked; no structural or internal-link errors,Approved customer copy retained.,Catering design data and scroll plugin loaded only where needed.
/bar-services-dubai,indexable,automatically checked; no structural or internal-link errors,Approved customer copy retained.,Catering design data and scroll plugin loaded only where needed.
/bbq-catering-dubai,indexable,automatically checked; no structural or internal-link errors,Approved customer copy retained.,Catering design data and scroll plugin loaded only where needed.
/become-a-mychef,indexable,automatically checked; no structural or internal-link errors,Approved customer copy retained.,Catering design data and scroll plugin loaded only where needed.
/best-catering-companies-dubai,indexable,automatically checked; no structural or internal-link errors,Approved customer copy retained.,Catering design data and scroll plugin loaded only where needed.
/birthday-catering-dubai,indexable,automatically checked; no structural or internal-link errors,Approved customer copy retained.,Catering design data and scroll plugin loaded only where needed.
/birthday-catering-package-dubai,noindex support,automatically checked; no structural or internal-link errors,Approved customer copy retained.,Catering design data and scroll plugin loaded only where needed.
/blog/best-arabic-catering-companies-in-dubai,indexable,automatically checked; no structural or internal-link errors,Approved customer copy retained.,Catering design data and scroll plugin loaded only where needed.
/blog/best-bbq-catering-companies-in-dubai,indexable,automatically checked; no structural or internal-link errors,Approved customer copy retained.,Catering design data and scroll plugin loaded only where needed.
/blog/best-brunch-catering-services-in-dubai,indexable,automatically checked; no structural or internal-link errors,Approved customer copy retained.,Catering design data and scroll plugin loaded only where needed.
/blog/best-cocktail-party-catering-companies-in-dubai,indexable,automatically checked; no structural or internal-link errors,Approved customer copy retained.,Catering design data and scroll plugin loaded only where needed.
/blog/best-corporate-event-catering-companies-in-dubai,indexable,automatically checked; no structural or internal-link errors,Approved customer copy retained.,Catering design data and scroll plugin loaded only where needed.
/blog/best-corporate-lunch-catering-companies-in-dubai,indexable,automatically checked; no structural or internal-link errors,Approved customer copy retained.,Catering design data and scroll plugin loaded only where needed.
/blog/best-cozymeal-alternatives-for-private-dining-in-dubai,indexable,automatically checked; no structural or internal-link errors,Authored links updated to current destinations.,Catering design data and scroll plugin loaded only where needed.
/blog/best-desert-dining-catering-companies-in-dubai,indexable,automatically checked; no structural or internal-link errors,Approved customer copy retained.,Catering design data and scroll plugin loaded only where needed.
/blog/best-drop-off-catering-services-in-dubai,indexable,automatically checked; no structural or internal-link errors,Approved customer copy retained.,Catering design data and scroll plugin loaded only where needed.
/blog/best-gluten-free-catering-companies-in-dubai,indexable,automatically checked; no structural or internal-link errors,Authored links updated to current destinations.,Catering design data and scroll plugin loaded only where needed.
/blog/best-grazing-table-catering-companies-in-dubai,indexable,automatically checked; no structural or internal-link errors,Approved customer copy retained.,Catering design data and scroll plugin loaded only where needed.
/blog/best-halal-catering-companies-in-dubai,indexable,automatically checked; no structural or internal-link errors,Approved customer copy retained.,Catering design data and scroll plugin loaded only where needed.
/blog/best-home-catering-services-in-dubai,indexable,automatically checked; no structural or internal-link errors,Approved customer copy retained.,Catering design data and scroll plugin loaded only where needed.
/blog/best-kids-birthday-party-caterers-in-dubai,indexable,automatically checked; no structural or internal-link errors,Approved customer copy retained.,Catering design data and scroll plugin loaded only where needed.
/blog/best-luxury-private-dining-experiences-in-dubai,indexable,automatically checked; no structural or internal-link errors,Approved customer copy retained.,Catering design data and scroll plugin loaded only where needed.
/blog/best-private-chef-birthday-dinner-dubai,indexable,automatically checked; no structural or internal-link errors,Approved customer copy retained.,Catering design data and scroll plugin loaded only where needed.
/blog/best-private-chefs-for-villas-in-dubai,indexable,automatically checked; no structural or internal-link errors,Approved customer copy retained.,Catering design data and scroll plugin loaded only where needed.
/blog/best-private-chefs-in-dubai-for-home-dining,indexable,automatically checked; no structural or internal-link errors,Approved customer copy retained.,Catering design data and scroll plugin loaded only where needed.
/blog/best-private-cooking-class-experiences-in-dubai,indexable,automatically checked; no structural or internal-link errors,Approved customer copy retained.,Catering design data and scroll plugin loaded only where needed.
/blog/best-ramadan-iftar-catering-companies-in-dubai,indexable,automatically checked; no structural or internal-link errors,Approved customer copy retained.,Catering design data and scroll plugin loaded only where needed.
/blog/best-vegan-catering-services-in-dubai,indexable,automatically checked; no structural or internal-link errors,Approved customer copy retained.,Catering design data and scroll plugin loaded only where needed.
/blog/best-wedding-catering-companies-in-dubai,indexable,automatically checked; no structural or internal-link errors,Approved customer copy retained.,Catering design data and scroll plugin loaded only where needed.
/blog/best-yacht-catering-services-in-dubai,indexable,automatically checked; no structural or internal-link errors,Approved customer copy retained.,Catering design data and scroll plugin loaded only where needed.
/blog/brunch-at-home-dubai,indexable,automatically checked; no structural or internal-link errors,Approved customer copy retained.,Catering design data and scroll plugin loaded only where needed.
/blog/buffet-layout-planning-dubai,indexable,automatically checked; no structural or internal-link errors,Approved customer copy retained.,Catering design data and scroll plugin loaded only where needed.
/blog/canape-reception-planning-dubai,indexable,automatically checked; no structural or internal-link errors,Approved customer copy retained.,Catering design data and scroll plugin loaded only where needed.
/blog/catering-for-embassies-in-dubai-complete-guide,indexable,automatically checked; no structural or internal-link errors,Explicit service owner for enquiry and WhatsApp handoff.,Catering design data and scroll plugin loaded only where needed.
/blog/catering-for-film-and-tv-productions-in-dubai-complete-guide,indexable,automatically checked; no structural or internal-link errors,Explicit service owner for enquiry and WhatsApp handoff.,Catering design data and scroll plugin loaded only where needed.
/blog/catering-for-real-estate-open-houses-in-dubai-complete-guide,indexable,automatically checked; no structural or internal-link errors,Authored links updated to current destinations. Explicit service owner for enquiry and WhatsApp handoff.,Catering design data and scroll plugin loaded only where needed.
/blog/cateringdubai-ae-alternatives-in,indexable,automatically checked; no structural or internal-link errors,Authored links updated to current destinations.,Catering design data and scroll plugin loaded only where needed.
/blog/cateringindubai-alternatives-in,indexable,automatically checked; no structural or internal-link errors,Authored links updated to current destinations.,Catering design data and scroll plugin loaded only where needed.
/blog/cedar-tree-catering-alternatives-in,indexable,automatically checked; no structural or internal-link errors,Authored links updated to current destinations.,Catering design data and scroll plugin loaded only where needed.
/blog/chef-maison-alternatives-in,indexable,automatically checked; no structural or internal-link errors,Authored links updated to current destinations.,Catering design data and scroll plugin loaded only where needed.
/blog/christmas-lunch-at-home-planning-dubai,indexable,automatically checked; no structural or internal-link errors,Approved customer copy retained.,Catering design data and scroll plugin loaded only where needed.
/blog/compare-catering-quotes-dubai,indexable,automatically checked; no structural or internal-link errors,Approved customer copy retained.,Catering design data and scroll plugin loaded only where needed.
/blog/corporate-catering-full-service-vs-drop-off,indexable,automatically checked; no structural or internal-link errors,Approved customer copy retained.,Catering design data and scroll plugin loaded only where needed.
/blog/corporate-event-catering-ideas-dubai,indexable,automatically checked; no structural or internal-link errors,Approved customer copy retained.,Catering design data and scroll plugin loaded only where needed.
/blog/desert-dinner-party-dubai,noindex support,automatically checked; no structural or internal-link errors,Approved customer copy retained.,Catering design data and scroll plugin loaded only where needed.
/blog/dinner-party-menu-ideas-dubai,noindex support,automatically checked; no structural or internal-link errors,Approved customer copy retained.,Catering design data and scroll plugin loaded only where needed.
/blog/dinner-party-timeline-dubai,indexable,automatically checked; no structural or internal-link errors,Approved customer copy retained.,Catering design data and scroll plugin loaded only where needed.
/blog/dish-ae-alternatives-in,indexable,automatically checked; no structural or internal-link errors,Authored links updated to current destinations.,Catering design data and scroll plugin loaded only where needed.
/blog/diwali-party-at-home-planning-dubai,indexable,automatically checked; no structural or internal-link errors,Approved customer copy retained.,Catering design data and scroll plugin loaded only where needed.
/blog/dubai-school-food-rules-2026,indexable,automatically checked; no structural or internal-link errors,Approved customer copy retained.,Catering design data and scroll plugin loaded only where needed.
/blog/grazing-table-vs-buffet-dubai,indexable,automatically checked; no structural or internal-link errors,Approved customer copy retained.,Catering design data and scroll plugin loaded only where needed.
/blog/halal-private-dining-dubai-what-to-ask,noindex support,automatically checked; no structural or internal-link errors,Approved customer copy retained.,Catering design data and scroll plugin loaded only where needed.
/blog/household-menu-brief-dubai,indexable,automatically checked; no structural or internal-link errors,Approved customer copy retained.,Catering design data and scroll plugin loaded only where needed.
/blog/how-far-ahead-book-caterer-dubai,indexable,automatically checked; no structural or internal-link errors,Approved customer copy retained.,Catering design data and scroll plugin loaded only where needed.
/blog/how-much-does-private-chef-cost-dubai,indexable,automatically checked; no structural or internal-link errors,Approved customer copy retained.,Catering design data and scroll plugin loaded only where needed.
/blog/how-to-hire-a-private-chef-dubai,indexable,automatically checked; no structural or internal-link errors,Approved customer copy retained.,Catering design data and scroll plugin loaded only where needed.
/blog/iftar-at-home-dubai,noindex support,automatically checked; no structural or internal-link errors,Approved customer copy retained.,Catering design data and scroll plugin loaded only where needed.
/blog,indexable,automatically checked; no structural or internal-link errors,Approved customer copy retained.,Catering design data and scroll plugin loaded only where needed.
/blog/kids-and-adults-party-menu-dubai,indexable,automatically checked; no structural or internal-link errors,Approved customer copy retained.,Catering design data and scroll plugin loaded only where needed.
/blog/mixed-diet-dinner-party-dubai,indexable,automatically checked; no structural or internal-link errors,Approved customer copy retained.,Catering design data and scroll plugin loaded only where needed.
/blog/monchef-alternatives-in,indexable,automatically checked; no structural or internal-link errors,Authored links updated to current destinations.,Catering design data and scroll plugin loaded only where needed.
/blog/mychef-vs-cateringindubai-which-is-better-in,indexable,automatically checked; no structural or internal-link errors,Authored links updated to current destinations.,Catering design data and scroll plugin loaded only where needed.
/blog/mychef-vs-chef-maison-which-is-better-in,indexable,automatically checked; no structural or internal-link errors,Authored links updated to current destinations.,Catering design data and scroll plugin loaded only where needed.
/blog/mychef-vs-dish-ae-which-is-better-in,indexable,automatically checked; no structural or internal-link errors,Explicit service owner for enquiry and WhatsApp handoff.,Catering design data and scroll plugin loaded only where needed.
/blog/mychef-vs-monchef-which-is-better-in,indexable,automatically checked; no structural or internal-link errors,Approved customer copy retained.,Catering design data and scroll plugin loaded only where needed.
/blog/mychef-vs-pinch-gourmet-which-is-better-in,indexable,automatically checked; no structural or internal-link errors,Authored links updated to current destinations.,Catering design data and scroll plugin loaded only where needed.
/blog/mychef-vs-taste-studio-which-is-better-in,indexable,automatically checked; no structural or internal-link errors,Authored links updated to current destinations.,Catering design data and scroll plugin loaded only where needed.
/blog/nursery-meals-vs-packed-lunch-dubai,indexable,automatically checked; no structural or internal-link errors,Approved customer copy retained.,Catering design data and scroll plugin loaded only where needed.
/blog/nut-free-halal-nursery-meals-dubai,indexable,automatically checked; no structural or internal-link errors,Approved customer copy retained.,Catering design data and scroll plugin loaded only where needed.
/blog/nye-party-catering-dubai,noindex support,automatically checked; no structural or internal-link errors,Approved customer copy retained.,Catering design data and scroll plugin loaded only where needed.
/blog/office-breakfast-planning-dubai,indexable,automatically checked; no structural or internal-link errors,Approved customer copy retained.,Catering design data and scroll plugin loaded only where needed.
/blog/outdoor-villa-catering-kitchen-dubai,indexable,automatically checked; no structural or internal-link errors,Approved customer copy retained.,Catering design data and scroll plugin loaded only where needed.
/blog/pinch-gourmet-alternatives-in,indexable,automatically checked; no structural or internal-link errors,Authored links updated to current destinations.,Catering design data and scroll plugin loaded only where needed.
/blog/private-chef-date-night-dubai,noindex support,automatically checked; no structural or internal-link errors,Approved customer copy retained.,Catering design data and scroll plugin loaded only where needed.
/blog/private-chef-kitchen-preparation-dubai,indexable,automatically checked; no structural or internal-link errors,Approved customer copy retained.,Catering design data and scroll plugin loaded only where needed.
/blog/private-chef-palm-jumeirah-guide,indexable,automatically checked; no structural or internal-link errors,Approved customer copy retained.,Catering design data and scroll plugin loaded only where needed.
/blog/private-chef-trial-dubai,indexable,automatically checked; no structural or internal-link errors,Approved customer copy retained.,Catering design data and scroll plugin loaded only where needed.
/blog/private-chef-vs-restaurant-dubai,noindex support,automatically checked; no structural or internal-link errors,Approved customer copy retained.,Catering design data and scroll plugin loaded only where needed.
/blog/private-chefs-for-expat-families-in-dubai-complete-guide,indexable,automatically checked; no structural or internal-link errors,Authored links updated to current destinations. Explicit service owner for enquiry and WhatsApp handoff.,Catering design data and scroll plugin loaded only where needed.
/blog/private-chefs-for-new-parents-in-dubai-complete-guide,indexable,automatically checked; no structural or internal-link errors,Authored links updated to current destinations. Explicit service owner for enquiry and WhatsApp handoff.,Catering design data and scroll plugin loaded only where needed.
/blog/ramadan-iftar-catering-trends-2026,noindex support,automatically checked; no structural or internal-link errors,Approved customer copy retained.,Catering design data and scroll plugin loaded only where needed.
/blog/smart-catering-alternatives-in,indexable,automatically checked; no structural or internal-link errors,Authored links updated to current destinations.,Catering design data and scroll plugin loaded only where needed.
/blog/take-a-chef-alternatives-in,indexable,automatically checked; no structural or internal-link errors,Authored links updated to current destinations.,Catering design data and scroll plugin loaded only where needed.
/blog/taste-studio-alternatives-in,indexable,automatically checked; no structural or internal-link errors,Authored links updated to current destinations.,Catering design data and scroll plugin loaded only where needed.
/blog/three-hour-yacht-party-food-timeline-dubai,indexable,automatically checked; no structural or internal-link errors,Approved customer copy retained.,Catering design data and scroll plugin loaded only where needed.
/blog/topic/celebrations,noindex support,automatically checked; no structural or internal-link errors,Approved customer copy retained.,Catering design data and scroll plugin loaded only where needed.
/blog/topic/corporate,noindex support,automatically checked; no structural or internal-link errors,Approved customer copy retained.,Catering design data and scroll plugin loaded only where needed.
/blog/topic/institutional,noindex support,automatically checked; no structural or internal-link errors,Approved customer copy retained.,Catering design data and scroll plugin loaded only where needed.
/blog/topic/menus-dietary,noindex support,automatically checked; no structural or internal-link errors,Approved customer copy retained.,Catering design data and scroll plugin loaded only where needed.
/blog/topic/outdoor,noindex support,automatically checked; no structural or internal-link errors,Approved customer copy retained.,Catering design data and scroll plugin loaded only where needed.
/blog/topic/private-chef,noindex support,automatically checked; no structural or internal-link errors,Approved customer copy retained.,Catering design data and scroll plugin loaded only where needed.
/blog/topic/seasonal,noindex support,automatically checked; no structural or internal-link errors,Approved customer copy retained.,Catering design data and scroll plugin loaded only where needed.
/blog/vegan-catering-dubai-guide,noindex support,automatically checked; no structural or internal-link errors,Approved customer copy retained.,Catering design data and scroll plugin loaded only where needed.
/blog/wedding-catering-cost-dubai,indexable,automatically checked; no structural or internal-link errors,Approved customer copy retained.,Catering design data and scroll plugin loaded only where needed.
/blog/wedding-menu-tasting-dubai,indexable,automatically checked; no structural or internal-link errors,Approved customer copy retained.,Catering design data and scroll plugin loaded only where needed.
/blog/weekly-meal-prep-vs-full-time-chef-dubai,noindex support,automatically checked; no structural or internal-link errors,Approved customer copy retained.,Catering design data and scroll plugin loaded only where needed.
/blog/yacht-party-menu-ideas-dubai,indexable,automatically checked; no structural or internal-link errors,Approved customer copy retained.,Catering design data and scroll plugin loaded only where needed.
/booking-protection-insurance,indexable,automatically checked; no structural or internal-link errors,Approved customer copy retained.,Catering design data and scroll plugin loaded only where needed.
/brand-activation-catering-dubai,indexable,automatically checked; no structural or internal-link errors,Approved customer copy retained.,Catering design data and scroll plugin loaded only where needed.
/breakfast-catering-dubai,indexable,automatically checked; no structural or internal-link errors,Approved customer copy retained.,Catering design data and scroll plugin loaded only where needed.
/brunch-catering-dubai,indexable,automatically checked; no structural or internal-link errors,Approved customer copy retained.,Catering design data and scroll plugin loaded only where needed.
/buffet-catering-dubai,indexable,automatically checked; no structural or internal-link errors,Approved customer copy retained.,Catering design data and scroll plugin loaded only where needed.
/buffet-vs-plated-dubai,indexable,automatically checked; no structural or internal-link errors,Approved customer copy retained.,Catering design data and scroll plugin loaded only where needed.
/business-lunch-catering-dubai,indexable,automatically checked; no structural or internal-link errors,Approved customer copy retained.,Catering design data and scroll plugin loaded only where needed.
/canape-catering-dubai,indexable,automatically checked; no structural or internal-link errors,Approved customer copy retained.,Catering design data and scroll plugin loaded only where needed.
/canteen-management-dubai,indexable,automatically checked; no structural or internal-link errors,Approved customer copy retained.,Catering design data and scroll plugin loaded only where needed.
/case-studies,indexable,automatically checked; no structural or internal-link errors,Approved customer copy retained.,Catering design data and scroll plugin loaded only where needed.
/catering-cost-calculator-dubai,indexable,automatically checked; no structural or internal-link errors,Approved customer copy retained.,Catering design data and scroll plugin loaded only where needed.
/catering-dubai,indexable,automatically checked; no structural or internal-link errors,Approved customer copy retained.,Catering design data and scroll plugin loaded only where needed.
/catering-packages-dubai,indexable,automatically checked; no structural or internal-link errors,Approved customer copy retained.,Catering design data and scroll plugin loaded only where needed.
/chef-training-academy,indexable,automatically checked; no structural or internal-link errors,Approved customer copy retained.,Catering design data and scroll plugin loaded only where needed.
/chefs/ahmed-executive-chef,indexable,automatically checked; no structural or internal-link errors,Approved customer copy retained.,Catering design data and scroll plugin loaded only where needed.
/chefs/layla-middle-eastern-chef,indexable,automatically checked; no structural or internal-link errors,Approved customer copy retained.,Catering design data and scroll plugin loaded only where needed.
/chefs/marco-italian-chef,indexable,automatically checked; no structural or internal-link errors,Approved customer copy retained.,Catering design data and scroll plugin loaded only where needed.
/chefs/matteo-pastry-chef,indexable,automatically checked; no structural or internal-link errors,Approved customer copy retained.,Catering design data and scroll plugin loaded only where needed.
/chefs-table-dubai,indexable,automatically checked; no structural or internal-link errors,Approved customer copy retained.,Catering design data and scroll plugin loaded only where needed.
/christmas-catering-dubai,indexable,automatically checked; no structural or internal-link errors,Approved customer copy retained.,Catering design data and scroll plugin loaded only where needed.
/cocktail-party-catering-dubai,indexable,automatically checked; no structural or internal-link errors,Approved customer copy retained.,Catering design data and scroll plugin loaded only where needed.
/conference-catering-dubai,indexable,automatically checked; no structural or internal-link errors,Approved customer copy retained.,Catering design data and scroll plugin loaded only where needed.
/contact,indexable,automatically checked; no structural or internal-link errors,Approved customer copy retained.,Catering design data and scroll plugin loaded only where needed.
/corporate,indexable,automatically checked; no structural or internal-link errors,Approved customer copy retained.,Catering design data and scroll plugin loaded only where needed.
/corporate-booking-terms,noindex support,automatically checked; no structural or internal-link errors,Approved customer copy retained.,Catering design data and scroll plugin loaded only where needed.
/corporate-catering-checklist-dubai,indexable,automatically checked; no structural or internal-link errors,Approved customer copy retained.,Catering design data and scroll plugin loaded only where needed.
/corporate-dinner-package-dubai,indexable,automatically checked; no structural or internal-link errors,Approved customer copy retained.,Catering design data and scroll plugin loaded only where needed.
/corporate-event-catering-dubai,indexable,automatically checked; no structural or internal-link errors,Approved customer copy retained.,Catering design data and scroll plugin loaded only where needed.
/corporate-retainer-dubai,indexable,automatically checked; no structural or internal-link errors,Approved customer copy retained.,Catering design data and scroll plugin loaded only where needed.
/cuisines-dubai,indexable,automatically checked; no structural or internal-link errors,Approved customer copy retained.,Catering design data and scroll plugin loaded only where needed.
/date-night-package-dubai,noindex support,automatically checked; no structural or internal-link errors,Approved customer copy retained.,Catering design data and scroll plugin loaded only where needed.
/desert-dining-dubai,indexable,automatically checked; no structural or internal-link errors,Approved customer copy retained.,Catering design data and scroll plugin loaded only where needed.
/dessert-table-catering-dubai,indexable,automatically checked; no structural or internal-link errors,Approved customer copy retained.,Catering design data and scroll plugin loaded only where needed.
/diwali-catering-dubai,indexable,automatically checked; no structural or internal-link errors,Approved customer copy retained.,Catering design data and scroll plugin loaded only where needed.
/drop-off-catering-dubai,indexable,automatically checked; no structural or internal-link errors,Approved customer copy retained.,Catering design data and scroll plugin loaded only where needed.
/dubai-catering-prices-guide,indexable,automatically checked; no structural or internal-link errors,Approved customer copy retained.,Catering design data and scroll plugin loaded only where needed.
/dubai-event-catering-price-guide-2026,indexable,automatically checked; no structural or internal-link errors,Approved customer copy retained.,Catering design data and scroll plugin loaded only where needed.
/dubai-food-trends-report-2026,indexable,automatically checked; no structural or internal-link errors,Approved customer copy retained.,Catering design data and scroll plugin loaded only where needed.
/eid-catering-dubai,indexable,automatically checked; no structural or internal-link errors,Approved customer copy retained.,Catering design data and scroll plugin loaded only where needed.
/engagement-catering-dubai,indexable,automatically checked; no structural or internal-link errors,Approved customer copy retained.,Catering design data and scroll plugin loaded only where needed.
/events,indexable,automatically checked; no structural or internal-link errors,Approved customer copy retained.,Catering design data and scroll plugin loaded only where needed.
/exhibition-catering-dubai,indexable,automatically checked; no structural or internal-link errors,Approved customer copy retained.,Catering design data and scroll plugin loaded only where needed.
/family-feast-package-dubai,noindex support,automatically checked; no structural or internal-link errors,Approved customer copy retained.,Catering design data and scroll plugin loaded only where needed.
/faq,indexable,automatically checked; no structural or internal-link errors,Approved customer copy retained.,Catering design data and scroll plugin loaded only where needed.
/festive-catering-dubai,indexable,automatically checked; no structural or internal-link errors,Approved customer copy retained.,Catering design data and scroll plugin loaded only where needed.
/fitness-meal-prep-dubai,noindex support,automatically checked; no structural or internal-link errors,Approved customer copy retained.,Catering design data and scroll plugin loaded only where needed.
/founding-customer-offer,indexable,automatically checked; no structural or internal-link errors,Approved customer copy retained.,Catering design data and scroll plugin loaded only where needed.
/full-time-private-chef-dubai,indexable,automatically checked; no structural or internal-link errors,Approved customer copy retained.,Catering design data and scroll plugin loaded only where needed.
/gala-dinner-catering-dubai,indexable,automatically checked; no structural or internal-link errors,Approved customer copy retained.,Catering design data and scroll plugin loaded only where needed.
/gallery,indexable,automatically checked; no structural or internal-link errors,Approved customer copy retained.,Catering design data and scroll plugin loaded only where needed.
/gift-cards,noindex support,automatically checked; no structural or internal-link errors,Approved customer copy retained.,Catering design data and scroll plugin loaded only where needed.
/grazing-table-dubai,indexable,automatically checked; no structural or internal-link errors,Approved customer copy retained.,Catering design data and scroll plugin loaded only where needed.
/guide/private-dining-dubai,indexable,automatically checked; no structural or internal-link errors,Approved customer copy retained.,Catering design data and scroll plugin loaded only where needed.
/guides,indexable,automatically checked; no structural or internal-link errors,Approved customer copy retained.,Catering design data and scroll plugin loaded only where needed.
/halal-catering-dubai,indexable,automatically checked; no structural or internal-link errors,Approved customer copy retained.,Catering design data and scroll plugin loaded only where needed.
/halal-private-dining-dubai,indexable,automatically checked; no structural or internal-link errors,Approved customer copy retained.,Catering design data and scroll plugin loaded only where needed.
/hospital-catering-dubai,indexable,automatically checked; no structural or internal-link errors,Approved customer copy retained.,Catering design data and scroll plugin loaded only where needed.
/how-it-works,indexable,automatically checked; no structural or internal-link errors,Approved customer copy retained.,Catering design data and scroll plugin loaded only where needed.
/how-to-choose-caterer-dubai,indexable,automatically checked; no structural or internal-link errors,Approved customer copy retained.,Catering design data and scroll plugin loaded only where needed.
/how-we-vet-our-chefs,indexable,automatically checked; no structural or internal-link errors,Approved customer copy retained.,Catering design data and scroll plugin loaded only where needed.
/iftar-catering-dubai,indexable,automatically checked; no structural or internal-link errors,Approved customer copy retained.,Catering design data and scroll plugin loaded only where needed.
/,indexable,automatically checked; no structural or internal-link errors,Approved customer copy retained.,Catering design data and scroll plugin loaded only where needed.
/indian-catering-dubai,indexable,automatically checked; no structural or internal-link errors,Approved customer copy retained.,Catering design data and scroll plugin loaded only where needed.
/influencer-partnerships,indexable,automatically checked; no structural or internal-link errors,Approved customer copy retained.,Catering design data and scroll plugin loaded only where needed.
/inquiry,noindex support,automatically checked; no structural or internal-link errors,Approved customer copy retained.,Catering design data and scroll plugin loaded only where needed.
/institutional-catering-dubai,indexable,automatically checked; no structural or internal-link errors,Approved customer copy retained.,Catering design data and scroll plugin loaded only where needed.
/italian-catering-dubai,indexable,automatically checked; no structural or internal-link errors,Approved customer copy retained.,Catering design data and scroll plugin loaded only where needed.
/jain-catering-dubai,noindex support,automatically checked; no structural or internal-link errors,Approved customer copy retained.,Catering design data and scroll plugin loaded only where needed.
/kids-nutrition-chef-dubai,noindex support,automatically checked; no structural or internal-link errors,Approved customer copy retained.,Catering design data and scroll plugin loaded only where needed.
/live-cooking-stations-dubai,indexable,automatically checked; no structural or internal-link errors,Approved customer copy retained.,Catering design data and scroll plugin loaded only where needed.
/locations/al-barsha,indexable,automatically checked; no structural or internal-link errors,Approved customer copy retained.,Catering design data and scroll plugin loaded only where needed.
/locations/arabian-ranches,noindex support,automatically checked; no structural or internal-link errors,Approved customer copy retained.,Catering design data and scroll plugin loaded only where needed.
/locations/bluewaters-island,noindex support,automatically checked; no structural or internal-link errors,Approved customer copy retained.,Catering design data and scroll plugin loaded only where needed.
/locations/business-bay,noindex support,automatically checked; no structural or internal-link errors,Approved customer copy retained.,Catering design data and scroll plugin loaded only where needed.
/locations/difc,indexable,automatically checked; no structural or internal-link errors,Approved customer copy retained.,Catering design data and scroll plugin loaded only where needed.
/locations/downtown-dubai,noindex support,automatically checked; no structural or internal-link errors,Approved customer copy retained.,Catering design data and scroll plugin loaded only where needed.
/locations/dubai-hills,noindex support,automatically checked; no structural or internal-link errors,Approved customer copy retained.,Catering design data and scroll plugin loaded only where needed.
/locations/dubai-marina,noindex support,automatically checked; no structural or internal-link errors,Approved customer copy retained.,Catering design data and scroll plugin loaded only where needed.
/locations/emirates-hills,noindex support,automatically checked; no structural or internal-link errors,Approved customer copy retained.,Catering design data and scroll plugin loaded only where needed.
/locations,indexable,automatically checked; no structural or internal-link errors,Approved customer copy retained.,Catering design data and scroll plugin loaded only where needed.
/locations/jbr,indexable,automatically checked; no structural or internal-link errors,Approved customer copy retained.,Catering design data and scroll plugin loaded only where needed.
/locations/jlt,indexable,automatically checked; no structural or internal-link errors,Approved customer copy retained.,Catering design data and scroll plugin loaded only where needed.
/locations/jumeirah,noindex support,automatically checked; no structural or internal-link errors,Approved customer copy retained.,Catering design data and scroll plugin loaded only where needed.
/locations/jvc,noindex support,automatically checked; no structural or internal-link errors,Approved customer copy retained.,Catering design data and scroll plugin loaded only where needed.
/locations/palm-jumeirah,noindex support,automatically checked; no structural or internal-link errors,Approved customer copy retained.,Catering design data and scroll plugin loaded only where needed.
/locations/umm-suqeim,noindex support,automatically checked; no structural or internal-link errors,Approved customer copy retained.,Catering design data and scroll plugin loaded only where needed.
/loyalty-programme,indexable,automatically checked; no structural or internal-link errors,Approved customer copy retained.,Catering design data and scroll plugin loaded only where needed.
/luxury-dining-experiences,indexable,automatically checked; no structural or internal-link errors,Approved customer copy retained.,Catering design data and scroll plugin loaded only where needed.
/luxury-dinner-planning-guide-dubai,noindex support,automatically checked; no structural or internal-link errors,Approved customer copy retained.,Catering design data and scroll plugin loaded only where needed.
/mediterranean-catering-dubai,indexable,automatically checked; no structural or internal-link errors,Approved customer copy retained.,Catering design data and scroll plugin loaded only where needed.
/menus,indexable,automatically checked; no structural or internal-link errors,Approved customer copy retained.,Catering design data and scroll plugin loaded only where needed.
/mychef-certified,indexable,automatically checked; no structural or internal-link errors,Approved customer copy retained.,Catering design data and scroll plugin loaded only where needed.
/mychef-membership,indexable,automatically checked; no structural or internal-link errors,Approved customer copy retained.,Catering design data and scroll plugin loaded only where needed.
/mystery-dining-dubai,noindex support,automatically checked; no structural or internal-link errors,Approved customer copy retained.,Catering design data and scroll plugin loaded only where needed.
/new-year-catering-dubai,indexable,automatically checked; no structural or internal-link errors,Approved customer copy retained.,Catering design data and scroll plugin loaded only where needed.
/nursery-catering-dubai,indexable,automatically checked; no structural or internal-link errors,Approved customer copy retained.,Catering design data and scroll plugin loaded only where needed.
/office-catering-dubai,indexable,automatically checked; no structural or internal-link errors,Approved customer copy retained.,Catering design data and scroll plugin loaded only where needed.
/our-chefs,indexable,automatically checked; no structural or internal-link errors,Approved customer copy retained.,Catering design data and scroll plugin loaded only where needed.
/part-time-private-chef-dubai,indexable,automatically checked; no structural or internal-link errors,Approved customer copy retained.,Catering design data and scroll plugin loaded only where needed.
/partner-with-us,indexable,automatically checked; no structural or internal-link errors,Approved customer copy retained.,Catering design data and scroll plugin loaded only where needed.
/partners/concierge-services-dubai,indexable,automatically checked; no structural or internal-link errors,Approved customer copy retained.,Catering design data and scroll plugin loaded only where needed.
/partners/event-planners-dubai,indexable,automatically checked; no structural or internal-link errors,Approved customer copy retained.,Catering design data and scroll plugin loaded only where needed.
/partners,indexable,automatically checked; no structural or internal-link errors,Approved customer copy retained.,Catering design data and scroll plugin loaded only where needed.
/partners/villa-rentals-dubai,indexable,automatically checked; no structural or internal-link errors,Approved customer copy retained.,Catering design data and scroll plugin loaded only where needed.
/partners/yacht-charters-dubai,indexable,automatically checked; no structural or internal-link errors,Approved customer copy retained.,Catering design data and scroll plugin loaded only where needed.
/postpartum-meal-prep-dubai,noindex support,automatically checked; no structural or internal-link errors,Approved customer copy retained.,Catering design data and scroll plugin loaded only where needed.
/press,indexable,automatically checked; no structural or internal-link errors,Approved customer copy retained.,Catering design data and scroll plugin loaded only where needed.
/privacy-policy,noindex support,automatically checked; no structural or internal-link errors,Approved customer copy retained.,Catering design data and scroll plugin loaded only where needed.
/private-chef-dubai/how-it-works,indexable,automatically checked; no structural or internal-link errors,Approved customer copy retained.,Catering design data and scroll plugin loaded only where needed.
/private-chef-dubai/how-your-plan-works,noindex support,automatically checked; no structural or internal-link errors,Approved customer copy retained.,Catering design data and scroll plugin loaded only where needed.
/private-chef-dubai,indexable,automatically checked; no structural or internal-link errors,"Sticky section links and enquiry FAQ added; restored hero, prices and service model retained.",Catering design data and scroll plugin loaded only where needed.
/private-chef-dubai/live-in-chef,indexable,automatically checked; no structural or internal-link errors,Approved customer copy retained.,Catering design data and scroll plugin loaded only where needed.
/private-chef-dubai/live-out-chef,indexable,automatically checked; no structural or internal-link errors,Approved customer copy retained.,Catering design data and scroll plugin loaded only where needed.
/private-chef-dubai/our-chefs,noindex support,automatically checked; no structural or internal-link errors,Approved customer copy retained.,Catering design data and scroll plugin loaded only where needed.
/private-chef-dubai/pricing,indexable,automatically checked; no structural or internal-link errors,Approved customer copy retained.,Catering design data and scroll plugin loaded only where needed.
/private-chef-dubai/privacy-security,noindex support,automatically checked; no structural or internal-link errors,Approved customer copy retained.,Catering design data and scroll plugin loaded only where needed.
/private-chef-dubai/quality-training,noindex support,automatically checked; no structural or internal-link errors,Approved customer copy retained.,Catering design data and scroll plugin loaded only where needed.
/private-chef-dubai/short-term-chef,indexable,automatically checked; no structural or internal-link errors,Approved customer copy retained.,Catering design data and scroll plugin loaded only where needed.
/private-chef-vs-catering-dubai,indexable,automatically checked; no structural or internal-link errors,Approved customer copy retained.,Catering design data and scroll plugin loaded only where needed.
/private-client-booking-terms,noindex support,automatically checked; no structural or internal-link errors,Approved customer copy retained.,Catering design data and scroll plugin loaded only where needed.
/private-cooking-classes-dubai,indexable,automatically checked; no structural or internal-link errors,Approved customer copy retained.,Catering design data and scroll plugin loaded only where needed.
/private-jet-catering-dubai,noindex support,automatically checked; no structural or internal-link errors,Approved customer copy retained.,Catering design data and scroll plugin loaded only where needed.
/private-party-catering-dubai,indexable,automatically checked; no structural or internal-link errors,Approved customer copy retained.,Catering design data and scroll plugin loaded only where needed.
/product-launch-catering-dubai,indexable,automatically checked; no structural or internal-link errors,Approved customer copy retained.,Catering design data and scroll plugin loaded only where needed.
/production-catering-dubai,indexable,automatically checked; no structural or internal-link errors,Approved customer copy retained.,Catering design data and scroll plugin loaded only where needed.
/proposal-dinner-dubai,indexable,automatically checked; no structural or internal-link errors,Approved customer copy retained.,Catering design data and scroll plugin loaded only where needed.
/quality-guarantee-dubai,indexable,automatically checked; no structural or internal-link errors,Approved customer copy retained.,Catering design data and scroll plugin loaded only where needed.
/ramadan-catering-dubai,indexable,automatically checked; no structural or internal-link errors,Approved customer copy retained.,Catering design data and scroll plugin loaded only where needed.
/ramadan-catering-guide-dubai,noindex support,automatically checked; no structural or internal-link errors,Approved customer copy retained.,Catering design data and scroll plugin loaded only where needed.
/referral-programme,indexable,automatically checked; no structural or internal-link errors,Approved customer copy retained.,Catering design data and scroll plugin loaded only where needed.
/review,noindex support,automatically checked; no structural or internal-link errors,Approved customer copy retained.,Catering design data and scroll plugin loaded only where needed.
/romantic-dinner-dubai,indexable,automatically checked; no structural or internal-link errors,Approved customer copy retained.,Catering design data and scroll plugin loaded only where needed.
/school-catering-dubai,indexable,automatically checked; no structural or internal-link errors,Approved customer copy retained.,Catering design data and scroll plugin loaded only where needed.
/site-map,noindex support,automatically checked; no structural or internal-link errors,Approved customer copy retained.,Catering design data and scroll plugin loaded only where needed.
/staff-meals-catering-dubai,indexable,automatically checked; no structural or internal-link errors,Approved customer copy retained.,Catering design data and scroll plugin loaded only where needed.
/sushi-catering-dubai,indexable,automatically checked; no structural or internal-link errors,Approved customer copy retained.,Catering design data and scroll plugin loaded only where needed.
/tasting-menu-dubai,noindex support,automatically checked; no structural or internal-link errors,Approved customer copy retained.,Catering design data and scroll plugin loaded only where needed.
/terms,noindex support,automatically checked; no structural or internal-link errors,Approved customer copy retained.,Catering design data and scroll plugin loaded only where needed.
/tourist-villa-chef-dubai,noindex support,automatically checked; no structural or internal-link errors,Approved customer copy retained.,Catering design data and scroll plugin loaded only where needed.
/trust-and-programs,indexable,automatically checked; no structural or internal-link errors,Approved customer copy retained.,Catering design data and scroll plugin loaded only where needed.
/uae-national-day-catering-dubai,noindex support,automatically checked; no structural or internal-link errors,Approved customer copy retained.,Catering design data and scroll plugin loaded only where needed.
/vegan-catering-dubai,indexable,automatically checked; no structural or internal-link errors,Approved customer copy retained.,Catering design data and scroll plugin loaded only where needed.
/vegetarian-catering-dubai,indexable,automatically checked; no structural or internal-link errors,Approved customer copy retained.,Catering design data and scroll plugin loaded only where needed.
/venue-partners,indexable,automatically checked; no structural or internal-link errors,Approved customer copy retained.,Catering design data and scroll plugin loaded only where needed.
/villa-catering-ideas-dubai,indexable,automatically checked; no structural or internal-link errors,Approved customer copy retained.,Catering design data and scroll plugin loaded only where needed.
/villas-private-residences,indexable,automatically checked; no structural or internal-link errors,Approved customer copy retained.,Catering design data and scroll plugin loaded only where needed.
/vip-club,indexable,automatically checked; no structural or internal-link errors,Approved customer copy retained.,Catering design data and scroll plugin loaded only where needed.
/wedding-catering-checklist-dubai,indexable,automatically checked; no structural or internal-link errors,Approved customer copy retained.,Catering design data and scroll plugin loaded only where needed.
/wedding-catering-dubai,indexable,automatically checked; no structural or internal-link errors,Approved customer copy retained.,Catering design data and scroll plugin loaded only where needed.
/wedding-catering-menu-planning-dubai,indexable,automatically checked; no structural or internal-link errors,Approved customer copy retained.,Catering design data and scroll plugin loaded only where needed.
/weekly-meal-prep-dubai,indexable,automatically checked; no structural or internal-link errors,Approved customer copy retained.,Catering design data and scroll plugin loaded only where needed.
/wellness-meal-prep-dubai,indexable,automatically checked; no structural or internal-link errors,Approved customer copy retained.,Catering design data and scroll plugin loaded only where needed.
/yachts,indexable,automatically checked; no structural or internal-link errors,Approved customer copy retained.,Catering design data and scroll plugin loaded only where needed.
