id,url,keyword,saved_status,current_decision,reason
2026-09-14-053,/partners/yacht-charters-dubai,dubai marina yacht dinner cruise,open,do not apply template,Dinner cruise intent does not describe a B2B yacht catering partnership.
2026-09-14-022,/wellness-meal-prep-dubai,monthly healthy meal plan dubai for weight loss,open,do not apply template,Do not imply a prescribed weight-loss result or force a long exact search phrase.
2026-09-14-025,/blog/desert-dinner-party-dubai,private dinner in the desert dubai,open,defer exact-phrase insertion,Current copy covers the topic naturally. The old missing-phrase template alone is insufficient evidence to change approved copy; retain the primary owner and service facts.
2026-09-14-026,/blog/dinner-party-menu-ideas-dubai,casual dinner party menu ideas,open,defer exact-phrase insertion,Current copy covers the topic naturally. The old missing-phrase template alone is insufficient evidence to change approved copy; retain the primary owner and service facts.
2026-09-14-029,/blog/iftar-at-home-dubai,iftar buffet menu dubai,open,defer exact-phrase insertion,Current copy covers the topic naturally. The old missing-phrase template alone is insufficient evidence to change approved copy; retain the primary owner and service facts.
2026-09-14-030,/blog/nye-party-catering-dubai,party catering ideas,open,defer exact-phrase insertion,Current copy covers the topic naturally. The old missing-phrase template alone is insufficient evidence to change approved copy; retain the primary owner and service facts.
2026-09-14-031,/blog/private-chef-vs-restaurant-dubai,private chef vs personal chef,open,do not apply template,A private-versus-personal chef definition is distinct from the restaurant comparison.
2026-09-14-033,/blog/weekly-meal-prep-vs-full-time-chef-dubai,meal prep private chef,open,defer exact-phrase insertion,Current copy covers the topic naturally. The old missing-phrase template alone is insufficient evidence to change approved copy; retain the primary owner and service facts.
2026-09-14-035,/chefs/layla-middle-eastern-chef,arabic food names in dubai,open,do not apply template,Food-name research does not describe choosing a household chef.
2026-09-14-036,/chefs/marco-italian-chef,italian food supplier dubai,open,do not apply template,Supplier intent does not describe hiring an Italian chef.
2026-09-14-037,/corporate-catering-checklist-dubai,catering checklist for events,open,defer exact-phrase insertion,Current copy covers the topic naturally. The old missing-phrase template alone is insufficient evidence to change approved copy; retain the primary owner and service facts.
2026-09-14-038,/corporate-dinner-package-dubai,dubai dinner cruise deals,open,already present,The proposed phrase is in the current rendered page. No duplicate insertion.
2026-09-14-041,/fitness-meal-prep-dubai,bodybuilding meal prep dubai,open,already present,The proposed phrase is in the current rendered page. No duplicate insertion.
2026-09-14-042,/how-we-vet-our-chefs,find a private chef,open,defer exact-phrase insertion,Current copy covers the topic naturally. The old missing-phrase template alone is insufficient evidence to change approved copy; retain the primary owner and service facts.
2026-09-14-043,/locations/al-barsha,iftar buffet dubai al barsha,open,retain parked policy,The page remains noindex by the current parked-URL contract; no keyword activation.
2026-09-14-001,/catering-dubai,catering service in dubai,accepted,retain prior accepted decision,This September proposal is historical; do not rerun a rejected change or duplicate a previously accepted edit.
2026-09-14-002,/catering-dubai,catering dubai,rejected,retain prior rejected decision,This September proposal is historical; do not rerun a rejected change or duplicate a previously accepted edit.
2026-09-14-005,/private-chef-dubai,private chef dubai,rejected,retain prior rejected decision,This September proposal is historical; do not rerun a rejected change or duplicate a previously accepted edit.
2026-09-14-003,/our-chefs,private chefs dubai,rejected,retain prior rejected decision,This September proposal is historical; do not rerun a rejected change or duplicate a previously accepted edit.
2026-09-14-012,/corporate,corporate catering dubai,rejected,retain prior rejected decision,This September proposal is historical; do not rerun a rejected change or duplicate a previously accepted edit.
2026-09-14-018,/yachts,yacht catering dubai,accepted,retain prior accepted decision,This September proposal is historical; do not rerun a rejected change or duplicate a previously accepted edit.
2026-09-14-004,/private-chef-dubai,private chef dubai,rejected,retain prior rejected decision,This September proposal is historical; do not rerun a rejected change or duplicate a previously accepted edit.
2026-09-14-017,/yachts,yacht catering dubai,rejected,retain prior rejected decision,This September proposal is historical; do not rerun a rejected change or duplicate a previously accepted edit.
2026-09-14-020,/wedding-catering-dubai,wedding catering dubai,rejected,retain prior rejected decision,This September proposal is historical; do not rerun a rejected change or duplicate a previously accepted edit.
2026-09-14-047,/locations/palm-jumeirah,business lunch palm jumeirah,accepted,retain prior accepted decision,This September proposal is historical; do not rerun a rejected change or duplicate a previously accepted edit.
2026-09-14-016,/office-catering-dubai,office catering dubai,rejected,retain prior rejected decision,This September proposal is historical; do not rerun a rejected change or duplicate a previously accepted edit.
2026-09-14-007,/guide/private-dining-dubai,private dining dubai,rejected,retain prior rejected decision,This September proposal is historical; do not rerun a rejected change or duplicate a previously accepted edit.
2026-09-14-014,/birthday-catering-dubai,birthday catering dubai,rejected,retain prior rejected decision,This September proposal is historical; do not rerun a rejected change or duplicate a previously accepted edit.
2026-09-14-010,/events,event catering dubai,rejected,retain prior rejected decision,This September proposal is historical; do not rerun a rejected change or duplicate a previously accepted edit.
2026-09-14-019,/wedding-catering-dubai,wedding catering dubai,rejected,retain prior rejected decision,This September proposal is historical; do not rerun a rejected change or duplicate a previously accepted edit.
2026-09-14-015,/office-catering-dubai,office catering dubai,rejected,retain prior rejected decision,This September proposal is historical; do not rerun a rejected change or duplicate a previously accepted edit.
2026-09-14-006,/guide/private-dining-dubai,private dining dubai,rejected,retain prior rejected decision,This September proposal is historical; do not rerun a rejected change or duplicate a previously accepted edit.
2026-09-14-021,/arabic-catering-dubai,lebanese catering dubai,accepted,retain prior accepted decision,This September proposal is historical; do not rerun a rejected change or duplicate a previously accepted edit.
2026-09-14-024,/apartment-private-dining-dubai,chef to chef dubai,rejected,retain prior rejected decision,This September proposal is historical; do not rerun a rejected change or duplicate a previously accepted edit.
2026-09-14-032,/blog/vegan-catering-dubai-guide,vegan menu plan,rejected,retain prior rejected decision,This September proposal is historical; do not rerun a rejected change or duplicate a previously accepted edit.
2026-09-14-044,/locations/dubai-hills,dubai hills business lunch,rejected,retain prior rejected decision,This September proposal is historical; do not rerun a rejected change or duplicate a previously accepted edit.
2026-09-14-048,/luxury-dinner-planning-guide-dubai,luxury dinner cruise dubai marina,rejected,retain prior rejected decision,This September proposal is historical; do not rerun a rejected change or duplicate a previously accepted edit.
2026-09-14-009,/events,event catering dubai,rejected,retain prior rejected decision,This September proposal is historical; do not rerun a rejected change or duplicate a previously accepted edit.
2026-09-14-039,/corporate-retainer-dubai,corporate catering companies in dubai,accepted,retain prior accepted decision,This September proposal is historical; do not rerun a rejected change or duplicate a previously accepted edit.
2026-09-14-040,/exhibition-catering-dubai,dubai food exhibition 2026,rejected,retain prior rejected decision,This September proposal is historical; do not rerun a rejected change or duplicate a previously accepted edit.
2026-09-14-008,/breakfast-catering-dubai,breakfast catering dubai,rejected,retain prior rejected decision,This September proposal is historical; do not rerun a rejected change or duplicate a previously accepted edit.
2026-09-14-011,/christmas-catering-dubai,christmas catering dubai,rejected,retain prior rejected decision,This September proposal is historical; do not rerun a rejected change or duplicate a previously accepted edit.
2026-09-14-023,/about,chef recruitment agencies in dubai,rejected,retain prior rejected decision,This September proposal is historical; do not rerun a rejected change or duplicate a previously accepted edit.
2026-09-14-027,/blog/grazing-table-vs-buffet-dubai,grazing table examples,accepted,retain prior accepted decision,This September proposal is historical; do not rerun a rejected change or duplicate a previously accepted edit.
2026-09-14-028,/blog/how-much-does-private-chef-cost-dubai,how much does a private chef charge,accepted,retain prior accepted decision,This September proposal is historical; do not rerun a rejected change or duplicate a previously accepted edit.
2026-09-14-034,/blog/yacht-party-menu-ideas-dubai,what food to bring to a boat party,accepted,retain prior accepted decision,This September proposal is historical; do not rerun a rejected change or duplicate a previously accepted edit.
