path,http_status,route_status,sitemap_present,canonical,robots,page_family,primary_keyword,paid_destination,editorial_review,visual_review,implementation
/,200,indexable,True,https://www.mychef.ae/,"index, follow",Brand / Homepage,mychef dubai,False,pending page-family review,not yet reviewed,kept: explicit homepage preservation lock
/catering-dubai,200,indexable,True,https://www.mychef.ae/catering-dubai,"index, follow",Catering,catering dubai,False,reported issues checked against current source and live HTML,desktop browser inspected; phone review pending,draft copy patch prepared; approval required
/birthday-catering-dubai,200,indexable,True,https://www.mychef.ae/birthday-catering-dubai,"index, follow",Private Events,birthday catering dubai,True,reported issues checked against current source and live HTML,desktop browser inspected; phone review pending,kept pending page-family approval
/yachts,200,indexable,True,https://www.mychef.ae/yachts,"index, follow",Private Chef,yacht catering dubai,True,reported issues checked against current source and live HTML,desktop browser inspected; phone review pending,kept pending page-family approval
/corporate,200,indexable,True,https://www.mychef.ae/corporate,"index, follow",Corporate Catering,corporate catering dubai,False,reported issues checked against current source and live HTML,desktop browser inspected; phone review pending,kept pending page-family approval
/corporate-event-catering-dubai,200,indexable,True,https://www.mychef.ae/corporate-event-catering-dubai,"index, follow",Corporate Catering,corporate event catering dubai,False,pending page-family review,not yet reviewed,kept pending page-family approval
/events,200,indexable,True,https://www.mychef.ae/events,"index, follow",Private Events,event catering dubai,False,pending page-family review,not yet reviewed,kept pending page-family approval
/blog/best-private-chef-birthday-dinner-dubai,200,indexable,True,https://www.mychef.ae/blog/best-private-chef-birthday-dinner-dubai,"index, follow",Blog and Guides,private chef for birthday dinner dubai,False,pending page-family review,not yet reviewed,kept pending page-family approval
/blog/best-private-chefs-for-villas-in-dubai,200,indexable,True,https://www.mychef.ae/blog/best-private-chefs-for-villas-in-dubai,"index, follow",Blog and Guides,best private chefs for villas in dubai,False,pending page-family review,not yet reviewed,kept pending page-family approval
/blog/how-much-does-private-chef-cost-dubai,200,indexable,True,https://www.mychef.ae/blog/how-much-does-private-chef-cost-dubai,"index, follow",Blog and Guides,how much does private chef cost dubai,False,pending page-family review,not yet reviewed,kept pending page-family approval
/blog/how-to-hire-a-private-chef-dubai,200,indexable,True,https://www.mychef.ae/blog/how-to-hire-a-private-chef-dubai,"index, follow",Blog and Guides,how to hire a private chef dubai,False,pending page-family review,not yet reviewed,kept pending page-family approval
/blog/private-chef-date-night-dubai,200,noindex support,False,https://www.mychef.ae/blog/private-chef-date-night-dubai,"noindex, follow",Blog and Guides,private chef date night dubai,False,pending page-family review,not yet reviewed,kept pending page-family approval
/blog/private-chef-kitchen-preparation-dubai,200,indexable,True,https://www.mychef.ae/blog/private-chef-kitchen-preparation-dubai,"index, follow",Blog and Guides,private chef kitchen preparation in dubai,False,pending page-family review,not yet reviewed,kept pending page-family approval
/blog/private-chef-palm-jumeirah-guide,200,indexable,True,https://www.mychef.ae/blog/private-chef-palm-jumeirah-guide,"index, follow",Blog and Guides,private dining palm jumeirah dubai,False,pending page-family review,not yet reviewed,kept pending page-family approval
/blog/private-chef-trial-dubai,200,indexable,True,https://www.mychef.ae/blog/private-chef-trial-dubai,"index, follow",Blog and Guides,private chef trial in dubai,False,pending page-family review,not yet reviewed,kept pending page-family approval
/blog/private-chef-vs-restaurant-dubai,200,noindex support,False,https://www.mychef.ae/blog/private-chef-vs-restaurant-dubai,"noindex, follow",Blog and Guides,private chef vs restaurant dubai,False,pending page-family review,not yet reviewed,kept pending page-family approval
/blog/topic/private-chef,200,noindex support,False,https://www.mychef.ae/blog/topic/private-chef,"noindex, follow",Blog,,False,pending page-family review,not yet reviewed,kept pending page-family approval
/blog/weekly-meal-prep-vs-full-time-chef-dubai,200,noindex support,False,https://www.mychef.ae/blog/weekly-meal-prep-vs-full-time-chef-dubai,"noindex, follow",Blog and Guides,meal prep vs private chef dubai,False,pending page-family review,not yet reviewed,kept pending page-family approval
/fitness-meal-prep-dubai,200,noindex support,False,https://www.mychef.ae/fitness-meal-prep-dubai,"noindex, follow",Private Chef,fitness meal prep dubai,False,pending page-family review,not yet reviewed,kept pending page-family approval
/full-time-private-chef-dubai,200,indexable,True,https://www.mychef.ae/full-time-private-chef-dubai,"index, follow",Private Chef,full time private chef dubai,False,pending page-family review,not yet reviewed,kept pending page-family approval
/part-time-private-chef-dubai,200,indexable,True,https://www.mychef.ae/part-time-private-chef-dubai,"index, follow",Private Chef,part time private chef dubai,False,pending page-family review,not yet reviewed,kept pending page-family approval
/postpartum-meal-prep-dubai,200,noindex support,False,https://www.mychef.ae/postpartum-meal-prep-dubai,"noindex, follow",Private Chef,postpartum meal prep dubai,False,pending page-family review,not yet reviewed,kept pending page-family approval
/private-chef-dubai,200,indexable,True,https://www.mychef.ae/private-chef-dubai,"index, follow",Private Chef,private chef dubai,False,pending page-family review,not yet reviewed,kept pending page-family approval
/private-chef-dubai/how-it-works,200,indexable,True,https://www.mychef.ae/private-chef-dubai/how-it-works,"index, follow",Private Chef,managed private chef service dubai,False,pending page-family review,not yet reviewed,kept pending page-family approval
/private-chef-dubai/how-your-plan-works,200,noindex support,False,https://www.mychef.ae/private-chef-dubai/how-your-plan-works,"noindex, follow",Private Chef,,False,pending page-family review,not yet reviewed,kept pending page-family approval
/private-chef-dubai/our-chefs,200,noindex support,False,https://www.mychef.ae/our-chefs,"noindex, follow",Private Chef,,False,pending page-family review,not yet reviewed,kept pending page-family approval
/private-chef-dubai/pricing,200,indexable,True,https://www.mychef.ae/private-chef-dubai/pricing,"index, follow",Private Chef,private chef dubai price,False,pending page-family review,not yet reviewed,kept pending page-family approval
/private-chef-dubai/privacy-security,200,noindex support,False,https://www.mychef.ae/private-chef-dubai/privacy-security,"noindex, follow",Private Chef,,False,pending page-family review,not yet reviewed,kept pending page-family approval
/private-chef-dubai/quality-training,200,noindex support,False,https://www.mychef.ae/private-chef-dubai/quality-training,"noindex, follow",Private Chef,,False,pending page-family review,not yet reviewed,kept pending page-family approval
/private-chef-vs-catering-dubai,200,indexable,True,https://www.mychef.ae/private-chef-vs-catering-dubai,"index, follow",Blog and Guides,private chef vs catering dubai,False,pending page-family review,not yet reviewed,kept pending page-family approval
/weekly-meal-prep-dubai,200,indexable,True,https://www.mychef.ae/weekly-meal-prep-dubai,"index, follow",Private Chef,meal prep dubai,False,pending page-family review,not yet reviewed,kept pending page-family approval
/wellness-meal-prep-dubai,200,indexable,True,https://www.mychef.ae/wellness-meal-prep-dubai,"index, follow",Private Chef,healthy meal prep dubai,False,pending page-family review,not yet reviewed,kept pending page-family approval
/blog/dubai-school-food-rules-2026,200,indexable,True,https://www.mychef.ae/blog/dubai-school-food-rules-2026,"index, follow",Blog and Guides,dubai school food rules 2026,False,pending page-family review,not yet reviewed,kept pending page-family approval
/blog/nursery-meals-vs-packed-lunch-dubai,200,indexable,True,https://www.mychef.ae/blog/nursery-meals-vs-packed-lunch-dubai,"index, follow",Blog and Guides,nursery provided meals vs packed lunch dubai,False,pending page-family review,not yet reviewed,kept pending page-family approval
/blog/nut-free-halal-nursery-meals-dubai,200,indexable,True,https://www.mychef.ae/blog/nut-free-halal-nursery-meals-dubai,"index, follow",Blog and Guides,nut-free nursery meals dubai,False,pending page-family review,not yet reviewed,kept pending page-family approval
/blog/topic/institutional,200,noindex support,False,https://www.mychef.ae/blog/topic/institutional,"noindex, follow",Blog,,False,pending page-family review,not yet reviewed,kept pending page-family approval
/canteen-management-dubai,200,indexable,True,https://www.mychef.ae/canteen-management-dubai,"index, follow",Institutional Catering,canteen management dubai,False,pending page-family review,not yet reviewed,kept pending page-family approval
/hospital-catering-dubai,200,indexable,True,https://www.mychef.ae/hospital-catering-dubai,"index, follow",Institutional Catering,hospital catering dubai,False,pending page-family review,not yet reviewed,kept pending page-family approval
/institutional-catering-dubai,200,indexable,True,https://www.mychef.ae/institutional-catering-dubai,"index, follow",Institutional Catering,institutional catering dubai,False,pending page-family review,not yet reviewed,kept pending page-family approval
/nursery-catering-dubai,200,indexable,True,https://www.mychef.ae/nursery-catering-dubai,"index, follow",Institutional Catering,nursery catering dubai,False,pending page-family review,not yet reviewed,kept pending page-family approval
/school-catering-dubai,200,indexable,True,https://www.mychef.ae/school-catering-dubai,"index, follow",Institutional Catering,school catering dubai,False,pending page-family review,not yet reviewed,kept pending page-family approval
/about,200,indexable,True,https://www.mychef.ae/about,"index, follow",Brand / Homepage,private chef company dubai,False,pending page-family review,not yet reviewed,kept pending page-family approval
/afternoon-tea-catering-dubai,200,indexable,True,https://www.mychef.ae/afternoon-tea-catering-dubai,"index, follow",Private Events,afternoon tea catering dubai,False,pending page-family review,not yet reviewed,kept pending page-family approval
/allergy-safe-catering-dubai,200,indexable,True,https://www.mychef.ae/allergy-safe-catering-dubai,"index, follow",Cuisines and Dietary,allergy safe catering dubai,False,pending page-family review,not yet reviewed,kept pending page-family approval
/apartment-private-dining-dubai,200,indexable,True,https://www.mychef.ae/apartment-private-dining-dubai,"index, follow",Dining Experiences,private chef for apartment dubai,False,pending page-family review,not yet reviewed,kept pending page-family approval
/arabic-catering-dubai,200,indexable,True,https://www.mychef.ae/arabic-catering-dubai,"index, follow",Cuisines and Dietary,arabic catering dubai,False,pending page-family review,not yet reviewed,kept pending page-family approval
/asian-catering-dubai,200,noindex support,False,https://www.mychef.ae/asian-catering-dubai,"noindex, follow",Cuisines and Dietary,asian catering dubai,False,pending page-family review,not yet reviewed,kept pending page-family approval
/baby-shower-catering-dubai,200,indexable,True,https://www.mychef.ae/baby-shower-catering-dubai,"index, follow",Private Events,baby shower catering dubai,False,pending page-family review,not yet reviewed,kept pending page-family approval
/bar-services-dubai,200,indexable,True,https://www.mychef.ae/bar-services-dubai,"index, follow",Catering,bar services dubai,False,pending page-family review,not yet reviewed,kept pending page-family approval
/bbq-catering-dubai,200,indexable,True,https://www.mychef.ae/bbq-catering-dubai,"index, follow",Catering,bbq catering dubai,False,pending page-family review,not yet reviewed,kept pending page-family approval
/become-a-mychef,200,indexable,True,https://www.mychef.ae/become-a-mychef,"index, follow",Partners / Recruit,private chef jobs dubai,False,pending page-family review,not yet reviewed,kept pending page-family approval
/best-catering-companies-dubai,200,indexable,True,https://www.mychef.ae/best-catering-companies-dubai,"index, follow",Catering,best catering companies dubai,False,pending page-family review,not yet reviewed,kept pending page-family approval
/birthday-catering-package-dubai,200,noindex support,False,https://www.mychef.ae/birthday-catering-package-dubai,"noindex, follow",Packages / Offers,birthday catering packages dubai,False,pending page-family review,not yet reviewed,kept pending page-family approval
/booking-protection-insurance,200,indexable,True,https://www.mychef.ae/booking-protection-insurance,"index, follow",Trust / Utility,catering cancellation policy dubai,False,pending page-family review,not yet reviewed,kept pending page-family approval
/brand-activation-catering-dubai,200,indexable,True,https://www.mychef.ae/brand-activation-catering-dubai,"index, follow",Corporate Catering,brand activation catering dubai,False,pending page-family review,not yet reviewed,kept pending page-family approval
/breakfast-catering-dubai,200,indexable,True,https://www.mychef.ae/breakfast-catering-dubai,"index, follow",Seasonal and Occasions,breakfast catering dubai,False,pending page-family review,not yet reviewed,kept pending page-family approval
/brunch-catering-dubai,200,indexable,True,https://www.mychef.ae/brunch-catering-dubai,"index, follow",Seasonal and Occasions,brunch catering dubai,False,pending page-family review,not yet reviewed,kept pending page-family approval
/buffet-catering-dubai,200,indexable,True,https://www.mychef.ae/buffet-catering-dubai,"index, follow",Catering,buffet catering dubai,False,pending page-family review,not yet reviewed,kept pending page-family approval
/buffet-vs-plated-dubai,200,indexable,True,https://www.mychef.ae/buffet-vs-plated-dubai,"index, follow",Blog and Guides,buffet vs plated dubai,False,pending page-family review,not yet reviewed,kept pending page-family approval
/business-lunch-catering-dubai,200,indexable,True,https://www.mychef.ae/business-lunch-catering-dubai,"index, follow",Corporate Catering,business lunch catering dubai,False,pending page-family review,not yet reviewed,kept pending page-family approval
/canape-catering-dubai,200,indexable,True,https://www.mychef.ae/canape-catering-dubai,"index, follow",Catering,canape catering dubai,False,pending page-family review,not yet reviewed,kept pending page-family approval
/case-studies,200,indexable,True,https://www.mychef.ae/case-studies,"index, follow",Trust / Utility,catering case studies dubai,False,pending page-family review,not yet reviewed,kept pending page-family approval
/catering-cost-calculator-dubai,200,indexable,True,https://www.mychef.ae/catering-cost-calculator-dubai,"index, follow",Blog and Guides,catering cost calculator dubai,False,pending page-family review,not yet reviewed,kept pending page-family approval
/catering-packages-dubai,200,indexable,True,https://www.mychef.ae/catering-packages-dubai,"index, follow",Packages / Offers,catering packages dubai,False,pending page-family review,not yet reviewed,kept pending page-family approval
/chef-training-academy,200,indexable,True,https://www.mychef.ae/chef-training-academy,"index, follow",Trust / Utility,chef training dubai,False,pending page-family review,not yet reviewed,kept pending page-family approval
/chefs-table-dubai,200,indexable,True,https://www.mychef.ae/chefs-table-dubai,"index, follow",Private Chef,chefs table dubai,False,pending page-family review,not yet reviewed,kept pending page-family approval
/chefs/ahmed-executive-chef,200,indexable,True,https://www.mychef.ae/chefs/ahmed-executive-chef,"index, follow",Private Chef,,False,pending page-family review,not yet reviewed,kept pending page-family approval
/chefs/layla-middle-eastern-chef,200,indexable,True,https://www.mychef.ae/chefs/layla-middle-eastern-chef,"index, follow",Private Chef,arabic private chef dubai,False,pending page-family review,not yet reviewed,kept pending page-family approval
/chefs/marco-italian-chef,200,indexable,True,https://www.mychef.ae/chefs/marco-italian-chef,"index, follow",Private Chef,italian private chef dubai,False,pending page-family review,not yet reviewed,kept pending page-family approval
/chefs/matteo-pastry-chef,200,indexable,True,https://www.mychef.ae/chefs/matteo-pastry-chef,"index, follow",Private Chef,private pastry chef dubai,False,pending page-family review,not yet reviewed,kept pending page-family approval
/christmas-catering-dubai,200,indexable,True,https://www.mychef.ae/christmas-catering-dubai,"index, follow",Seasonal and Occasions,christmas catering dubai,False,pending page-family review,not yet reviewed,kept pending page-family approval
/cocktail-party-catering-dubai,200,indexable,True,https://www.mychef.ae/cocktail-party-catering-dubai,"index, follow",Catering,cocktail party catering dubai,False,pending page-family review,not yet reviewed,kept pending page-family approval
/conference-catering-dubai,200,indexable,True,https://www.mychef.ae/conference-catering-dubai,"index, follow",Corporate Catering,conference catering dubai,False,pending page-family review,not yet reviewed,kept pending page-family approval
/contact,200,indexable,True,https://www.mychef.ae/contact,"index, follow",Trust / Utility,,False,pending page-family review,not yet reviewed,kept pending page-family approval
/corporate-booking-terms,200,noindex support,False,https://www.mychef.ae/corporate-booking-terms,"noindex, follow",Trust / Utility,,False,pending page-family review,not yet reviewed,kept pending page-family approval
/corporate-catering-checklist-dubai,200,indexable,True,https://www.mychef.ae/corporate-catering-checklist-dubai,"index, follow",Blog and Guides,corporate catering checklist dubai,False,pending page-family review,not yet reviewed,kept pending page-family approval
/corporate-dinner-package-dubai,200,indexable,True,https://www.mychef.ae/corporate-dinner-package-dubai,"index, follow",Corporate Catering,corporate dinner package dubai,False,pending page-family review,not yet reviewed,kept pending page-family approval
/corporate-retainer-dubai,200,indexable,True,https://www.mychef.ae/corporate-retainer-dubai,"index, follow",Corporate Catering,corporate catering contract dubai,False,pending page-family review,not yet reviewed,kept pending page-family approval
/cuisines-dubai,200,indexable,True,https://www.mychef.ae/cuisines-dubai,"index, follow",Cuisines and Dietary,multi cuisine catering dubai,False,pending page-family review,not yet reviewed,kept pending page-family approval
/date-night-package-dubai,200,noindex support,False,https://www.mychef.ae/date-night-package-dubai,"noindex, follow",Dining Experiences,date night package dubai,False,pending page-family review,not yet reviewed,kept pending page-family approval
/desert-dining-dubai,200,indexable,True,https://www.mychef.ae/desert-dining-dubai,"index, follow",Dining Experiences,desert dining dubai,False,pending page-family review,not yet reviewed,kept pending page-family approval
/dessert-table-catering-dubai,200,indexable,True,https://www.mychef.ae/dessert-table-catering-dubai,"index, follow",Catering,dessert table catering dubai,False,pending page-family review,not yet reviewed,kept pending page-family approval
/diwali-catering-dubai,200,indexable,True,https://www.mychef.ae/diwali-catering-dubai,"index, follow",Seasonal and Occasions,diwali catering dubai,False,pending page-family review,not yet reviewed,kept pending page-family approval
/drop-off-catering-dubai,200,indexable,True,https://www.mychef.ae/drop-off-catering-dubai,"index, follow",Catering,drop off catering dubai,False,pending page-family review,not yet reviewed,kept pending page-family approval
/dubai-catering-prices-guide,200,indexable,True,https://www.mychef.ae/dubai-catering-prices-guide,"index, follow",Blog and Guides,catering prices dubai,False,pending page-family review,not yet reviewed,kept pending page-family approval
/dubai-event-catering-price-guide-2026,200,indexable,True,https://www.mychef.ae/dubai-event-catering-price-guide-2026,"index, follow",Blog and Guides,event catering price guide dubai 2026,False,pending page-family review,not yet reviewed,kept pending page-family approval
/dubai-food-trends-report-2026,200,indexable,True,https://www.mychef.ae/dubai-food-trends-report-2026,"index, follow",Blog and Guides,dubai food trends 2026,False,pending page-family review,not yet reviewed,kept pending page-family approval
/eid-catering-dubai,200,indexable,True,https://www.mychef.ae/eid-catering-dubai,"index, follow",Seasonal and Occasions,eid catering dubai,False,pending page-family review,not yet reviewed,kept pending page-family approval
/engagement-catering-dubai,200,indexable,True,https://www.mychef.ae/engagement-catering-dubai,"index, follow",Private Events,engagement party catering dubai,False,pending page-family review,not yet reviewed,kept pending page-family approval
/exhibition-catering-dubai,200,indexable,True,https://www.mychef.ae/exhibition-catering-dubai,"index, follow",Corporate Catering,exhibition catering dubai,False,pending page-family review,not yet reviewed,kept pending page-family approval
/family-feast-package-dubai,200,noindex support,False,https://www.mychef.ae/family-feast-package-dubai,"noindex, follow",Packages / Offers,family catering dubai,False,pending page-family review,not yet reviewed,kept pending page-family approval
/faq,200,indexable,True,https://www.mychef.ae/faq,"index, follow",Trust / Utility,catering faq dubai,False,pending page-family review,not yet reviewed,kept pending page-family approval
/festive-catering-dubai,200,indexable,True,https://www.mychef.ae/festive-catering-dubai,"index, follow",Seasonal and Occasions,festive catering dubai,False,pending page-family review,not yet reviewed,kept pending page-family approval
/founding-customer-offer,200,indexable,True,https://www.mychef.ae/founding-customer-offer,"index, follow",Packages / Offers,mychef founding customer offer,False,pending page-family review,not yet reviewed,kept pending page-family approval
/gala-dinner-catering-dubai,200,indexable,True,https://www.mychef.ae/gala-dinner-catering-dubai,"index, follow",Corporate Catering,gala dinner catering dubai,False,pending page-family review,not yet reviewed,kept pending page-family approval
/gallery,200,indexable,True,https://www.mychef.ae/gallery,"index, follow",Trust / Utility,,False,pending page-family review,not yet reviewed,kept pending page-family approval
/gift-cards,200,noindex support,False,https://www.mychef.ae/gift-cards,"noindex, follow",Packages / Offers,,False,pending page-family review,not yet reviewed,kept pending page-family approval
/grazing-table-dubai,200,indexable,True,https://www.mychef.ae/grazing-table-dubai,"index, follow",Catering,grazing table dubai,False,pending page-family review,not yet reviewed,kept pending page-family approval
/guide/private-dining-dubai,200,indexable,True,https://www.mychef.ae/guide/private-dining-dubai,"index, follow",Blog and Guides,private dining dubai,False,pending page-family review,not yet reviewed,kept pending page-family approval
/guides,200,indexable,True,https://www.mychef.ae/guides,"index, follow",Blog and Guides,catering checklist dubai,False,pending page-family review,not yet reviewed,kept pending page-family approval
/halal-catering-dubai,200,indexable,True,https://www.mychef.ae/halal-catering-dubai,"index, follow",Cuisines and Dietary,halal catering dubai,False,pending page-family review,not yet reviewed,kept pending page-family approval
/halal-private-dining-dubai,200,indexable,True,https://www.mychef.ae/halal-private-dining-dubai,"index, follow",Dining Experiences,halal private dining dubai,False,pending page-family review,not yet reviewed,kept pending page-family approval
/how-it-works,200,indexable,True,https://www.mychef.ae/how-it-works,"index, follow",Trust / Utility,how to book a private chef dubai,False,pending page-family review,not yet reviewed,kept pending page-family approval
/how-to-choose-caterer-dubai,200,indexable,True,https://www.mychef.ae/how-to-choose-caterer-dubai,"index, follow",Blog and Guides,how to choose a caterer dubai,False,pending page-family review,not yet reviewed,kept pending page-family approval
/how-we-vet-our-chefs,200,indexable,True,https://www.mychef.ae/how-we-vet-our-chefs,"index, follow",Trust / Utility,private chef background checks dubai,False,pending page-family review,not yet reviewed,kept pending page-family approval
/iftar-catering-dubai,200,indexable,True,https://www.mychef.ae/iftar-catering-dubai,"index, follow",Seasonal and Occasions,iftar catering dubai,False,pending page-family review,not yet reviewed,kept pending page-family approval
/indian-catering-dubai,200,indexable,True,https://www.mychef.ae/indian-catering-dubai,"index, follow",Cuisines and Dietary,indian catering dubai,False,pending page-family review,not yet reviewed,kept pending page-family approval
/influencer-partnerships,200,indexable,True,https://www.mychef.ae/influencer-partnerships,"index, follow",Partners / Recruit,food influencer partnerships dubai,False,pending page-family review,not yet reviewed,kept pending page-family approval
/inquiry,200,noindex support,False,https://www.mychef.ae/inquiry,"noindex, follow",Support / unassigned,,False,pending page-family review,not yet reviewed,kept pending page-family approval
/italian-catering-dubai,200,indexable,True,https://www.mychef.ae/italian-catering-dubai,"index, follow",Cuisines and Dietary,italian catering dubai,False,pending page-family review,not yet reviewed,kept pending page-family approval
/jain-catering-dubai,200,noindex support,False,https://www.mychef.ae/jain-catering-dubai,"noindex, follow",Cuisines and Dietary,jain catering dubai,False,pending page-family review,not yet reviewed,kept pending page-family approval
/kids-nutrition-chef-dubai,200,noindex support,False,https://www.mychef.ae/kids-nutrition-chef-dubai,"noindex, follow",Private Chef,kids meal prep dubai,False,pending page-family review,not yet reviewed,kept pending page-family approval
/live-cooking-stations-dubai,200,indexable,True,https://www.mychef.ae/live-cooking-stations-dubai,"index, follow",Catering,live cooking stations dubai,False,pending page-family review,not yet reviewed,kept pending page-family approval
/loyalty-programme,200,indexable,True,https://www.mychef.ae/loyalty-programme,"index, follow",Packages / Offers,mychef loyalty programme,False,pending page-family review,not yet reviewed,kept pending page-family approval
/luxury-dining-experiences,200,indexable,True,https://www.mychef.ae/luxury-dining-experiences,"index, follow",Dining Experiences,private dining experience dubai,False,pending page-family review,not yet reviewed,kept pending page-family approval
/luxury-dinner-planning-guide-dubai,200,noindex support,False,https://www.mychef.ae/luxury-dinner-planning-guide-dubai,"noindex, follow",Blog and Guides,how to plan a luxury dinner dubai,False,pending page-family review,not yet reviewed,kept pending page-family approval
/mediterranean-catering-dubai,200,indexable,True,https://www.mychef.ae/mediterranean-catering-dubai,"index, follow",Cuisines and Dietary,mediterranean catering dubai,False,pending page-family review,not yet reviewed,kept pending page-family approval
/menus,200,indexable,True,https://www.mychef.ae/menus,"index, follow",Catering,catering menus dubai,False,pending page-family review,not yet reviewed,kept pending page-family approval
/mychef-certified,200,indexable,True,https://www.mychef.ae/mychef-certified,"index, follow",Trust / Utility,mychef certified chefs,False,pending page-family review,not yet reviewed,kept pending page-family approval
/mychef-membership,200,indexable,True,https://www.mychef.ae/mychef-membership,"index, follow",Packages / Offers,mychef membership,False,pending page-family review,not yet reviewed,kept pending page-family approval
/mystery-dining-dubai,200,noindex support,False,https://www.mychef.ae/mystery-dining-dubai,"noindex, follow",Dining Experiences,surprise dinner experience dubai,False,pending page-family review,not yet reviewed,kept pending page-family approval
/new-year-catering-dubai,200,indexable,True,https://www.mychef.ae/new-year-catering-dubai,"index, follow",Seasonal and Occasions,new year catering dubai,False,pending page-family review,not yet reviewed,kept pending page-family approval
/office-catering-dubai,200,indexable,True,https://www.mychef.ae/office-catering-dubai,"index, follow",Corporate Catering,office catering dubai,False,pending page-family review,not yet reviewed,kept pending page-family approval
/our-chefs,200,indexable,True,https://www.mychef.ae/our-chefs,"index, follow",Private Chef,private chefs dubai,False,pending page-family review,not yet reviewed,kept pending page-family approval
/partner-with-us,200,indexable,True,https://www.mychef.ae/partner-with-us,"index, follow",Partners / Recruit,catering partnerships dubai,False,pending page-family review,not yet reviewed,kept pending page-family approval
/partners,200,indexable,True,https://www.mychef.ae/partners,"index, follow",Partners / Recruit,,False,pending page-family review,not yet reviewed,kept pending page-family approval
/partners/concierge-services-dubai,200,indexable,True,https://www.mychef.ae/partners/concierge-services-dubai,"index, follow",Partners / Recruit,concierge services partnership dubai,False,pending page-family review,not yet reviewed,kept pending page-family approval
/partners/event-planners-dubai,200,indexable,True,https://www.mychef.ae/partners/event-planners-dubai,"index, follow",Partners / Recruit,event planners partnership dubai,False,pending page-family review,not yet reviewed,kept pending page-family approval
/partners/villa-rentals-dubai,200,indexable,True,https://www.mychef.ae/partners/villa-rentals-dubai,"index, follow",Partners / Recruit,villa rentals partnership dubai,False,pending page-family review,not yet reviewed,kept pending page-family approval
/partners/yacht-charters-dubai,200,indexable,True,https://www.mychef.ae/partners/yacht-charters-dubai,"index, follow",Partners / Recruit,yacht charters partnership dubai,False,pending page-family review,not yet reviewed,kept pending page-family approval
/press,200,indexable,True,https://www.mychef.ae/press,"index, follow",Trust / Utility,,False,pending page-family review,not yet reviewed,kept pending page-family approval
/privacy-policy,200,noindex support,False,https://www.mychef.ae/privacy-policy,"noindex, follow",Trust / Utility,,False,pending page-family review,not yet reviewed,kept pending page-family approval
/private-client-booking-terms,200,noindex support,False,https://www.mychef.ae/private-client-booking-terms,"noindex, follow",Trust / Utility,,False,pending page-family review,not yet reviewed,kept pending page-family approval
/private-cooking-classes-dubai,200,indexable,True,https://www.mychef.ae/private-cooking-classes-dubai,"index, follow",Dining Experiences,private cooking classes dubai,False,pending page-family review,not yet reviewed,kept pending page-family approval
/private-jet-catering-dubai,200,noindex support,False,https://www.mychef.ae/private-jet-catering-dubai,"noindex, follow",Packages,private jet catering dubai,False,pending page-family review,not yet reviewed,kept pending page-family approval
/private-party-catering-dubai,200,indexable,True,https://www.mychef.ae/private-party-catering-dubai,"index, follow",Private Events,private party catering dubai,False,pending page-family review,not yet reviewed,kept pending page-family approval
/product-launch-catering-dubai,200,indexable,True,https://www.mychef.ae/product-launch-catering-dubai,"index, follow",Corporate Catering,product launch catering dubai,False,pending page-family review,not yet reviewed,kept pending page-family approval
/production-catering-dubai,200,indexable,True,https://www.mychef.ae/production-catering-dubai,"index, follow",Corporate Catering,production catering dubai,False,pending page-family review,not yet reviewed,kept pending page-family approval
/proposal-dinner-dubai,200,indexable,True,https://www.mychef.ae/proposal-dinner-dubai,"index, follow",Dining Experiences,proposal dinner dubai,False,pending page-family review,not yet reviewed,kept pending page-family approval
/quality-guarantee-dubai,200,indexable,True,https://www.mychef.ae/quality-guarantee-dubai,"index, follow",Trust / Utility,catering quality guarantee dubai,False,pending page-family review,not yet reviewed,kept pending page-family approval
/ramadan-catering-dubai,200,indexable,True,https://www.mychef.ae/ramadan-catering-dubai,"index, follow",Seasonal and Occasions,ramadan catering dubai,False,pending page-family review,not yet reviewed,kept pending page-family approval
/ramadan-catering-guide-dubai,200,noindex support,False,https://www.mychef.ae/ramadan-catering-guide-dubai,"noindex, follow",Blog and Guides,ramadan catering guide dubai,False,pending page-family review,not yet reviewed,kept pending page-family approval
/referral-programme,200,indexable,True,https://www.mychef.ae/referral-programme,"index, follow",Packages / Offers,mychef referral programme,False,pending page-family review,not yet reviewed,kept pending page-family approval
/review,200,noindex support,False,https://www.mychef.ae/review,"noindex, follow",Trust / Utility,,False,pending page-family review,not yet reviewed,kept pending page-family approval
/romantic-dinner-dubai,200,indexable,True,https://www.mychef.ae/romantic-dinner-dubai,"index, follow",Dining Experiences,romantic dinner dubai,False,pending page-family review,not yet reviewed,kept pending page-family approval
/site-map,200,noindex support,False,https://www.mychef.ae/site-map,"noindex, follow",Trust / Utility,,False,pending page-family review,not yet reviewed,kept pending page-family approval
/staff-meals-catering-dubai,200,indexable,True,https://www.mychef.ae/staff-meals-catering-dubai,"index, follow",Corporate Catering,staff meals catering dubai,False,pending page-family review,not yet reviewed,kept pending page-family approval
/sushi-catering-dubai,200,indexable,True,https://www.mychef.ae/sushi-catering-dubai,"index, follow",Cuisines and Dietary,sushi catering dubai,False,pending page-family review,not yet reviewed,kept pending page-family approval
/tasting-menu-dubai,200,noindex support,False,https://www.mychef.ae/tasting-menu-dubai,"noindex, follow",Dining Experiences,private tasting menu dubai,False,pending page-family review,not yet reviewed,kept pending page-family approval
/terms,200,noindex support,False,https://www.mychef.ae/terms,"noindex, follow",Trust / Utility,,False,pending page-family review,not yet reviewed,kept pending page-family approval
/thank-you,200,noindex support (SPA policy),False,,,Support / unassigned,,False,pending page-family review,not yet reviewed,kept pending page-family approval
/tourist-villa-chef-dubai,200,noindex support,False,https://www.mychef.ae/tourist-villa-chef-dubai,"noindex, follow",Private Chef,holiday villa chef dubai,False,pending page-family review,not yet reviewed,kept pending page-family approval
/trust-and-programs,200,indexable,True,https://www.mychef.ae/trust-and-programs,"index, follow",Trust / Utility,,False,pending page-family review,not yet reviewed,kept pending page-family approval
/uae-national-day-catering-dubai,200,noindex support,False,https://www.mychef.ae/uae-national-day-catering-dubai,"noindex, follow",Seasonal and Occasions,uae national day catering dubai,False,pending page-family review,not yet reviewed,kept pending page-family approval
/vegan-catering-dubai,200,indexable,True,https://www.mychef.ae/vegan-catering-dubai,"index, follow",Cuisines and Dietary,vegan catering dubai,False,pending page-family review,not yet reviewed,kept pending page-family approval
/vegetarian-catering-dubai,200,indexable,True,https://www.mychef.ae/vegetarian-catering-dubai,"index, follow",Cuisines and Dietary,vegetarian catering dubai,False,pending page-family review,not yet reviewed,kept pending page-family approval
/venue-partners,200,indexable,True,https://www.mychef.ae/venue-partners,"index, follow",Partners / Recruit,preferred caterer dubai,False,pending page-family review,not yet reviewed,kept pending page-family approval
/villa-catering-ideas-dubai,200,indexable,True,https://www.mychef.ae/villa-catering-ideas-dubai,"index, follow",Blog and Guides,villa catering ideas dubai,False,pending page-family review,not yet reviewed,kept pending page-family approval
/villas-private-residences,200,indexable,True,https://www.mychef.ae/villas-private-residences,"index, follow",Private Chef,villa chef dubai,False,pending page-family review,not yet reviewed,kept pending page-family approval
/vip-club,200,indexable,True,https://www.mychef.ae/vip-club,"index, follow",Packages / Offers,mychef vip club,False,pending page-family review,not yet reviewed,kept pending page-family approval
/wedding-catering-checklist-dubai,200,indexable,True,https://www.mychef.ae/wedding-catering-checklist-dubai,"index, follow",Blog and Guides,wedding catering checklist dubai,False,pending page-family review,not yet reviewed,kept pending page-family approval
/wedding-catering-dubai,200,indexable,True,https://www.mychef.ae/wedding-catering-dubai,"index, follow",Catering,wedding catering dubai,False,pending page-family review,not yet reviewed,kept pending page-family approval
/wedding-catering-menu-planning-dubai,200,indexable,True,https://www.mychef.ae/wedding-catering-menu-planning-dubai,"index, follow",Blog and Guides,wedding menu planning dubai,False,pending page-family review,not yet reviewed,kept pending page-family approval
/locations,200,indexable,True,https://www.mychef.ae/locations,"index, follow",Locations,catering near me dubai,False,pending page-family review,not yet reviewed,kept pending page-family approval
/locations/al-barsha,200,indexable,True,https://www.mychef.ae/locations/al-barsha,"index, follow",Locations,private chef al barsha,False,pending page-family review,not yet reviewed,kept pending page-family approval
/locations/arabian-ranches,200,noindex support,False,https://www.mychef.ae/locations/arabian-ranches,"noindex, follow",Locations,private chef arabian ranches,False,pending page-family review,not yet reviewed,kept pending page-family approval
/locations/bluewaters-island,200,noindex support,False,https://www.mychef.ae/locations/bluewaters-island,"noindex, follow",Locations,private chef bluewaters island,False,pending page-family review,not yet reviewed,kept pending page-family approval
/locations/business-bay,200,noindex support,False,https://www.mychef.ae/locations/business-bay,"noindex, follow",Locations,private chef business bay,False,pending page-family review,not yet reviewed,kept pending page-family approval
/locations/difc,200,indexable,True,https://www.mychef.ae/locations/difc,"index, follow",Locations,private chef difc,False,pending page-family review,not yet reviewed,kept pending page-family approval
/locations/downtown-dubai,200,noindex support,False,https://www.mychef.ae/locations/downtown-dubai,"noindex, follow",Locations,private chef downtown dubai,False,pending page-family review,not yet reviewed,kept pending page-family approval
/locations/dubai-hills,200,noindex support,False,https://www.mychef.ae/locations/dubai-hills,"noindex, follow",Locations,private chef dubai hills,False,pending page-family review,not yet reviewed,kept pending page-family approval
/locations/dubai-marina,200,noindex support,False,https://www.mychef.ae/locations/dubai-marina,"noindex, follow",Locations,private chef dubai marina,False,pending page-family review,not yet reviewed,kept pending page-family approval
/locations/emirates-hills,200,noindex support,False,https://www.mychef.ae/locations/emirates-hills,"noindex, follow",Locations,private chef emirates hills,False,pending page-family review,not yet reviewed,kept pending page-family approval
/locations/jbr,200,indexable,True,https://www.mychef.ae/locations/jbr,"index, follow",Locations,private chef jbr,False,pending page-family review,not yet reviewed,kept pending page-family approval
/locations/jlt,200,indexable,True,https://www.mychef.ae/locations/jlt,"index, follow",Locations,private chef jlt,False,pending page-family review,not yet reviewed,kept pending page-family approval
/locations/jumeirah,200,noindex support,False,https://www.mychef.ae/locations/jumeirah,"noindex, follow",Locations,private chef jumeirah,False,pending page-family review,not yet reviewed,kept pending page-family approval
/locations/jvc,200,noindex support,False,https://www.mychef.ae/locations/jvc,"noindex, follow",Locations,private chef jvc,False,pending page-family review,not yet reviewed,kept pending page-family approval
/locations/palm-jumeirah,200,noindex support,False,https://www.mychef.ae/locations/palm-jumeirah,"noindex, follow",Locations,private chef palm jumeirah,False,pending page-family review,not yet reviewed,kept pending page-family approval
/locations/umm-suqeim,200,noindex support,False,https://www.mychef.ae/locations/umm-suqeim,"noindex, follow",Locations,private chef umm suqeim,False,pending page-family review,not yet reviewed,kept pending page-family approval
/blog,200,indexable,True,https://www.mychef.ae/blog,"index, follow",Blog and Guides,,False,pending page-family review,not yet reviewed,kept pending page-family approval
/blog/best-arabic-catering-companies-in-dubai,200,indexable,True,https://www.mychef.ae/blog/best-arabic-catering-companies-in-dubai,"index, follow",Blog and Guides,best arabic catering companies in dubai,False,pending page-family review,not yet reviewed,kept pending page-family approval
/blog/best-bbq-catering-companies-in-dubai,200,indexable,True,https://www.mychef.ae/blog/best-bbq-catering-companies-in-dubai,"index, follow",Blog and Guides,best bbq catering companies in dubai,False,pending page-family review,not yet reviewed,kept pending page-family approval
/blog/best-brunch-catering-services-in-dubai,200,indexable,True,https://www.mychef.ae/blog/best-brunch-catering-services-in-dubai,"index, follow",Blog and Guides,best brunch catering companies in dubai,False,pending page-family review,not yet reviewed,kept pending page-family approval
/blog/best-cocktail-party-catering-companies-in-dubai,200,indexable,True,https://www.mychef.ae/blog/best-cocktail-party-catering-companies-in-dubai,"index, follow",Blog,,False,pending page-family review,not yet reviewed,kept pending page-family approval
/blog/best-corporate-event-catering-companies-in-dubai,200,indexable,True,https://www.mychef.ae/blog/best-corporate-event-catering-companies-in-dubai,"index, follow",Blog and Guides,best corporate catering companies in dubai,False,pending page-family review,not yet reviewed,kept pending page-family approval
/blog/best-corporate-lunch-catering-companies-in-dubai,200,indexable,True,https://www.mychef.ae/blog/best-corporate-lunch-catering-companies-in-dubai,"index, follow",Blog and Guides,corporate catering lunch,False,pending page-family review,not yet reviewed,kept pending page-family approval
/blog/best-desert-dining-catering-companies-in-dubai,200,indexable,True,https://www.mychef.ae/blog/best-desert-dining-catering-companies-in-dubai,"index, follow",Blog,,False,pending page-family review,not yet reviewed,kept pending page-family approval
/blog/best-drop-off-catering-services-in-dubai,200,indexable,True,https://www.mychef.ae/blog/best-drop-off-catering-services-in-dubai,"index, follow",Blog,,False,pending page-family review,not yet reviewed,kept pending page-family approval
/blog/best-gluten-free-catering-companies-in-dubai,200,indexable,True,https://www.mychef.ae/blog/best-gluten-free-catering-companies-in-dubai,"index, follow",Blog,,False,pending page-family review,not yet reviewed,kept pending page-family approval
/blog/best-grazing-table-catering-companies-in-dubai,200,indexable,True,https://www.mychef.ae/blog/best-grazing-table-catering-companies-in-dubai,"index, follow",Blog and Guides,best grazing table catering companies in dubai,False,pending page-family review,not yet reviewed,kept pending page-family approval
/blog/best-halal-catering-companies-in-dubai,200,indexable,True,https://www.mychef.ae/blog/best-halal-catering-companies-in-dubai,"index, follow",Blog and Guides,best halal catering companies in dubai,False,pending page-family review,not yet reviewed,kept pending page-family approval
/blog/best-kids-birthday-party-caterers-in-dubai,200,indexable,True,https://www.mychef.ae/blog/best-kids-birthday-party-caterers-in-dubai,"index, follow",Blog and Guides,best kids birthday catering companies in dubai,False,pending page-family review,not yet reviewed,kept pending page-family approval
/blog/best-luxury-private-dining-experiences-in-dubai,200,indexable,True,https://www.mychef.ae/blog/best-luxury-private-dining-experiences-in-dubai,"index, follow",Blog and Guides,best luxury private dining experiences in dubai,False,pending page-family review,not yet reviewed,kept pending page-family approval
/blog/best-private-cooking-class-experiences-in-dubai,200,indexable,True,https://www.mychef.ae/blog/best-private-cooking-class-experiences-in-dubai,"index, follow",Blog and Guides,best private cooking class experiences in dubai,False,pending page-family review,not yet reviewed,kept pending page-family approval
/blog/best-ramadan-iftar-catering-companies-in-dubai,200,indexable,True,https://www.mychef.ae/blog/best-ramadan-iftar-catering-companies-in-dubai,"index, follow",Blog and Guides,best ramadan iftar catering companies in dubai,False,pending page-family review,not yet reviewed,kept pending page-family approval
/blog/best-vegan-catering-services-in-dubai,200,indexable,True,https://www.mychef.ae/blog/best-vegan-catering-services-in-dubai,"index, follow",Blog and Guides,best vegan catering companies in dubai,False,pending page-family review,not yet reviewed,kept pending page-family approval
/blog/best-wedding-catering-companies-in-dubai,200,indexable,True,https://www.mychef.ae/blog/best-wedding-catering-companies-in-dubai,"index, follow",Blog and Guides,best wedding catering companies in dubai,False,pending page-family review,not yet reviewed,kept pending page-family approval
/blog/best-yacht-catering-services-in-dubai,200,indexable,True,https://www.mychef.ae/blog/best-yacht-catering-services-in-dubai,"index, follow",Blog and Guides,best yacht catering companies in dubai,False,pending page-family review,not yet reviewed,kept pending page-family approval
/blog/brunch-at-home-dubai,200,indexable,True,https://www.mychef.ae/blog/brunch-at-home-dubai,"index, follow",Blog and Guides,brunch at home dubai,False,pending page-family review,not yet reviewed,kept pending page-family approval
/blog/buffet-layout-planning-dubai,200,indexable,True,https://www.mychef.ae/blog/buffet-layout-planning-dubai,"index, follow",Blog and Guides,buffet layout planning in dubai,False,pending page-family review,not yet reviewed,kept pending page-family approval
/blog/canape-reception-planning-dubai,200,indexable,True,https://www.mychef.ae/blog/canape-reception-planning-dubai,"index, follow",Blog and Guides,canapé reception planning in dubai,False,pending page-family review,not yet reviewed,kept pending page-family approval
/blog/cateringindubai-alternatives-in,200,indexable,True,https://www.mychef.ae/blog/cateringindubai-alternatives-in,"index, follow",Blog,,False,pending page-family review,not yet reviewed,kept pending page-family approval
/blog/chef-maison-alternatives-in,200,indexable,True,https://www.mychef.ae/blog/chef-maison-alternatives-in,"index, follow",Blog,,False,pending page-family review,not yet reviewed,kept pending page-family approval
/blog/christmas-lunch-at-home-planning-dubai,200,indexable,True,https://www.mychef.ae/blog/christmas-lunch-at-home-planning-dubai,"index, follow",Blog and Guides,christmas lunch at home in dubai,False,pending page-family review,not yet reviewed,kept pending page-family approval
/blog/compare-catering-quotes-dubai,200,indexable,True,https://www.mychef.ae/blog/compare-catering-quotes-dubai,"index, follow",Blog and Guides,compare catering quotes in dubai,False,pending page-family review,not yet reviewed,kept pending page-family approval
/blog/corporate-catering-full-service-vs-drop-off,200,indexable,True,https://www.mychef.ae/blog/corporate-catering-full-service-vs-drop-off,"index, follow",Blog and Guides,full service vs drop off catering dubai,False,pending page-family review,not yet reviewed,kept pending page-family approval
/blog/corporate-event-catering-ideas-dubai,200,indexable,True,https://www.mychef.ae/blog/corporate-event-catering-ideas-dubai,"index, follow",Blog and Guides,corporate event catering ideas dubai,False,pending page-family review,not yet reviewed,kept pending page-family approval
/blog/desert-dinner-party-dubai,200,noindex support,False,https://www.mychef.ae/blog/desert-dinner-party-dubai,"noindex, follow",Blog and Guides,desert dinner party dubai,False,pending page-family review,not yet reviewed,kept pending page-family approval
/blog/dinner-party-menu-ideas-dubai,200,noindex support,False,https://www.mychef.ae/blog/dinner-party-menu-ideas-dubai,"noindex, follow",Blog and Guides,dinner party menu ideas dubai,False,pending page-family review,not yet reviewed,kept pending page-family approval
/blog/dinner-party-timeline-dubai,200,indexable,True,https://www.mychef.ae/blog/dinner-party-timeline-dubai,"index, follow",Blog and Guides,dinner party timeline in dubai,False,pending page-family review,not yet reviewed,kept pending page-family approval
/blog/diwali-party-at-home-planning-dubai,200,indexable,True,https://www.mychef.ae/blog/diwali-party-at-home-planning-dubai,"index, follow",Blog and Guides,diwali party at home in dubai,False,pending page-family review,not yet reviewed,kept pending page-family approval
/blog/grazing-table-vs-buffet-dubai,200,indexable,True,https://www.mychef.ae/blog/grazing-table-vs-buffet-dubai,"index, follow",Blog and Guides,grazing table vs buffet dubai,False,pending page-family review,not yet reviewed,kept pending page-family approval
/blog/halal-private-dining-dubai-what-to-ask,200,noindex support,False,https://www.mychef.ae/blog/halal-private-dining-dubai-what-to-ask,"noindex, follow",Blog and Guides,what to ask a halal caterer dubai,False,pending page-family review,not yet reviewed,kept pending page-family approval
/blog/household-menu-brief-dubai,200,indexable,True,https://www.mychef.ae/blog/household-menu-brief-dubai,"index, follow",Blog and Guides,household menu brief,False,pending page-family review,not yet reviewed,kept pending page-family approval
/blog/how-far-ahead-book-caterer-dubai,200,indexable,True,https://www.mychef.ae/blog/how-far-ahead-book-caterer-dubai,"index, follow",Blog and Guides,how far in advance to book a caterer dubai,False,pending page-family review,not yet reviewed,kept pending page-family approval
/blog/iftar-at-home-dubai,200,noindex support,False,https://www.mychef.ae/blog/iftar-at-home-dubai,"noindex, follow",Blog and Guides,iftar at home dubai,False,pending page-family review,not yet reviewed,kept pending page-family approval
/blog/kids-and-adults-party-menu-dubai,200,indexable,True,https://www.mychef.ae/blog/kids-and-adults-party-menu-dubai,"index, follow",Blog and Guides,kids and adults party menu,False,pending page-family review,not yet reviewed,kept pending page-family approval
/blog/mixed-diet-dinner-party-dubai,200,indexable,True,https://www.mychef.ae/blog/mixed-diet-dinner-party-dubai,"index, follow",Blog and Guides,mixed-diet dinner party in dubai,False,pending page-family review,not yet reviewed,kept pending page-family approval
/blog/nye-party-catering-dubai,200,noindex support,False,https://www.mychef.ae/blog/nye-party-catering-dubai,"noindex, follow",Blog and Guides,nye party catering dubai,False,pending page-family review,not yet reviewed,kept pending page-family approval
/blog/office-breakfast-planning-dubai,200,indexable,True,https://www.mychef.ae/blog/office-breakfast-planning-dubai,"index, follow",Blog and Guides,office breakfast planning in dubai,False,pending page-family review,not yet reviewed,kept pending page-family approval
/blog/outdoor-villa-catering-kitchen-dubai,200,indexable,True,https://www.mychef.ae/blog/outdoor-villa-catering-kitchen-dubai,"index, follow",Blog and Guides,outdoor villa catering kitchen,False,pending page-family review,not yet reviewed,kept pending page-family approval
/blog/ramadan-iftar-catering-trends-2026,200,noindex support,False,https://www.mychef.ae/blog/ramadan-iftar-catering-trends-2026,"noindex, follow",Blog and Guides,ramadan catering trends dubai 2026,False,pending page-family review,not yet reviewed,kept pending page-family approval
/blog/three-hour-yacht-party-food-timeline-dubai,200,indexable,True,https://www.mychef.ae/blog/three-hour-yacht-party-food-timeline-dubai,"index, follow",Blog and Guides,yacht party food timeline,False,pending page-family review,not yet reviewed,kept pending page-family approval
/blog/topic/celebrations,200,noindex support,False,https://www.mychef.ae/blog/topic/celebrations,"noindex, follow",Blog,,False,pending page-family review,not yet reviewed,kept pending page-family approval
/blog/topic/corporate,200,noindex support,False,https://www.mychef.ae/blog/topic/corporate,"noindex, follow",Blog,,False,pending page-family review,not yet reviewed,kept pending page-family approval
/blog/topic/menus-dietary,200,noindex support,False,https://www.mychef.ae/blog/topic/menus-dietary,"noindex, follow",Blog,,False,pending page-family review,not yet reviewed,kept pending page-family approval
/blog/topic/outdoor,200,noindex support,False,https://www.mychef.ae/blog/topic/outdoor,"noindex, follow",Blog,,False,pending page-family review,not yet reviewed,kept pending page-family approval
/blog/topic/seasonal,200,noindex support,False,https://www.mychef.ae/blog/topic/seasonal,"noindex, follow",Blog,,False,pending page-family review,not yet reviewed,kept pending page-family approval
/blog/vegan-catering-dubai-guide,200,noindex support,False,https://www.mychef.ae/blog/vegan-catering-dubai-guide,"noindex, follow",Blog and Guides,vegan menu ideas dubai,False,pending page-family review,not yet reviewed,kept pending page-family approval
/blog/wedding-catering-cost-dubai,200,indexable,True,https://www.mychef.ae/blog/wedding-catering-cost-dubai,"index, follow",Blog and Guides,wedding catering cost dubai,False,pending page-family review,not yet reviewed,kept pending page-family approval
/blog/wedding-menu-tasting-dubai,200,indexable,True,https://www.mychef.ae/blog/wedding-menu-tasting-dubai,"index, follow",Blog and Guides,wedding menu tasting in dubai,False,pending page-family review,not yet reviewed,kept pending page-family approval
/blog/yacht-party-menu-ideas-dubai,200,indexable,True,https://www.mychef.ae/blog/yacht-party-menu-ideas-dubai,"index, follow",Blog and Guides,yacht party menu ideas dubai,False,pending page-family review,not yet reviewed,kept pending page-family approval
/blog/best-meal-prep-services-in-dubai,301,redirect,False,,,Blog and Guides,,False,pending page-family review,not yet reviewed,kept pending page-family approval
/blog/best-private-chefs-for-home-dining,301,redirect,False,,,Blog,,False,pending page-family review,not yet reviewed,kept pending page-family approval
/blog/best-private-chefs-in-dubai-for-home-dining,301,redirect,False,,,Blog and Guides,,False,pending page-family review,not yet reviewed,kept pending page-family approval
/blog/best-private-chefs-in-home-dining,301,redirect,False,,,Blog,,False,pending page-family review,not yet reviewed,kept pending page-family approval
/blog/how-much-does-a-private-chef-cost-in-dubai-in,301,redirect,False,,,Blog and Guides,,False,pending page-family review,not yet reviewed,kept pending page-family approval
/corporate-meal-prep-dubai,301,redirect,False,,,Private Chef,corporate meal prep dubai,False,pending page-family review,not yet reviewed,kept pending page-family approval
/private-chef-prices-dubai,301,redirect,False,,,Private Chef,,False,pending page-family review,not yet reviewed,kept pending page-family approval
/private-chef-uae,301,redirect,False,,,Support / unassigned,,False,pending page-family review,not yet reviewed,kept pending page-family approval
/private-chef-uae/,301,redirect,False,,,Support / unassigned,,False,pending page-family review,not yet reviewed,kept pending page-family approval
/private-chef/dubai/pricing,301,redirect,False,,,Support / unassigned,,False,pending page-family review,not yet reviewed,kept pending page-family approval
/private-chef/dubai/pricing/,301,redirect,False,,,Support / unassigned,,False,pending page-family review,not yet reviewed,kept pending page-family approval
/anniversary-catering-dubai,301,redirect,False,,,Private Events,anniversary catering dubai,False,pending page-family review,not yet reviewed,kept pending page-family approval
/bachelor-party-catering-dubai,301,redirect,False,,,Private Events,bachelor party catering dubai,False,pending page-family review,not yet reviewed,kept pending page-family approval
/bachelorette-party-catering-dubai,301,redirect,False,,,Private Events,bachelorette party catering dubai,False,pending page-family review,not yet reviewed,kept pending page-family approval
/beach-catering-dubai,301,redirect,False,,,Private Events,beach catering dubai,False,pending page-family review,not yet reviewed,kept pending page-family approval
/case-studies/corporate-gala-dinner-downtown-dubai,301,redirect,False,,,Support / unassigned,,False,pending page-family review,not yet reviewed,kept pending page-family approval
/case-studies/family-eid-gathering-arabian-ranches,301,redirect,False,,,Support / unassigned,,False,pending page-family review,not yet reviewed,kept pending page-family approval
/case-studies/intimate-anniversary-dinner-palm-jumeirah,301,redirect,False,,,Support / unassigned,,False,pending page-family review,not yet reviewed,kept pending page-family approval
/case-studies/product-launch-difc,301,redirect,False,,,Support / unassigned,,False,pending page-family review,not yet reviewed,kept pending page-family approval
/case-studies/villa-wedding-reception-emirates-hills,301,redirect,False,,,Support / unassigned,,False,pending page-family review,not yet reviewed,kept pending page-family approval
/case-studies/yacht-birthday-celebration-dubai-marina,301,redirect,False,,,Support / unassigned,,False,pending page-family review,not yet reviewed,kept pending page-family approval
/catering,301,redirect,False,,,Support / unassigned,,False,pending page-family review,not yet reviewed,kept pending page-family approval
/catering-cost-calculator,301,redirect,False,,,Support / unassigned,,False,pending page-family review,not yet reviewed,kept pending page-family approval
/chefs/sofia-pastry-chef,301,redirect,False,,,Support / unassigned,,False,pending page-family review,not yet reviewed,kept pending page-family approval
/chinese-new-year-catering-dubai,301,redirect,False,,,Seasonal and Occasions,chinese new year catering dubai,False,pending page-family review,not yet reviewed,kept pending page-family approval
/coffee-tea-service-dubai,301,redirect,False,,,Catering,coffee tea service dubai,False,pending page-family review,not yet reviewed,kept pending page-family approval
/corporate-catering-dubai,301,redirect,False,,,Support / unassigned,,False,pending page-family review,not yet reviewed,kept pending page-family approval
/dairy-free-catering-dubai,301,redirect,False,,,Cuisines and Dietary,dairy free catering dubai,False,pending page-family review,not yet reviewed,kept pending page-family approval
/dessert-cart-dubai,301,redirect,False,,,Catering,dessert cart dubai,False,pending page-family review,not yet reviewed,kept pending page-family approval
/dessert-table-dubai,301,redirect,False,,,Support / unassigned,,False,pending page-family review,not yet reviewed,kept pending page-family approval
/dubai-catering-prices,301,redirect,False,,,Support / unassigned,,False,pending page-family review,not yet reviewed,kept pending page-family approval
/easter-catering-dubai,301,redirect,False,,,Seasonal and Occasions,easter catering dubai,False,pending page-family review,not yet reviewed,kept pending page-family approval
/event-catering-dubai,301,redirect,False,,,Support / unassigned,,False,pending page-family review,not yet reviewed,kept pending page-family approval
/event-catering-prices-2026,301,redirect,False,,,Support / unassigned,,False,pending page-family review,not yet reviewed,kept pending page-family approval
/farewell-catering-dubai,301,redirect,False,,,Private Events,farewell party catering dubai,False,pending page-family review,not yet reviewed,kept pending page-family approval
/fathers-day-catering-dubai,301,redirect,False,,,Seasonal and Occasions,fathers day catering dubai,False,pending page-family review,not yet reviewed,kept pending page-family approval
/film-crew-catering-dubai,301,redirect,False,,,Corporate Catering,,False,pending page-family review,not yet reviewed,kept pending page-family approval
/finger-food-catering-dubai,301,redirect,False,,,Catering,,False,pending page-family review,not yet reviewed,kept pending page-family approval
/fodmap-catering-dubai,301,redirect,False,,,Cuisines and Dietary,fodmap catering dubai,False,pending page-family review,not yet reviewed,kept pending page-family approval
/gluten-free-catering-dubai,301,redirect,False,,,Cuisines and Dietary,gluten free catering dubai,False,pending page-family review,not yet reviewed,kept pending page-family approval
/government-event-catering-dubai,301,redirect,False,,,Support / unassigned,,False,pending page-family review,not yet reviewed,kept pending page-family approval
/graduation-catering-dubai,301,redirect,False,,,Private Events,graduation catering dubai,False,pending page-family review,not yet reviewed,kept pending page-family approval
/guides/event-catering-prices-2026,301,redirect,False,,,Support / unassigned,,False,pending page-family review,not yet reviewed,kept pending page-family approval
/halloween-catering-dubai,301,redirect,False,,,Seasonal and Occasions,halloween catering dubai,False,pending page-family review,not yet reviewed,kept pending page-family approval
/healthcare-catering-dubai,301,redirect,False,,,Support / unassigned,,False,pending page-family review,not yet reviewed,kept pending page-family approval
/healthy-catering-dubai,301,redirect,False,,,Cuisines and Dietary,healthy catering dubai,False,pending page-family review,not yet reviewed,kept pending page-family approval
/holi-catering-dubai,301,redirect,False,,,Seasonal and Occasions,holi catering dubai,False,pending page-family review,not yet reviewed,kept pending page-family approval
/housewarming-catering-dubai,301,redirect,False,,,Private Events,housewarming catering dubai,False,pending page-family review,not yet reviewed,kept pending page-family approval
/jbr,301,redirect,False,,,Support / unassigned,,False,pending page-family review,not yet reviewed,kept pending page-family approval
/keto-catering-dubai,301,redirect,False,,,Cuisines and Dietary,keto catering dubai,False,pending page-family review,not yet reviewed,kept pending page-family approval
/kids-birthday-catering-dubai,301,redirect,False,,,Private Events,kids birthday catering dubai,False,pending page-family review,not yet reviewed,kept pending page-family approval
/live-cooking-station-dubai,301,redirect,False,,,Support / unassigned,,False,pending page-family review,not yet reviewed,kept pending page-family approval
/luxury-catering-dubai,301,redirect,False,,,Support / unassigned,,False,pending page-family review,not yet reviewed,kept pending page-family approval
/luxury-dining-dubai,301,redirect,False,,,Support / unassigned,,False,pending page-family review,not yet reviewed,kept pending page-family approval
/mocktail-bar-catering-dubai,301,redirect,False,,,Catering,mocktail bar catering dubai,False,pending page-family review,not yet reviewed,kept pending page-family approval
/mothers-day-catering-dubai,301,redirect,False,,,Seasonal and Occasions,mothers day catering dubai,False,pending page-family review,not yet reviewed,kept pending page-family approval
/nut-free-catering-dubai,301,redirect,False,,,Cuisines and Dietary,nut free catering dubai,False,pending page-family review,not yet reviewed,kept pending page-family approval
/oyster-bar-dubai,301,redirect,False,,,Catering,oyster bar dubai,False,pending page-family review,not yet reviewed,kept pending page-family approval
/party-catering-dubai,301,redirect,False,,,Private Events,,False,pending page-family review,not yet reviewed,kept pending page-family approval
/pescatarian-catering-dubai,301,redirect,False,,,Cuisines and Dietary,pescatarian catering dubai,False,pending page-family review,not yet reviewed,kept pending page-family approval
/picnic-catering-dubai,301,redirect,False,,,Private Events,picnic catering dubai,False,pending page-family review,not yet reviewed,kept pending page-family approval
/pool-party-catering-dubai,301,redirect,False,,,Private Events,pool party catering dubai,False,pending page-family review,not yet reviewed,kept pending page-family approval
/pricing,301,redirect,False,,,Support / unassigned,,False,pending page-family review,not yet reviewed,kept pending page-family approval
/pricing/,301,redirect,False,,,Support / unassigned,,False,pending page-family review,not yet reviewed,kept pending page-family approval
/private-dining-dubai,301,redirect,False,,,Support / unassigned,,False,pending page-family review,not yet reviewed,kept pending page-family approval
/private-events-catering/baby-shower-catering,301,redirect,False,,,Support / unassigned,,False,pending page-family review,not yet reviewed,kept pending page-family approval
/private-events-catering/baby-shower-catering/,301,redirect,False,,,Support / unassigned,,False,pending page-family review,not yet reviewed,kept pending page-family approval
/reunion-catering-dubai,301,redirect,False,,,Private Events,reunion catering dubai,False,pending page-family review,not yet reviewed,kept pending page-family approval
/seo/actions.html,301,redirect,False,,,Support / unassigned,,False,pending page-family review,not yet reviewed,kept pending page-family approval
/seo/ai-visibility.html,301,redirect,False,,,Support / unassigned,,False,pending page-family review,not yet reviewed,kept pending page-family approval
/seo/analytics.html,301,redirect,False,,,Support / unassigned,,False,pending page-family review,not yet reviewed,kept pending page-family approval
/seo/architecture.html,301,redirect,False,,,Support / unassigned,,False,pending page-family review,not yet reviewed,kept pending page-family approval
/seo/ask.html,301,redirect,False,,,Support / unassigned,,False,pending page-family review,not yet reviewed,kept pending page-family approval
/seo/backlog.html,301,redirect,False,,,Support / unassigned,,False,pending page-family review,not yet reviewed,kept pending page-family approval
/seo/connections.html,301,redirect,False,,,Support / unassigned,,False,pending page-family review,not yet reviewed,kept pending page-family approval
/seo/dataforseo.html,301,redirect,False,,,Support / unassigned,,False,pending page-family review,not yet reviewed,kept pending page-family approval
/seo/demand.html,301,redirect,False,,,Support / unassigned,,False,pending page-family review,not yet reviewed,kept pending page-family approval
/seo/gaps.html,301,redirect,False,,,Support / unassigned,,False,pending page-family review,not yet reviewed,kept pending page-family approval
/seo/gsc.html,301,redirect,False,,,Support / unassigned,,False,pending page-family review,not yet reviewed,kept pending page-family approval
/seo/index.html,301,redirect,False,,,Support / unassigned,,False,pending page-family review,not yet reviewed,kept pending page-family approval
/seo/links.html,301,redirect,False,,,Support / unassigned,,False,pending page-family review,not yet reviewed,kept pending page-family approval
/seo/ownership,301,redirect,False,,,Support / unassigned,,False,pending page-family review,not yet reviewed,kept pending page-family approval
/seo/ownership.html,301,redirect,False,,,Support / unassigned,,False,pending page-family review,not yet reviewed,kept pending page-family approval
/seo/queue.html,301,redirect,False,,,Support / unassigned,,False,pending page-family review,not yet reviewed,kept pending page-family approval
/seo/report,301,redirect,False,,,Support / unassigned,,False,pending page-family review,not yet reviewed,kept pending page-family approval
/seo/report.html,301,redirect,False,,,Support / unassigned,,False,pending page-family review,not yet reviewed,kept pending page-family approval
/seo/semrush.html,301,redirect,False,,,Support / unassigned,,False,pending page-family review,not yet reviewed,kept pending page-family approval
/seo/settings.html,301,redirect,False,,,Support / unassigned,,False,pending page-family review,not yet reviewed,kept pending page-family approval
/seo/status.html,301,redirect,False,,,Support / unassigned,,False,pending page-family review,not yet reviewed,kept pending page-family approval
/shawarma-station-dubai,301,redirect,False,,,Catering,shawarma station dubai,False,pending page-family review,not yet reviewed,kept pending page-family approval
/sugar-free-catering-dubai,301,redirect,False,,,Cuisines and Dietary,sugar free catering dubai,False,pending page-family review,not yet reviewed,kept pending page-family approval
/suhoor-catering-dubai,301,redirect,False,,,Seasonal and Occasions,suhoor catering dubai,False,pending page-family review,not yet reviewed,kept pending page-family approval
/university-catering-dubai,301,redirect,False,,,Support / unassigned,,False,pending page-family review,not yet reviewed,kept pending page-family approval
/valentines-day-catering-dubai,301,redirect,False,,,Seasonal and Occasions,valentines day catering dubai,False,pending page-family review,not yet reviewed,kept pending page-family approval
/villa-catering-dubai,301,redirect,False,,,Support / unassigned,,False,pending page-family review,not yet reviewed,kept pending page-family approval
/yacht-catering-checklist-dubai,301,redirect,False,,,Blog and Guides,yacht catering checklist dubai,False,pending page-family review,not yet reviewed,kept pending page-family approval
/yacht-catering-dubai,301,redirect,False,,,Support / unassigned,,False,pending page-family review,not yet reviewed,kept pending page-family approval
/yacht-catering-guide-dubai,301,redirect,False,,,Blog and Guides,yacht catering guide dubai,False,pending page-family review,not yet reviewed,kept pending page-family approval
/locations/al-barari,301,redirect,False,,,Support / unassigned,,False,pending page-family review,not yet reviewed,kept pending page-family approval
/locations/city-walk,301,redirect,False,,,Support / unassigned,,False,pending page-family review,not yet reviewed,kept pending page-family approval
/locations/dubai-creek-harbour,301,redirect,False,,,Support / unassigned,,False,pending page-family review,not yet reviewed,kept pending page-family approval
/locations/dubai-harbour,301,redirect,False,,,Support / unassigned,,False,pending page-family review,not yet reviewed,kept pending page-family approval
/locations/dubai-internet-city,301,redirect,False,,,Support / unassigned,,False,pending page-family review,not yet reviewed,kept pending page-family approval
/locations/dubai-mall,301,redirect,False,,,Support / unassigned,,False,pending page-family review,not yet reviewed,kept pending page-family approval
/locations/dubai-media-city,301,redirect,False,,,Support / unassigned,,False,pending page-family review,not yet reviewed,kept pending page-family approval
/locations/dubai-silicon-oasis,301,redirect,False,,,Support / unassigned,,False,pending page-family review,not yet reviewed,kept pending page-family approval
/locations/dwtc,301,redirect,False,,,Support / unassigned,,False,pending page-family review,not yet reviewed,kept pending page-family approval
/locations/jumeirah-golf-estates,301,redirect,False,,,Support / unassigned,,False,pending page-family review,not yet reviewed,kept pending page-family approval
/locations/jumeirah-islands,301,redirect,False,,,Support / unassigned,,False,pending page-family review,not yet reviewed,kept pending page-family approval
/locations/mall-of-the-emirates,301,redirect,False,,,Support / unassigned,,False,pending page-family review,not yet reviewed,kept pending page-family approval
/locations/meydan,301,redirect,False,,,Support / unassigned,,False,pending page-family review,not yet reviewed,kept pending page-family approval
/locations/mirdif,301,redirect,False,,,Support / unassigned,,False,pending page-family review,not yet reviewed,kept pending page-family approval
/blog/best-catering-companies-in-dubai,301,redirect,False,,,Blog and Guides,,False,pending page-family review,not yet reviewed,kept pending page-family approval
