"Address","Occurrences","Indexability","Indexability Status","Canonical Link Element 1","HTTP Canonical","Meta Robots 1","X-Robots-Tag 1","rel=""next"" 1","rel=""prev"" 1","HTTP rel=""next"" 1","HTTP rel=""prev"" 1"
"https://www.mychef.ae/wedding-catering-menu-planning-dubai?utm_source=mychef.ae&utm_medium=home_guides_teaser&utm_campaign=home","1","Non-Indexable","Canonicalised","https://www.mychef.ae/wedding-catering-menu-planning-dubai","","index, follow","","","","",""
"https://www.mychef.ae/dubai-food-trends-report-2026?utm_source=mychef.ae&utm_medium=home_guides_teaser&utm_campaign=home","1","Non-Indexable","Canonicalised","https://www.mychef.ae/dubai-food-trends-report-2026","","index, follow","","","","",""
"https://www.mychef.ae/catering","1","Non-Indexable","Canonicalised","https://www.mychef.ae/","","index, follow","","","","",""
"https://www.mychef.ae/dubai-event-catering-price-guide-2026?utm_source=mychef.ae&utm_medium=home_guides_teaser&utm_campaign=home","1","Non-Indexable","Canonicalised","https://www.mychef.ae/dubai-event-catering-price-guide-2026","","index, follow","","","","",""
"https://www.mychef.ae/yacht-catering-checklist-dubai?utm_source=mychef.ae&utm_medium=home_guides_teaser&utm_campaign=home","1","Non-Indexable","Canonicalised","https://www.mychef.ae/yacht-catering-checklist-dubai","","index, follow","","","","",""
"https://www.mychef.ae/weekly-meal-prep-dubai?utm_source=mychef.ae&utm_medium=starter_package_card&utm_campaign=home","1","Non-Indexable","Canonicalised","https://www.mychef.ae/weekly-meal-prep-dubai","","index, follow","","","","",""
"https://www.mychef.ae/guides?utm_source=mychef.ae&utm_medium=home_guides_teaser&utm_campaign=home","1","Non-Indexable","Canonicalised","https://www.mychef.ae/guides","","index, follow","","","","",""
"https://www.mychef.ae/locations/jumeirah-islands","1","Non-Indexable","Canonicalised","https://www.mychef.ae/","","index, follow","","","","",""
"https://www.mychef.ae/private-chef-dubai/our-chefs","1","Non-Indexable","Canonicalised","https://www.mychef.ae/","","index, follow","","","","",""
"https://www.mychef.ae/case-studies/corporate-gala-dinner-downtown-dubai","1","Non-Indexable","Canonicalised","https://www.mychef.ae/","","index, follow","","","","",""
"https://www.mychef.ae/locations/mirdif","1","Non-Indexable","Canonicalised","https://www.mychef.ae/","","index, follow","","","","",""
"https://www.mychef.ae/weekly-meal-prep-dubai?utm_source=mychef.ae&utm_medium=starter_package_card&utm_campaign=catering-packages-dubai","1","Non-Indexable","Canonicalised","https://www.mychef.ae/weekly-meal-prep-dubai","","index, follow","","","","",""
"https://www.mychef.ae/case-studies/product-launch-difc","1","Non-Indexable","Canonicalised","https://www.mychef.ae/","","index, follow","","","","",""
"https://www.mychef.ae/locations/dubai-internet-city","1","Non-Indexable","Canonicalised","https://www.mychef.ae/","","index, follow","","","","",""
"https://www.mychef.ae/vip-club?utm_source=mychef.ae&utm_medium=banner&utm_campaign=weekly-meal-prep-dubai","1","Non-Indexable","Canonicalised","https://www.mychef.ae/vip-club","","index, follow","","","","",""
"https://www.mychef.ae/case-studies/family-eid-gathering-arabian-ranches","1","Non-Indexable","Canonicalised","https://www.mychef.ae/","","index, follow","","","","",""
"https://www.mychef.ae/private-dining-dubai","1","Non-Indexable","Canonicalised","https://www.mychef.ae/","","index, follow","","","","",""
"https://www.mychef.ae/menu-mains.webp","1","Non-Indexable","Canonicalised","https://www.mychef.ae/","","index, follow","","","","",""
"https://www.mychef.ae/locations/meydan","1","Non-Indexable","Canonicalised","https://www.mychef.ae/","","index, follow","","","","",""
"https://www.mychef.ae/locations/dubai-harbour","1","Non-Indexable","Canonicalised","https://www.mychef.ae/","","index, follow","","","","",""
"https://www.mychef.ae/case-studies/intimate-anniversary-dinner-palm-jumeirah","1","Non-Indexable","Canonicalised","https://www.mychef.ae/","","index, follow","","","","",""
"https://www.mychef.ae/weekly-meal-prep-dubai?utm_source=mychef.ae&utm_medium=starter_package_card&utm_campaign=menus","1","Non-Indexable","Canonicalised","https://www.mychef.ae/weekly-meal-prep-dubai","","index, follow","","","","",""
"https://www.mychef.ae/romantic-dinner-dubai-hero.webp","1","Non-Indexable","Canonicalised","https://www.mychef.ae/","","index, follow","","","","",""
"https://www.mychef.ae/locations/al-barari","1","Non-Indexable","Canonicalised","https://www.mychef.ae/","","index, follow","","","","",""
"https://www.mychef.ae/luxury-dining-dubai","1","Non-Indexable","Canonicalised","https://www.mychef.ae/","","index, follow","","","","",""
"https://www.mychef.ae/locations/dubai-media-city","1","Non-Indexable","Canonicalised","https://www.mychef.ae/","","index, follow","","","","",""
"https://www.mychef.ae/locations/dubai-creek-harbour","1","Non-Indexable","Canonicalised","https://www.mychef.ae/","","index, follow","","","","",""
"https://www.mychef.ae/case-studies/villa-wedding-reception-emirates-hills","1","Non-Indexable","Canonicalised","https://www.mychef.ae/","","index, follow","","","","",""
"https://www.mychef.ae/event-catering-dubai","1","Non-Indexable","Canonicalised","https://www.mychef.ae/","","index, follow","","","","",""
"https://www.mychef.ae/yacht-catering-dubai","1","Non-Indexable","Canonicalised","https://www.mychef.ae/","","index, follow","","","","",""
"https://www.mychef.ae/locations/jumeirah-golf-estates","1","Non-Indexable","Canonicalised","https://www.mychef.ae/","","index, follow","","","","",""
"https://www.mychef.ae/case-studies/yacht-birthday-celebration-dubai-marina","1","Non-Indexable","Canonicalised","https://www.mychef.ae/","","index, follow","","","","",""
"https://www.mychef.ae/vip-club?utm_source=mychef.ae&utm_medium=banner&utm_campaign=catering-packages-dubai","1","Non-Indexable","Canonicalised","https://www.mychef.ae/vip-club","","index, follow","","","","",""
"https://www.mychef.ae/locations/mall-of-the-emirates","1","Non-Indexable","Canonicalised","https://www.mychef.ae/","","index, follow","","","","",""
"https://www.mychef.ae/locations/dwtc","1","Non-Indexable","Canonicalised","https://www.mychef.ae/","","index, follow","","","","",""
"https://www.mychef.ae/vip-club?utm_source=mychef.ae&utm_medium=banner&utm_campaign=wellness-meal-prep-dubai","1","Non-Indexable","Canonicalised","https://www.mychef.ae/vip-club","","index, follow","","","","",""
"https://www.mychef.ae/dessert-table-dubai","1","Non-Indexable","Canonicalised","https://www.mychef.ae/","","index, follow","","","","",""
"https://www.mychef.ae/locations/dubai-mall","1","Non-Indexable","Canonicalised","https://www.mychef.ae/","","index, follow","","","","",""
"https://www.mychef.ae/images/eid-catering-dubai-hero.webp","1","Non-Indexable","Canonicalised","https://www.mychef.ae/","","index, follow","","","","",""
"https://www.mychef.ae/images/business-lunch-catering-dubai-hero.webp","1","Non-Indexable","Canonicalised","https://www.mychef.ae/","","index, follow","","","","",""
"https://www.mychef.ae/live-cooking-station-dubai","1","Non-Indexable","Canonicalised","https://www.mychef.ae/","","index, follow","","","","",""
"https://www.mychef.ae/villa-catering-dubai","1","Non-Indexable","Canonicalised","https://www.mychef.ae/","","index, follow","","","","",""
"https://www.mychef.ae/locations/city-walk","1","Non-Indexable","Canonicalised","https://www.mychef.ae/","","index, follow","","","","",""
