"Site Crawled","https://mychef.ae/"
"Date","2026-08-26"
"Time","04:50:19"
""
"Summary","URLs","% of Total","Total URLs","Total URLs Description"
"Total URLs Encountered","884","100,00%","884","URLs Encountered"
"Total URLs Crawled","671","75,90%","884","URLs Encountered"
"Total Internal blocked by robots.txt","212","23,98%","884","URLs Encountered"
"Total External blocked by robots.txt","1","0,11%","884","URLs Encountered"
""
"URLs Displayed","884","100,00%","884","URLs Displayed"
"Total Internal URLs","665","75,23%","884","URLs Displayed"
"Total External URLs","219","24,77%","884","URLs Displayed"
"Total Internal Indexable URLs","402","45,48%","884","URLs Displayed"
"Total Internal Non-Indexable URLs","263","29,75%","884","URLs Displayed"
""
"Internal"
"All","665","100,00%","665","Internal URLs"
"HTML","264","39,70%","665","Internal URLs"
"JavaScript","2","0,30%","665","Internal URLs"
"CSS","1","0,15%","665","Internal URLs"
"Images","186","27,97%","665","Internal URLs"
"PDF","0","0,00%","665","Internal URLs"
"Flash","0","0,00%","665","Internal URLs"
"Other","0","0,00%","665","Internal URLs"
"Unknown","212","31,88%","665","Internal URLs"
""
"External"
"All","219","100,00%","219","External URLs"
"HTML","216","98,63%","219","External URLs"
"JavaScript","1","0,46%","219","External URLs"
"CSS","1","0,46%","219","External URLs"
"Images","0","0,00%","219","External URLs"
"PDF","0","0,00%","219","External URLs"
"Flash","0","0,00%","219","External URLs"
"Other","0","0,00%","219","External URLs"
"Unknown","1","0,46%","219","External URLs"
""
"Security"
"All","665","100,00%","665","All internal and non-HTML external URLs"
"HTTP URLs","0","0,00%","665","All internal and non-HTML external URLs"
"HTTPS URLs","665","100,00%","665","All internal and non-HTML external URLs"
"Mixed Content","0","0,00%","665","All internal and non-HTML external URLs"
"Form URL Insecure","0","0,00%","665","All internal and non-HTML external URLs"
"Form on HTTP URL","0","0,00%","665","All internal and non-HTML external URLs"
"Unsafe Cross-Origin Links","0","0,00%","665","All internal and non-HTML external URLs"
"Protocol-Relative Resource Links","0","0,00%","665","All internal and non-HTML external URLs"
"Missing HSTS Header","0","0,00%","665","All internal and non-HTML external URLs"
"Missing Content-Security-Policy Header","451","67,82%","665","All internal and non-HTML external URLs"
"Missing X-Content-Type-Options Header","451","67,82%","665","All internal and non-HTML external URLs"
"Missing X-Frame-Options Header","451","67,82%","665","All internal and non-HTML external URLs"
"Missing Secure Referrer-Policy Header","451","67,82%","665","All internal and non-HTML external URLs"
"Bad Content Type","4","0,60%","665","All internal and non-HTML external URLs"
""
"Response Codes"
"All","884","100,00%","884","All Internal & External Crawled URLs"
"Blocked by Robots.txt","213","24,10%","884","All Internal & External Crawled URLs"
"Blocked Resource","0","0,00%","884","All Internal & External Crawled URLs"
"No Response","0","0,00%","884","All Internal & External Crawled URLs"
"Success (2xx)","460","52,04%","884","All Internal & External Crawled URLs"
"Redirection (3xx)","211","23,87%","884","All Internal & External Crawled URLs"
"Redirection (JavaScript)","0","0,00%","884","All Internal & External Crawled URLs"
"Redirection (Meta Refresh)","0","0,00%","884","All Internal & External Crawled URLs"
"Client Error (4xx)","0","0,00%","884","All Internal & External Crawled URLs"
"Server Error (5xx)","0","0,00%","884","All Internal & External Crawled URLs"
"Internal All","665","75,23%","884","All Internal Crawled URLs"
"Internal Blocked by Robots.txt","212","23,98%","884","All Internal Crawled URLs"
"Internal Blocked Resource","0","0,00%","884","All Internal Crawled URLs"
"Internal No Response","0","0,00%","884","All Internal Crawled URLs"
"Internal Success (2xx)","451","51,02%","884","All Internal Crawled URLs"
"Internal Redirection (3xx)","2","0,23%","884","All Internal Crawled URLs"
"Internal Redirection (JavaScript)","0","0,00%","884","All Internal Crawled URLs"
"Internal Redirection (Meta Refresh)","0","0,00%","884","All Internal Crawled URLs"
"Internal Redirect Chain","0","0,00%","884","All Internal Crawled URLs"
"Internal Redirect Loop","0","0,00%","884","All Internal Crawled URLs"
"Internal Client Error (4xx)","0","0,00%","884","All Internal Crawled URLs"
"Internal Server Error (5xx)","0","0,00%","884","All Internal Crawled URLs"
"External All","219","24,77%","884","All External Crawled URLs"
"External Blocked by Robots.txt","1","0,11%","884","All External Crawled URLs"
"External Blocked Resource","0","0,00%","884","All External Crawled URLs"
"External No Response","0","0,00%","884","All External Crawled URLs"
"External Success (2xx)","9","1,02%","884","All External Crawled URLs"
"External Redirection (3xx)","209","23,64%","884","All External Crawled URLs"
"External Redirection (JavaScript)","0","0,00%","884","All External Crawled URLs"
"External Redirection (Meta Refresh)","0","0,00%","884","All External Crawled URLs"
"External Client Error (4xx)","0","0,00%","884","All External Crawled URLs"
"External Server Error (5xx)","0","0,00%","884","All External Crawled URLs"
""
"URL"
"All","665","100,00%","665","Internal URLs"
"Non ASCII Characters","0","0,00%","665","Internal URLs"
"Underscores","11","1,65%","665","Internal URLs"
"Uppercase","0","0,00%","665","Internal URLs"
"Multiple Slashes","0","0,00%","665","Internal URLs"
"Repetitive Path","0","0,00%","665","Internal URLs"
"Contains Space","0","0,00%","665","Internal URLs"
"Internal Search","0","0,00%","665","Internal URLs"
"Parameters","11","1,65%","665","Internal URLs"
"Broken Bookmark","0","0,00%","665","Internal URLs"
"GA Tracking Parameters","222","33,38%","665","Internal URLs"
"Over 115 Characters","6","0,90%","665","Internal URLs"
""
"Page Titles"
"All","262","100,00%","262","Internal HTML pages with 2xx response"
"Missing","0","0,00%","262","Internal HTML pages with 2xx response"
"Duplicate","0","0,00%","262","Internal HTML pages with 2xx response"
"Over 60 Characters","49","18,70%","262","Internal HTML pages with 2xx response"
"Below 30 Characters","2","0,76%","262","Internal HTML pages with 2xx response"
"Over 561 Pixels","44","16,79%","262","Internal HTML pages with 2xx response"
"Below 200 Pixels","1","0,38%","262","Internal HTML pages with 2xx response"
"Same as H1","0","0,00%","262","Internal HTML pages with 2xx response"
"Multiple","0","0,00%","262","Internal HTML pages with 2xx response"
"Outside <head>","0","0,00%","262","Internal HTML pages with 2xx response"
""
"Meta Description"
"All","262","100,00%","262","Internal HTML pages with 2xx response"
"Missing","0","0,00%","262","Internal HTML pages with 2xx response"
"Duplicate","0","0,00%","262","Internal HTML pages with 2xx response"
"Over 155 Characters","39","14,89%","262","Internal HTML pages with 2xx response"
"Below 70 Characters","0","0,00%","262","Internal HTML pages with 2xx response"
"Over 985 Pixels","14","5,34%","262","Internal HTML pages with 2xx response"
"Below 400 Pixels","0","0,00%","262","Internal HTML pages with 2xx response"
"Multiple","0","0,00%","262","Internal HTML pages with 2xx response"
"Outside <head>","0","0,00%","262","Internal HTML pages with 2xx response"
""
"Meta Keywords"
"All","262","100,00%","262","Internal HTML pages with 2xx response"
"Missing","213","81,30%","262","Internal HTML pages with 2xx response"
"Duplicate","0","0,00%","262","Internal HTML pages with 2xx response"
"Multiple","0","0,00%","262","Internal HTML pages with 2xx response"
""
"H1"
"All","262","100,00%","262","Internal HTML pages with 2xx response"
"Missing","0","0,00%","262","Internal HTML pages with 2xx response"
"Duplicate","0","0,00%","262","Internal HTML pages with 2xx response"
"Over 70 Characters","15","5,73%","262","Internal HTML pages with 2xx response"
"Multiple","0","0,00%","262","Internal HTML pages with 2xx response"
"Alt Text in H1","0","0,00%","262","Internal HTML pages with 2xx response"
"Non-Sequential","0","0,00%","262","Internal HTML pages with 2xx response"
""
"H2"
"All","262","100,00%","262","Internal HTML pages with 2xx response"
"Missing","0","0,00%","262","Internal HTML pages with 2xx response"
"Duplicate","21","8,02%","262","Internal HTML pages with 2xx response"
"Over 70 Characters","17","6,49%","262","Internal HTML pages with 2xx response"
"Multiple","213","81,30%","262","Internal HTML pages with 2xx response"
"Non-Sequential","2","0,76%","262","Internal HTML pages with 2xx response"
""
"Content"
"All","262","100,00%","262","Content in URL"
"Exact Duplicates","0","0,00%","262","Content in URL"
"Near Duplicates","0","0,00%","262","Content in URL"
"Low Content Pages","3","1,15%","262","Content in URL"
"Soft 404 Pages","0","0,00%","262","Content in URL"
"Spelling Errors","0","0,00%","262","Content in URL"
"Grammar Errors","0","0,00%","262","Content in URL"
"Readability Difficult","5","1,91%","262","Content in URL"
"Readability Very Difficult","0","0,00%","262","Content in URL"
"Lorem Ipsum Placeholder","0","0,00%","262","Content in URL"
""
"Images"
"All","186","100,00%","186","Images with 2xx response"
"Over 100 KB","95","51,08%","186","Images with 2xx response"
"Missing Alt Text","0","0,00%","186","Images with 2xx response"
"Missing Alt Attribute","0","0,00%","186","Images with 2xx response"
"Alt Text Over 100 Characters","33","17,74%","186","Images with 2xx response"
"Background Images","0","0,00%","186","Images with 2xx response"
"Incorrectly Sized Images","0","0,00%","186","Images with 2xx response"
"Missing Size Attributes","98","52,69%","186","Images with 2xx response"
""
"Canonicals"
"All","262","100,00%","262","Internal HTML or PDF pages with 2xx response"
"Contains Canonical","262","100,00%","262","Internal HTML or PDF pages with 2xx response"
"Self Referencing","219","83,59%","262","Internal HTML or PDF pages with 2xx response"
"Canonicalised","43","16,41%","262","Internal HTML or PDF pages with 2xx response"
"Missing","0","0,00%","262","Internal HTML or PDF pages with 2xx response"
"Multiple","0","0,00%","262","Internal HTML or PDF pages with 2xx response"
"Multiple Conflicting","0","0,00%","262","Internal HTML or PDF pages with 2xx response"
"Non-Indexable Canonical","0","0,00%","262","Internal HTML or PDF pages with 2xx response"
"Canonical Is Relative","0","0,00%","262","Internal HTML or PDF pages with 2xx response"
"Unlinked","0","0,00%","262","Internal HTML or PDF pages with 2xx response"
"Outside <head>","0","0,00%","262","Internal HTML or PDF pages with 2xx response"
""
"Pagination"
"All","262","100,00%","262","Internal HTML pages with 2xx response"
"Contains Pagination","0","0,00%","262","Internal HTML pages with 2xx response"
"First Page","0","0,00%","262","Internal HTML pages with 2xx response"
"Paginated 2+ Pages","0","0,00%","262","Internal HTML pages with 2xx response"
"Pagination URL Not in Anchor Tag","0","0,00%","262","Internal HTML pages with 2xx response"
"Non-200 Pagination URLs","0","0,00%","262","Internal HTML pages with 2xx response"
"Unlinked Pagination URLs","0","0,00%","262","Internal HTML pages with 2xx response"
"Non-Indexable","0","0,00%","262","Internal HTML pages with 2xx response"
"Multiple Pagination URLs","0","0,00%","262","Internal HTML pages with 2xx response"
"Pagination Loop","0","0,00%","262","Internal HTML pages with 2xx response"
"Sequence Error","0","0,00%","262","Internal HTML pages with 2xx response"
""
"Directives"
"All","451","100,00%","451","Internal URLs with 2xx response"
"Index","262","58,09%","451","Internal URLs with 2xx response"
"Noindex","6","1,33%","451","Internal URLs with 2xx response"
"Follow","262","58,09%","451","Internal URLs with 2xx response"
"Nofollow","6","1,33%","451","Internal URLs with 2xx response"
"None","0","0,00%","451","Internal URLs with 2xx response"
"NoArchive","0","0,00%","451","Internal URLs with 2xx response"
"NoSnippet","0","0,00%","451","Internal URLs with 2xx response"
"Max-Snippet","0","0,00%","451","Internal URLs with 2xx response"
"Max-Image-Preview","0","0,00%","451","Internal URLs with 2xx response"
"Max-Video-Preview","0","0,00%","451","Internal URLs with 2xx response"
"NoODP","0","0,00%","451","Internal URLs with 2xx response"
"NoYDIR","0","0,00%","451","Internal URLs with 2xx response"
"NoImageIndex","0","0,00%","451","Internal URLs with 2xx response"
"NoTranslate","0","0,00%","451","Internal URLs with 2xx response"
"Unavailable_After","0","0,00%","451","Internal URLs with 2xx response"
"Refresh","0","0,00%","264","Internal HTML pages with 2xx response"
"Outside <head>","0","0,00%","451","Internal URLs with 2xx response"
""
"Hreflang"
"All","262","100,00%","262","Internal pages with 2xx response"
"Contains hreflang","262","100,00%","262","Internal pages with 2xx response"
"Non-200 hreflang URLs","0","0,00%","262","Internal pages with 2xx response"
"Unlinked hreflang URLs","0","0,00%","262","Internal pages with 2xx response"
"Missing Return Links","0","0,00%","262","Internal pages with 2xx response"
"Inconsistent Language & Region Return Links","0","0,00%","262","Internal pages with 2xx response"
"Non-Canonical Return Links","0","0,00%","262","Internal pages with 2xx response"
"Noindex Return Links","6","2,29%","262","Internal pages with 2xx response"
"Incorrect Language & Region Codes","0","0,00%","262","Internal pages with 2xx response"
"Multiple Entries","0","0,00%","262","Internal pages with 2xx response"
"Missing Self Reference","0","0,00%","262","Internal pages with 2xx response"
"Not Using Canonical","0","0,00%","262","Internal pages with 2xx response"
"Missing X-Default","262","100,00%","262","Internal pages with 2xx response"
"Missing","0","0,00%","262","Internal pages with 2xx response"
"Outside <head>","0","0,00%","262","Internal pages with 2xx response"
""
"JavaScript"
"All","262","100,00%","262","Internal HTML pages with 2xx response"
"Pages with Blocked Resources","0","0,00%","262","Internal HTML pages with 2xx response"
"Contains JavaScript Links","0","0,00%","262","Internal HTML pages with 2xx response"
"Contains JavaScript Content","0","0,00%","262","Internal HTML pages with 2xx response"
"Noindex Only in Original HTML","0","0,00%","262","Internal HTML pages with 2xx response"
"Nofollow Only in Original HTML","0","0,00%","262","Internal HTML pages with 2xx response"
"Canonical Only in Rendered HTML","0","0,00%","262","Internal HTML pages with 2xx response"
"Canonical Mismatch","0","0,00%","262","Internal HTML pages with 2xx response"
"Page Title Only in Rendered HTML","0","0,00%","262","Internal HTML pages with 2xx response"
"Page Title Updated by JavaScript","0","0,00%","262","Internal HTML pages with 2xx response"
"Meta Description Only in Rendered HTML","0","0,00%","262","Internal HTML pages with 2xx response"
"Meta Description Updated by JavaScript","0","0,00%","262","Internal HTML pages with 2xx response"
"H1 Only in Rendered HTML","0","0,00%","262","Internal HTML pages with 2xx response"
"H1 Updated by JavaScript","0","0,00%","262","Internal HTML pages with 2xx response"
"Uses Old AJAX Crawling Scheme URLs","0","0,00%","262","Internal HTML pages with 2xx response"
"Uses Old AJAX Crawling Scheme Meta Fragment Tag","0","0,00%","262","Internal HTML pages with 2xx response"
"Pages with JavaScript Errors","0","0,00%","262","Internal HTML pages with 2xx response"
"Pages with JavaScript Warnings","0","0,00%","262","Internal HTML pages with 2xx response"
"Pages with Chrome Issues","0","0,00%","262","Internal HTML pages with 2xx response"
""
"Links"
"All","262","100,00%","262","URL Link Issues"
"Pages With High Crawl Depth","0","0,00%","262","URL Link Issues"
"Pages Without Internal Outlinks","0","0,00%","262","URL Link Issues"
"Internal Nofollow Outlinks","0","0,00%","262","URL Link Issues"
"Internal Outlinks With No Anchor Text","0","0,00%","262","URL Link Issues"
"Non-Descriptive Anchor Text In Internal Outlinks","0","0,00%","262","URL Link Issues"
"Pages With High External Outlinks","257","98,09%","262","URL Link Issues"
"Pages With High Internal Outlinks","0","0,00%","262","URL Link Issues"
"Follow & Nofollow Internal Inlinks To Page","0","0,00%","262","URL Link Issues"
"Internal Nofollow Inlinks Only","0","0,00%","262","URL Link Issues"
"Outlinks To Localhost","0","0,00%","262","URL Link Issues"
"Non-Indexable Page Inlinks Only","0","0,00%","262","URL Link Issues"
""
"AMP"
"All","0","0,00%","0","Internal AMP URLs"
"Non-200 Response","0","0,00%","264","Internal HTML URLs"
"Missing Non-AMP Return Link","0","0,00%","0","Internal AMP URLs"
"Missing Canonical to Non-AMP","0","0,00%","0","Internal AMP URLs"
"Non-Indexable Canonical","0","0,00%","0","Internal AMP URLs"
"Indexable","0","0,00%","0","Internal AMP URLs"
"Non-Indexable","0","0,00%","0","Internal AMP URLs"
"Missing <html amp> Tag","0","0,00%","264","Internal HTML URLs"
"Missing/Invalid <!doctype html> Tag","0","0,00%","0","Internal AMP URLs"
"Missing <head> Tag","0","0,00%","0","Internal AMP URLs"
"Missing <body> Tag","0","0,00%","0","Internal AMP URLs"
"Missing Canonical","0","0,00%","0","Internal AMP URLs"
"Missing/Invalid <meta charset> Tag","0","0,00%","0","Internal AMP URLs"
"Missing/Invalid <meta viewport> Tag","0","0,00%","0","Internal AMP URLs"
"Missing/Invalid AMP Script","0","0,00%","0","Internal AMP URLs"
"Missing/Invalid AMP Boilerplate","0","0,00%","0","Internal AMP URLs"
"Contains Disallowed HTML","0","0,00%","0","Internal AMP URLs"
"Other Validation Errors","0","0,00%","0","Internal AMP URLs"
""
"Structured Data"
"All","262","100,00%","262","Structured Data in URL"
"Contains Structured Data","0","0,00%","262","Structured Data in URL"
"Missing","0","0,00%","262","Structured Data in URL"
"Validation Errors","0","0,00%","262","Structured Data in URL"
"Validation Warnings","0","0,00%","262","Structured Data in URL"
"Parse Errors","0","0,00%","262","Structured Data in URL"
"Microdata URLs","0","0,00%","262","Structured Data in URL"
"JSON-LD URLs","0","0,00%","262","Structured Data in URL"
"RDFa URLs","0","0,00%","262","Structured Data in URL"
""
"Sitemaps"
"All","476","100,00%","476","Internal HTML/XML pages"
"URLs in Sitemap","0","0,00%","476","Internal HTML/XML pages"
"URLs not in Sitemap","0","0,00%","476","Internal HTML/XML pages"
"Orphan URLs","0","0,00%","476","Internal HTML/XML pages"
"Non-Indexable URLs in Sitemap","0","0,00%","476","Internal HTML/XML pages"
"URLs in Multiple Sitemaps","0","0,00%","476","Internal HTML/XML pages"
"XML Sitemap with over 50k URLs","0","0,00%","476","Internal HTML/XML pages"
"XML Sitemap over 50MB","0","0,00%","476","Internal HTML/XML pages"
""
"PageSpeed"
"All","262","100,00%","262","PageSpeed Data"
"Eliminate Render-Blocking Resources","0","0,00%","262","PageSpeed Data"
"Properly Size Images","0","0,00%","262","PageSpeed Data"
"Defer Offscreen Images","0","0,00%","262","PageSpeed Data"
"Minify CSS","0","0,00%","262","PageSpeed Data"
"Minify JavaScript","0","0,00%","262","PageSpeed Data"
"Reduce Unused CSS","0","0,00%","262","PageSpeed Data"
"Reduce Unused JavaScript","0","0,00%","262","PageSpeed Data"
"Efficiently Encode Images","0","0,00%","262","PageSpeed Data"
"Serve Images in Next-Gen Formats","0","0,00%","262","PageSpeed Data"
"Enable Text Compression","0","0,00%","262","PageSpeed Data"
"Preconnect to Required Origins","0","0,00%","262","PageSpeed Data"
"Reduce Server Response Times (TTFB)","0","0,00%","262","PageSpeed Data"
"Avoid Multiple Page Redirects","0","0,00%","262","PageSpeed Data"
"Preload Key Requests","0","0,00%","262","PageSpeed Data"
"Use Video Formats for Animated Content","0","0,00%","262","PageSpeed Data"
"Avoid Excessive DOM Size","0","0,00%","262","PageSpeed Data"
"Reduce JavaScript Execution Time","0","0,00%","262","PageSpeed Data"
"Serve Static Assets with an Efficient Cache Policy","0","0,00%","262","PageSpeed Data"
"Minimize Main-Thread Work","0","0,00%","262","PageSpeed Data"
"Ensure Text Remains Visible During Webfont Load","0","0,00%","262","PageSpeed Data"
"Image Elements Do Not Have Explicit Width & Height","0","0,00%","262","PageSpeed Data"
"Avoid Large Layout Shifts","0","0,00%","262","PageSpeed Data"
"Avoid Serving Legacy JavaScript to Modern Browsers","0","0,00%","262","PageSpeed Data"
"Request Errors","0","0,00%","262","PageSpeed Data"
""
"Custom Search"
"All","262","100,00%","262","Internal HTML pages with 2xx response"
""
"Custom Extraction"
"All","262","100,00%","262","Internal HTML pages with 2xx response"
""
"Analytics"
"All","476","100,00%","476","Internal URLs with associated Google Analytics data"
"Sessions Above 0","0","0,00%","476","Internal URLs with associated Google Analytics data"
"Bounce Rate Above 70%","0","0,00%","476","Internal URLs with associated Google Analytics data"
"No GA Data","0","0,00%","476","Internal URLs with associated Google Analytics data"
"Non-Indexable with GA Data","0","0,00%","476","Internal URLs with associated Google Analytics data"
"Orphan URLs","0","0,00%","476","Internal URLs with associated Google Analytics data"
""
"Search Console"
"All","476","100,00%","476","Internal URLs with associated Google Search Console data"
"Clicks Above 0","0","0,00%","476","Internal URLs with associated Google Search Console data"
"No Search Analytics Data","213","44,75%","476","Internal URLs with associated Google Search Console data"
"Non-Indexable with Search Analytics Data","0","0,00%","476","Internal URLs with associated Google Search Console data"
"Orphan URLs","0","0,00%","476","Internal URLs with associated Google Search Console data"
"URL is Not on Google","0","0,00%","476","Internal URLs with associated Google Search Console data"
"Indexable URL Not Indexed","0","0,00%","476","Internal URLs with associated Google Search Console data"
"URL is on Google But Has Issues","0","0,00%","476","Internal URLs with associated Google Search Console data"
"User-Declared Canonical Not Selected","0","0,00%","476","Internal URLs with associated Google Search Console data"
"Page is Not Mobile Friendly","0","0,00%","476","Internal URLs with associated Google Search Console data"
"AMP URL Invalid","0","0,00%","476","Internal URLs with associated Google Search Console data"
"Rich Result Invalid","0","0,00%","476","Internal URLs with associated Google Search Console data"
""
"Validation"
"All","262","100,00%","262","HTML Validation Issues"
"Invalid HTML Elements in Head","0","0,00%","262","HTML Validation Issues"
"<body> Element Preceding <html>","0","0,00%","262","HTML Validation Issues"
"<head> Not First In <html> Element","0","0,00%","262","HTML Validation Issues"
"Missing <head> Tag","0","0,00%","262","HTML Validation Issues"
"Multiple <head> Tags","0","0,00%","262","HTML Validation Issues"
"Missing <body> Tag","0","0,00%","262","HTML Validation Issues"
"Multiple <body> Tags","0","0,00%","262","HTML Validation Issues"
"HTML Document Over 15MB","0","0,00%","262","HTML Validation Issues"
""
"Link Metrics"
"All","476","100,00%","476","Internal HTML/PDF pages"
""
""
"Depth (Clicks from Start URL)"
"0","0","0,00%","262","Internal HTML pages with 2xx response"
"1","1","0,38%","262","Internal HTML pages with 2xx response"
"2","82","31,30%","262","Internal HTML pages with 2xx response"
"3","163","62,21%","262","Internal HTML pages with 2xx response"
"4","16","6,11%","262","Internal HTML pages with 2xx response"
"5","0","0,00%","262","Internal HTML pages with 2xx response"
"6","0","0,00%","262","Internal HTML pages with 2xx response"
"7","0","0,00%","262","Internal HTML pages with 2xx response"
"8","0","0,00%","262","Internal HTML pages with 2xx response"
"9","0","0,00%","262","Internal HTML pages with 2xx response"
"10+","0","0,00%","262","Internal HTML pages with 2xx response"
""
"Inlinks (Top 20 URLs)"
"https://www.mychef.ae/private-chef-prices-dubai","262","100,00%","262","Internal HTML pages with 2xx response"
"https://www.mychef.ae/terms","262","100,00%","262","Internal HTML pages with 2xx response"
"https://www.mychef.ae/faq","262","100,00%","262","Internal HTML pages with 2xx response"
"https://www.mychef.ae/booking-protection-insurance","262","100,00%","262","Internal HTML pages with 2xx response"
"https://www.mychef.ae/locations/jlt","262","100,00%","262","Internal HTML pages with 2xx response"
"https://www.mychef.ae/partner-with-us","262","100,00%","262","Internal HTML pages with 2xx response"
"https://www.mychef.ae/corporate-event-catering-dubai","262","100,00%","262","Internal HTML pages with 2xx response"
"https://www.mychef.ae/private-chef-vs-catering-dubai","262","100,00%","262","Internal HTML pages with 2xx response"
"https://www.mychef.ae/catering-cost-calculator-dubai","262","100,00%","262","Internal HTML pages with 2xx response"
"https://www.mychef.ae/ramadan-catering-guide-dubai","262","100,00%","262","Internal HTML pages with 2xx response"
"https://www.mychef.ae/about","262","100,00%","262","Internal HTML pages with 2xx response"
"https://www.mychef.ae/locations/dubai-marina","262","100,00%","262","Internal HTML pages with 2xx response"
"https://www.mychef.ae/locations/emirates-hills","262","100,00%","262","Internal HTML pages with 2xx response"
"https://www.mychef.ae/blog/wedding-catering-cost-dubai","262","100,00%","262","Internal HTML pages with 2xx response"
"https://www.mychef.ae/locations/umm-suqeim","262","100,00%","262","Internal HTML pages with 2xx response"
"https://www.mychef.ae/yachts","262","100,00%","262","Internal HTML pages with 2xx response"
"https://www.mychef.ae/tasting-menu-dubai","262","100,00%","262","Internal HTML pages with 2xx response"
"https://www.mychef.ae/luxury-dinner-planning-guide-dubai","262","100,00%","262","Internal HTML pages with 2xx response"
"https://www.mychef.ae/venue-partners","262","100,00%","262","Internal HTML pages with 2xx response"
"https://www.mychef.ae/corporate","262","100,00%","262","Internal HTML pages with 2xx response"
""
"Response Time (Seconds)","URLs","% of Total"
"1","435","96,03%"
"2","12","2,65%"
"3","1","0,22%"
"4","0","0,00%"
"5","0","0,00%"
"6","0","0,00%"
"7","0","0,00%"
"8","0","0,00%"
"9","0","0,00%"
"10","0","0,00%"
"11","5","1,10%"
