"Address","Occurrences","H1-1","H1-1 Length","Indexability","Indexability Status"
"https://www.mychef.ae/","1","Private Chef & Luxury Catering in Dubai — Brought to Your Villa, Yacht or Home","78","Indexable",""
"https://www.mychef.ae/corporate-event-catering-dubai","1","Corporate Event CateringCorporate Event Catering in Dubai for Company Parties and Events","88","Indexable",""
"https://www.mychef.ae/blog/wedding-catering-cost-dubai","1","Wedding Catering Cost DubaiWedding catering cost in Dubai: three products, not one ladder","89","Indexable",""
"https://www.mychef.ae/private-jet-catering-dubai","1","Private Jet CateringPrivate jet catering in Dubai, coordinated around the flight.","81","Indexable",""
"https://www.mychef.ae/wedding-catering-dubai","1","Wedding Catering DubaiWedding catering in Dubai for villas, gardens and venues","78","Indexable",""
"https://www.mychef.ae/birthday-catering-dubai","1","Birthday Catering DubaiBirthday Catering in Dubai for Every Kind of Celebration","79","Indexable",""
"https://www.mychef.ae/blog/best-private-chef-birthday-dinner-dubai","1","Best Private Chef Birthday Dinner in Dubai: Menu Ideas, Costs & How to Book","75","Indexable",""
"https://www.mychef.ae/blog/corporate-event-catering-ideas-dubai","1","Corporate Event Catering Ideas for Dubai Offices — Real Prices and Timings","74","Indexable",""
"https://www.mychef.ae/blog/private-chef-vs-restaurant-dubai","1","Private Chef vs Restaurant Dubai: Choosing for a Special Occasion — Real Prices and Timings","91","Indexable",""
"https://www.mychef.ae/blog/desert-dinner-party-dubai","1","Desert Dinner Party Ideas & Get-Togethers in Dubai — Sites, Setups and Prices","77","Indexable",""
"https://www.mychef.ae/product-launch-catering-dubai","1","Product Launch Catering Dubai — Media Launches, Press Events & Unveilings","73","Indexable",""
"https://www.mychef.ae/gala-dinner-catering-dubai","1","Gala Dinner Catering Dubai — Awards, Charity Balls & Formal Celebrations","72","Indexable",""
"https://www.mychef.ae/blog/brunch-at-home-dubai","1","Brunch at Home Dubai: How to Host a Standout Spread — Real Prices and Timings","77","Indexable",""
"https://www.mychef.ae/blog/how-to-hire-a-private-chef-dubai","1","How to Hire a Private Chef in Dubai (Step by Step) — Real Prices and Timings","76","Indexable",""
"https://www.mychef.ae/blog/grazing-table-vs-buffet-dubai","1","Grazing Table vs Buffet in Dubai: How to Choose — Real Prices and Timings","73","Indexable",""
