"Address","Occurrences","H2-1","H2-1 Length","H2-2","H2-2 Length","Indexability","Indexability Status"
"https://www.mychef.ae/","2","Private chef or catering in Dubai — you choose the type of service. We build the chef and the team around it.","109","How much does a private chef or luxury dining package cost in Dubai?","68","Indexable",""
"https://www.mychef.ae/private-chef-prices-dubai","2","Private Chef Cost by Group Size","31","What You Get with a Private Chef","32","Indexable",""
"https://www.mychef.ae/faq","2","Still Have Questions?","21","Ready to Book?","14","Indexable",""
"https://www.mychef.ae/corporate-event-catering-dubai","2","What myCHEF Handles, and What Stays With You","44","Company Parties and Team Celebrations","37","Indexable",""
"https://www.mychef.ae/private-chef-vs-catering-dubai","2","Choose the Right Service for Your Occasion","42","Private Chef vs Catering Comparison","35","Indexable",""
"https://www.mychef.ae/locations/jlt","2","Lakeside private chef and corporate catering built for JLT's mix of DMCC offices, high-rise residences and outdoor spaces.","122","Properties We Serve in JLT","26","Indexable",""
"https://www.mychef.ae/catering-cost-calculator-dubai","2","Estimate Your Event","19","Common Pricing Questions","24","Indexable",""
"https://www.mychef.ae/ramadan-catering-guide-dubai","2","Cater With Respect and Generosity","33","Ramadan Hospitality Principles","30","Indexable",""
"https://www.mychef.ae/about","2","Restaurants have a system behind the chef. Homes usually do not.","64","The standard we hold every chef to.","35","Indexable",""
"https://www.mychef.ae/locations/umm-suqeim","2","Beachfront villa private dining for Umm Suqeim's established coastal community, with menus and service designed for garden, pool and shoreline settings.","152","Properties We Serve in Umm Suqeim","33","Indexable",""
"https://www.mychef.ae/locations/dubai-marina","2","Yacht-ready private chef and catering for Dubai Marina, with dedicated marine delivery and high-rise concierge coordination.","124","Properties We Serve in Dubai Marina","35","Indexable",""
"https://www.mychef.ae/full-time-private-chef-dubai","2","A Chef Who Becomes Part of Your Home","36","Complete Household Culinary Support","35","Indexable",""
"https://www.mychef.ae/blog/wedding-catering-cost-dubai","2","At a glance","11","Do not mix a drop-off buffet with a chef-led villa dinner","57","Indexable",""
"https://www.mychef.ae/venue-partners","2","Preferred Catering Partners for Distinguished Dubai Venues","58","Want to Become a myCHEF Venue Partner?","38","Indexable",""
"https://www.mychef.ae/wedding-catering-checklist-dubai","2","A sequence, not a brochure","26","What to send so we can answer honestly","38","Indexable",""
"https://www.mychef.ae/buffet-vs-plated-dubai","2","Match the Service Style to Your Event","37","Buffet vs Plated at a Glance","28","Indexable",""
"https://www.mychef.ae/blog","2","Explore Our Guides by Theme","27","Insights for Dubai Hosts","24","Indexable",""
"https://www.mychef.ae/corporate","2","What corporate dining solutions does myCHEF Dubai offer?","56","What types of corporate catering do you provide in Dubai?","57","Indexable",""
"https://www.mychef.ae/press","2","Quick Facts","11","Brand Assets","12","Indexable",""
"https://www.mychef.ae/luxury-dining-experiences","2","It Starts With Food. But the Food Is Not the Whole Point.","57","What Would You Like to Experience?","34","Indexable",""
"https://www.mychef.ae/private-party-catering-dubai","2","Your Home, Transformed Into a Venue","35","Private Party Catering Formats","30","Indexable",""
"https://www.mychef.ae/contact","2","Who you should speak to depends on the job.","43","Planning a private chef or event?","33","Indexable",""
"https://www.mychef.ae/locations/jvc","2","Premium family catering tailored to JVC's fast-growing community of young families and home entertainers.","105","Properties We Serve in JVC","26","Indexable",""
"https://www.mychef.ae/locations/dubai-hills","2","Dubai Hills Estate's family luxury caterer — seven-course fine dining for villa gardens and golf events.","104","Properties We Serve in Dubai Hills","34","Indexable",""
"https://www.mychef.ae/desert-dining-dubai","2","A Feast Under the Desert Sky","28","Desert Dining Formats","21","Indexable",""
"https://www.mychef.ae/dubai-food-trends-report-2026","2","Catering in Dubai Is Becoming More Personal, More Local, and More Inclusive","75","What Hosts Are Asking For in 2026","33","Indexable",""
"https://www.mychef.ae/private-jet-catering-dubai","2","This is not an event with a smaller room","40","The flight details decide the food","34","Indexable",""
"https://www.mychef.ae/menus","2","Starter Packages","16","Service Format Pricing","22","Indexable",""
"https://www.mychef.ae/private-chef-dubai","2","A household chef. A system behind them.","39","What would make the household easier?","37","Indexable",""
"https://www.mychef.ae/corporate-catering-checklist-dubai","2","Catering That Keeps Business Moving","35","Pre-Event Planning Checklist","28","Indexable",""
"https://www.mychef.ae/how-to-choose-caterer-dubai","2","Make Your Decision With Confidence","34","What to Check Before You Book","29","Indexable",""
"https://www.mychef.ae/events","2","What events can myCHEF Dubai cater?","35","How does booking event catering in Dubai work?","46","Indexable",""
"https://www.mychef.ae/how-it-works","2","Your Experience, Step by Step","29","What You Can Always Expect","26","Indexable",""
"https://www.mychef.ae/locations/difc","2","60-minute power lunches and discreet boardroom dining for Dubai's financial district.","85","Properties We Serve in DIFC","27","Indexable",""
"https://www.mychef.ae/dubai-catering-prices-guide","2","Understand Catering Costs Before You Book","41","Catering Costs Per Person in Dubai","34","Indexable",""
"https://www.mychef.ae/villas-private-residences","2","Chef Services for Your Dubai Villa","34","We Serve Every Villa Community in Dubai","39","Indexable",""
"https://www.mychef.ae/locations/jumeirah","2","Beachfront private chef and villa dining for Jumeirah's coastal homes and family celebrations.","94","Properties We Serve in Jumeirah","31","Indexable",""
"https://www.mychef.ae/locations/business-bay","2","Canal-front corporate dining — from tower boardrooms to waterfront venues in Dubai's busiest business district.","111","Properties We Serve in Business Bay","35","Indexable",""
"https://www.mychef.ae/wedding-catering-dubai","2","What does wedding catering through myCHEF actually mean?","56","The catering. Not the whole wedding.","36","Indexable",""
"https://www.mychef.ae/locations/downtown-dubai","2","Fine dining catering with Burj Khalifa views for penthouses, corporate events and private celebrations in Downtown Dubai.","121","Properties We Serve in Downtown Dubai","37","Indexable",""
"https://www.mychef.ae/cuisines-dubai","2","Choose a Cuisine for Your Dubai Event","37","Inclusive Menus for Every Guest","31","Indexable",""
"https://www.mychef.ae/booking-protection-insurance","2","Protection Built Into Every Booking","35","How We Protect Your Event","25","Indexable",""
"https://www.mychef.ae/partner-with-us","2","Who We Partner With","19","Why Partners Choose myCHEF Dubai","32","Indexable",""
"https://www.mychef.ae/locations/emirates-hills","2","Ultra-discreet villa dining for Dubai's most exclusive addresses around Montgomerie Golf Course.","96","Properties We Serve in Emirates Hills","37","Indexable",""
"https://www.mychef.ae/tourist-villa-chef-dubai","2","Dubai Dining, Delivered to Your Villa","37","Choose Your Stay Experience","27","Indexable",""
"https://www.mychef.ae/yachts","2","Culinary Experiences on the Water","33","Dining with the Dubai Skyline","29","Indexable",""
"https://www.mychef.ae/luxury-dinner-planning-guide-dubai","2","Create an Evening Worth Remembering","35","Defining the Occasion","21","Indexable",""
"https://www.mychef.ae/tasting-menu-dubai","2","A Restaurant-Quality Experience, Private and Personal","53","Tasting Menu Formats","20","Indexable",""
"https://www.mychef.ae/wedding-catering-menu-planning-dubai","2","Build the menu around the wedding, not a package","48","The format is the first menu decision","37","Indexable",""
"https://www.mychef.ae/villa-catering-ideas-dubai","2","Turn Your Villa Into the Venue","30","Villa Catering Ideas That Work","30","Indexable",""
"https://www.mychef.ae/gift-cards","2","Why a myCHEF Gift Card?","23","Choose the Perfect Gift","23","Indexable",""
"https://www.mychef.ae/guides","2","Everything You Need to Plan Catering in Dubai","45","Explore Our Catering Services","29","Indexable",""
"https://www.mychef.ae/birthday-catering-dubai","2","Three Very Different Kinds of Birthday","38","Six Ways to Feed a Birthday Party","33","Indexable",""
"https://www.mychef.ae/halal-private-dining-dubai","2","Halal Dining, Elevated and Personal","35","Halal Private Dining Formats","28","Indexable",""
"https://www.mychef.ae/weekly-meal-prep-dubai","2","Skip the Takeout. Reclaim Your Evenings.","40","How Weekly Meal Prep Works","26","Indexable",""
"https://www.mychef.ae/romantic-dinner-dubai","2","The Experience","14","Perfect For","11","Indexable",""
"https://www.mychef.ae/drop-off-catering-dubai","2","Great Food, Delivered Ready to Serve","36","Drop-Off Catering Formats","25","Indexable",""
"https://www.mychef.ae/catering-dubai","2","You do not need to know exactly what to book","44","Start with food. Stop wherever you want.","40","Indexable",""
"https://www.mychef.ae/how-we-vet-our-chefs","2","Standards You Can See","21","Six Layers of Verification","26","Indexable",""
"https://www.mychef.ae/locations/jbr","2","Beachfront luxury catering in JBR for sandy birthdays, apartment dinners and sunset gatherings by the Arabian Gulf.","115","Properties We Serve in JBR","26","Indexable",""
"https://www.mychef.ae/locations/palm-jumeirah","2","Discreet seven-course villa dining and private chef service for Palm Jumeirah's most exclusive addresses.","105","Properties We Serve in Palm Jumeirah","36","Indexable",""
"https://www.mychef.ae/vip-club","2","Why Join the myCHEF VIP Club?","29","Choose Your Level of Access","27","Indexable",""
"https://www.mychef.ae/catering-packages-dubai","2","Which catering package fits your occasion?","42","Packages for Every Occasion","27","Indexable",""
"https://www.mychef.ae/case-studies","2","See How We Bring Dubai Events to Life","37","Events We're Proud Of","21","Indexable",""
"https://www.mychef.ae/our-chefs","2","The Chefs We Choose","19","Chefs In Our Network","20","Indexable",""
"https://www.mychef.ae/locations/arabian-ranches","2","Trusted family catering for Arabian Ranches — from villa garden BBQs to community seasonal celebrations.","104","Properties We Serve in Arabian Ranches","38","Indexable",""
"https://www.mychef.ae/locations/bluewaters-island","2","Exclusive private chef dining for Bluewaters residents and visitors, designed around the island's luxury apartments, Ain Dubai views and short-stay lifestyle.","158","Properties We Serve in Bluewaters","33","Indexable",""
"https://www.mychef.ae/locations","2","Also Serving","12","Not Sure If We Cover Your Area?","31","Indexable",""
"https://www.mychef.ae/gallery","2","Where Culinary Art Meets Distinguished Dubai Venues","51","Ready to Create Your Own Unforgettable Event?","45","Indexable",""
"https://www.mychef.ae/yacht-catering-guide-dubai","2","Catering Designed for Yacht Life","32","What Makes Yacht Catering Different","35","Indexable",""
"https://www.mychef.ae/locations/al-barsha","2","Flexible private chef and event catering tailored to Al Barsha's diverse mix of apartments, villas, hotel residences and local businesses.","138","Properties We Serve in Al Barsha","32","Indexable",""
"https://www.mychef.ae/private-cooking-classes-dubai","2","Turn Your Kitchen Into a Private Culinary School","48","A Chef Experience for Every Occasion","36","Indexable",""
"https://www.mychef.ae/part-time-private-chef-dubai","2","The ""Regular But Not Full-Time"" Solution","40","Benefits of a Part-Time Chef","28","Indexable",""
"https://www.mychef.ae/blog/corporate-catering-full-service-vs-drop-off","2","At a Glance","11","What Is Drop-Off Catering?","26","Indexable",""
"https://www.mychef.ae/blog/best-private-chef-birthday-dinner-dubai","2","At a Glance","11","Why Host a Birthday Dinner with a Private Chef?","47","Indexable",""
"https://www.mychef.ae/graduation-catering-dubai","2","A Celebration Worthy of the Achievement","39","Graduation Party Catering Formats","33","Indexable",""
"https://www.mychef.ae/kids-nutrition-chef-dubai","2","Meals Kids Love, Parents Trust","30","Built Around Your Family","24","Indexable",""
"https://www.mychef.ae/fitness-meal-prep-dubai","2","Eat for the Body You Are Building","33","Precision Without Compromise","28","Indexable",""
"https://www.mychef.ae/sugar-free-catering-dubai","2","Event Catering That Respects Every Guest’s Health","49","Sugar-Free Catering Formats","27","Indexable",""
"https://www.mychef.ae/blog/topic/menus-dietary","2","Guides in this topic","20","Plan it with myCHEF","19","Indexable",""
"https://www.mychef.ae/staff-meals-catering-dubai","2","A Reliable Meal for Every Shift","31","Catering Built Around Your Team","31","Indexable",""
"https://www.mychef.ae/mystery-dining-dubai","2","A Menu Designed to Surprise You","31","How We Build the Surprise","25","Indexable",""
"https://www.mychef.ae/blog/topic/celebrations","2","Guides in this topic","20","Plan it with myCHEF","19","Indexable",""
"https://www.mychef.ae/chefs/ahmed-executive-chef","2","Ahmed Al-Rashid","15","Sample Menus by Ahmed","21","Indexable",""
"https://www.mychef.ae/partners/yacht-charters-dubai","2","Turn Every Charter Into a Culinary Experience","45","What You Gain","13","Indexable",""
"https://www.mychef.ae/farewell-catering-dubai","2","A Thoughtful Farewell Deserves Great Food","41","Farewell & Retirement Catering Formats","38","Indexable",""
"https://www.mychef.ae/eid-catering-dubai","2","A Feast to Mark the Occasion","28","Feasts for Eid al-Fitr & al-Adha","32","Indexable",""
"https://www.mychef.ae/conference-catering-dubai","2","Keeping Delegates Sharp All Day","31","Catering Around Your Agenda","27","Indexable",""
"https://www.mychef.ae/blog/corporate-event-catering-ideas-dubai","2","What makes corporate event catering ideas in Dubai work?","56","Office catering ideas for team lunches and daily meetings","57","Indexable",""
"https://www.mychef.ae/best-catering-companies-dubai","2","Catering companies in Dubai, compared side by side","50","Catering companies in Dubai price bands: what the captured prices say","69","Indexable",""
"https://www.mychef.ae/pool-party-catering-dubai","2","Food That Works in Swimwear and Sunshine","40","Pool Party Catering Formats","27","Indexable",""
"https://www.mychef.ae/afternoon-tea-catering-dubai","2","A Proper Afternoon Tea, Wherever You Are","40","Afternoon Tea Catering Formats","30","Indexable",""
"https://www.mychef.ae/corporate-meal-prep-dubai","2","A Managed Programme, Not a One-Off","34","Programmes Built Around Your Team","33","Indexable",""
"https://www.mychef.ae/blog/private-chef-palm-jumeirah-guide","2","At a Glance","11","Why Palm Jumeirah Hosts Hire Private Chefs","42","Indexable",""
"https://www.mychef.ae/blog/yacht-party-menu-ideas-dubai","2","At a Glance","11","Plan Around the Yacht Environment","33","Indexable",""
"https://www.mychef.ae/bar-services-dubai","2","Bar Service That Sets the Mood","30","A Bar Setup for Every Event","27","Indexable",""
"https://www.mychef.ae/anniversary-catering-dubai","2","A Dinner Worthy of the Milestone","32","Dining Crafted for the Occasion","31","Indexable",""
"https://www.mychef.ae/chefs/marco-italian-chef","2","Marco Rossi","11","Sample Menus by Marco","21","Indexable",""
"https://www.mychef.ae/quality-guarantee-dubai","2","A Guarantee Built on Operational Rigor","38","Four Pillars of Our Guarantee","29","Indexable",""
"https://www.mychef.ae/italian-catering-dubai","2","Made by Hand, Served with Warmth","32","From Antipasti to Dolci","23","Indexable",""
"https://www.mychef.ae/blog/topic/outdoor","2","Guides in this topic","20","Plan it with myCHEF","19","Indexable",""
"https://www.mychef.ae/production-catering-dubai","2","Reliable Food for Demanding Schedules","37","Catering for Every Production","29","Indexable",""
"https://www.mychef.ae/allergy-safe-catering-dubai","2","Safe Menus Every Guest Can Enjoy","32","Four Steps to Safer Catering","28","Indexable",""
"https://www.mychef.ae/guide/private-dining-dubai","2","What Private Dining Means in Dubai","34","What Is Private Dining in Dubai?","32","Indexable",""
"https://www.mychef.ae/blog/how-far-ahead-book-caterer-dubai","2","How far ahead to book a caterer in Dubai: the short timeline","60","Small dinners and intimate gatherings","37","Indexable",""
"https://www.mychef.ae/birthday-catering-package-dubai","2","What is included in the Birthday Celebration package?","53","Common Questions About the Birthday Celebration Package","55","Indexable",""
"https://www.mychef.ae/iftar-catering-dubai","2","Iftar Gatherings Made Meaningful","32","Iftar Catering Designed for Every Gathering","43","Indexable",""
"https://www.mychef.ae/blog/private-chef-vs-restaurant-dubai","2","Private chef vs restaurant Dubai: which wins a special occasion?","64","The real case for a private chef at home","40","Indexable",""
"https://www.mychef.ae/valentines-day-catering-dubai","2","A Valentine's Dinner Worth Remembering","38","Valentine's Day Dining Formats","30","Indexable",""
"https://www.mychef.ae/cocktail-party-catering-dubai","2","A Reception That Keeps Guests Mingling","38","Cocktail Catering for Every Setting","35","Indexable",""
"https://www.mychef.ae/postpartum-meal-prep-dubai","2","Recovery Meals Made With Care","29","What Makes Our Service Different","32","Indexable",""
"https://www.mychef.ae/blog/desert-dinner-party-dubai","2","The three kinds of desert ground","32","Everything you can do in the desert","35","Indexable",""
"https://www.mychef.ae/chefs/layla-middle-eastern-chef","2","Layla Hassan","12","Sample Menus by Layla","21","Indexable",""
"https://www.mychef.ae/arabic-catering-dubai","2","The Generous Heart of Arabic Hospitality","40","From Mezze to Ouzi","18","Indexable",""
"https://www.mychef.ae/apartment-private-dining-dubai","2","Your Apartment, Your Private Restaurant","39","Apartment Dining, Elevated","26","Indexable",""
"https://www.mychef.ae/picnic-catering-dubai","2","Outdoor Dining, Delivered Beautifully","37","Picnic Catering Formats","23","Indexable",""
"https://www.mychef.ae/trust-and-programs","2","Everything That Sits Behind the Booking","39","myCHEF Certified","16","Indexable",""
"https://www.mychef.ae/office-catering-dubai","2","Well-Fed Teams, Every Working Day","33","Catering Around Your Working Week","33","Indexable",""
"https://www.mychef.ae/blog/weekly-meal-prep-vs-full-time-chef-dubai","2","At a Glance","11","Cost Comparison at a Glance","27","Indexable",""
"https://www.mychef.ae/mocktail-bar-catering-dubai","2","The Craft of a Cocktail Bar, Without the Alcohol","48","An Alcohol-Free Bar for Every Occasion","38","Indexable",""
"https://www.mychef.ae/product-launch-catering-dubai","2","Why Launch Catering Matters","27","Formats Built for Unveilings","28","Indexable",""
"https://www.mychef.ae/business-lunch-catering-dubai","2","Lunches That Keep Business Moving","33","The Right Lunch for the Room","28","Indexable",""
"https://www.mychef.ae/blog/topic/corporate","2","Guides in this topic","20","Plan it with myCHEF","19","Indexable",""
"https://www.mychef.ae/blog/iftar-at-home-dubai","2","What a Dubai iftar at home looks like","37","When should you serve iftar at home in Dubai?","45","Indexable",""
"https://www.mychef.ae/holi-catering-dubai","2","Bring the Colours of Holi to Your Table","39","Holi Catering Formats","21","Indexable",""
"https://www.mychef.ae/reunion-catering-dubai","2","Good Food for Long-Awaited Reunions","35","Reunion Catering Formats","24","Indexable",""
"https://www.mychef.ae/partners/concierge-services-dubai","2","A Culinary Partner for Discerning Clients","41","What You Gain","13","Indexable",""
"https://www.mychef.ae/vegetarian-catering-dubai","2","A World of Vegetarian Flavour","29","Vegetarian for Every Occasion","29","Indexable",""
"https://www.mychef.ae/live-cooking-stations-dubai","2","The Theatre of Food, Brought to You","35","Choose Your Stations","20","Indexable",""
"https://www.mychef.ae/yacht-catering-checklist-dubai","2","Catering at Sea Demands a Different Playbook","44","The Logistics Behind a Perfect Yacht Event","42","Indexable",""
"https://www.mychef.ae/baby-shower-catering-dubai","2","A Gentle, Beautiful Spread for Your Shower","42","Baby Shower Catering Formats","28","Indexable",""
"https://www.mychef.ae/proposal-dinner-dubai","2","Every Detail, Choreographed","27","More Than Just Dinner","21","Indexable",""
"https://www.mychef.ae/finger-food-catering-dubai","2","Effortless Bites for Every Gathering","36","Finger Food for Every Event","27","Indexable",""
"https://www.mychef.ae/coffee-tea-service-dubai","2","A Better Break Starts Here","26","Coffee & Tea Service Formats","28","Indexable",""
"https://www.mychef.ae/brunch-catering-dubai","2","Start the Day Exceptionally","27","Brunch Catering for Every Morning","33","Indexable",""
"https://www.mychef.ae/chefs-table-dubai","2","Dinner as Performance","21","Choose Your Experience","22","Indexable",""
"https://www.mychef.ae/fodmap-catering-dubai","2","Event Catering for Sensitive Digestive Systems","46","FODMAP-Friendly Catering Formats","32","Indexable",""
"https://www.mychef.ae/breakfast-catering-dubai","2","Start the Day With a Well-Planned Breakfast","43","Breakfast Catering Formats","26","Indexable",""
"https://www.mychef.ae/ramadan-catering-dubai","2","Catering for Every Evening of Ramadan","37","Iftar, Suhoor & Everything Between","34","Indexable",""
"https://www.mychef.ae/private-chef-dubai/how-it-works","2","Getting a cook in Dubai is easy. Keeping one is the product.","60","We ask about the role — never “what level would you like?”","58","Indexable",""
"https://www.mychef.ae/buffet-catering-dubai","2","Generous Stations, Effortless Service","37","Build Your Buffet","17","Indexable",""
"https://www.mychef.ae/wellness-meal-prep-dubai","2","Wellness Meal Prep Programmes","29","How Wellness Meal Prep Works","28","Indexable",""
"https://www.mychef.ae/asian-catering-dubai","2","One Continent, Endless Flavour","30","From Wok to Counter","19","Indexable",""
"https://www.mychef.ae/blog/private-chef-date-night-dubai","2","Why a private chef beats a restaurant for date night","52","What does a private chef date night cost in Dubai?","50","Indexable",""
"https://www.mychef.ae/vegan-catering-dubai","2","Vegan Menus Worth Celebrating","29","Plant-Based for Every Occasion","30","Indexable",""
"https://www.mychef.ae/corporate-dinner-package-dubai","2","What is included in the Corporate Dinner package?","49","Common Questions About the Corporate Dinner Package","51","Indexable",""
"https://www.mychef.ae/fathers-day-catering-dubai","2","A Father's Day Feast Worthy of the Occasion","43","Father's Day Catering Formats","29","Indexable",""
"https://www.mychef.ae/blog/nye-party-catering-dubai","2","What does NYE party catering in Dubai include?","46","How much does NYE catering cost per person in Dubai?","52","Indexable",""
"https://www.mychef.ae/kids-birthday-catering-dubai","2","Birthday Parties That Parents & Kids Both Enjoy","47","Kids Party Catering Formats","27","Indexable",""
"https://www.mychef.ae/halloween-catering-dubai","2","A Halloween Party Worth Hosting","31","Halloween Celebration Formats","29","Indexable",""
"https://www.mychef.ae/keto-catering-dubai","2","Low-Carb Menus That Still Feel Luxurious","40","Keto & Low-Carb Formats","23","Indexable",""
"https://www.mychef.ae/chef-training-academy","2","Training Built for Private Dining","33","Skills That Set You Apart","25","Indexable",""
"https://www.mychef.ae/gala-dinner-catering-dubai","2","The Importance of Gala Catering","31","Service Styles for Every Formal Dinner","38","Indexable",""
"https://www.mychef.ae/festive-catering-dubai","2","Celebrate Every Season in Dubai","31","Explore Our Catering Services","29","Indexable",""
"https://www.mychef.ae/blog/dinner-party-menu-ideas-dubai","2","Dinner party menu ideas Dubai hosts can build a night around","60","How much does a dinner party in Dubai cost?","43","Indexable",""
"https://www.mychef.ae/canape-catering-dubai","2","Small Bites, Lasting Impressions","32","Canapés for Every Reception","27","Indexable",""
"https://www.mychef.ae/mothers-day-catering-dubai","2","A Mother's Day Celebration She Actually Deserves","48","Mother's Day Catering Formats","29","Indexable",""
"https://www.mychef.ae/bbq-catering-dubai","2","Open-Flame Cooking, Brought to You","34","BBQ Catering, Your Way","22","Indexable",""
"https://www.mychef.ae/brand-activation-catering-dubai","2","Why Experiential Catering Works","31","Formats Built for Engagement","28","Indexable",""
"https://www.mychef.ae/corporate-retainer-dubai","2","Catering Without the Admin Overhead","35","Choose Your Monthly Tier","24","Indexable",""
"https://www.mychef.ae/sushi-catering-dubai","2","Sushi, Crafted for the Occasion","31","Sushi for Every Occasion","24","Indexable",""
"https://www.mychef.ae/pescatarian-catering-dubai","2","Pescatarian Dining Done Beautifully","35","Pescatarian Formats for Every Event","35","Indexable",""
"https://www.mychef.ae/oyster-bar-dubai","2","The Finest Catch, Served in Style","33","Seafood Bar Formats","19","Indexable",""
"https://www.mychef.ae/christmas-catering-dubai","2","A Christmas Feast Without the Stress","36","Celebrations for Every Kind of Host","35","Indexable",""
"https://www.mychef.ae/grazing-table-dubai","2","A Centrepiece Guests Gather Around","34","Grazing for Every Occasion","26","Indexable",""
"https://www.mychef.ae/chinese-new-year-catering-dubai","2","A Lucky Start to the Lunar New Year","35","Chinese New Year Catering Formats","33","Indexable",""
"https://www.mychef.ae/mediterranean-catering-dubai","2","Sun, Sea, and the Simplicity of Good Ingredients","48","From the Coast to the Table","27","Indexable",""
"https://www.mychef.ae/uae-national-day-catering-dubai","2","A National Day Feast Worthy of the Occasion","43","National Day Celebration Formats","32","Indexable",""
"https://www.mychef.ae/bachelor-party-catering-dubai","2","A Send-Off Worth Remembering","28","Catering Built for the Party","28","Indexable",""
"https://www.mychef.ae/blog/how-much-does-private-chef-cost-dubai","2","At a Glance","11","Typical Private Chef Price Ranges","33","Indexable",""
"https://www.mychef.ae/dessert-table-catering-dubai","2","The Sweetest Moment of the Day","30","Sweet Tables for Every Occasion","31","Indexable",""
"https://www.mychef.ae/chefs/matteo-pastry-chef","2","Matteo Moretti","14","Sample Menus by Matteo","22","Indexable",""
"https://www.mychef.ae/blog/brunch-at-home-dubai","2","What is a Dubai style brunch?","29","How much does a brunch at home in Dubai cost?","45","Indexable",""
"https://www.mychef.ae/exhibition-catering-dubai","2","Keep Your Stand, Staff and Visitors Well Fed","44","Exhibition Catering Formats","27","Indexable",""
"https://www.mychef.ae/blog/how-to-hire-a-private-chef-dubai","2","How to hire a private chef in Dubai, step by step","49","How much does it cost to hire a private chef in Dubai?","54","Indexable",""
"https://www.mychef.ae/engagement-catering-dubai","2","An Evening to Celebrate the News","32","Catering Crafted for the Occasion","33","Indexable",""
"https://www.mychef.ae/blog/vegan-catering-dubai-guide","2","What does plant-based catering in Dubai include?","48","Is vegan food in demand in Dubai now?","37","Indexable",""
"https://www.mychef.ae/blog/halal-private-dining-dubai-what-to-ask","2","At a Glance","11","What Does Halal Private Dining Actually Mean?","45","Indexable",""
"https://www.mychef.ae/dubai-event-catering-price-guide-2026","2","Understand What Catering Really Costs in Dubai","46","How Dubai Catering Pricing Works","32","Indexable",""
"https://www.mychef.ae/party-catering-dubai","2","Catering Built Around Your Celebration","38","Choose Your Celebration","23","Indexable",""
"https://www.mychef.ae/beach-catering-dubai","2","Dining with Your Feet in the Sand","33","Beach Catering Formats","22","Indexable",""
"https://www.mychef.ae/date-night-package-dubai","2","What is included in the Date Night package?","43","Common Questions About the Date Night Package","45","Indexable",""
"https://www.mychef.ae/blog/topic/seasonal","2","Guides in this topic","20","Plan it with myCHEF","19","Indexable",""
"https://www.mychef.ae/bachelorette-party-catering-dubai","2","A Celebration Worth Styling","27","Catering Styled for the Occasion","32","Indexable",""
"https://www.mychef.ae/dessert-cart-dubai","2","Sweet Moments, Served with Style","32","Dessert Cart Formats","20","Indexable",""
"https://www.mychef.ae/shawarma-station-dubai","2","Theatre, Smoke and Authentic Flavour","36","Shawarma & Kebab Station Formats","32","Indexable",""
"https://www.mychef.ae/diwali-catering-dubai","2","A Festive Table to Celebrate Diwali","35","Festive Indian for Every Gathering","34","Indexable",""
"https://www.mychef.ae/easter-catering-dubai","2","An Easter Feast Worth Celebrating","33","Easter Celebration Formats","26","Indexable",""
"https://www.mychef.ae/become-a-mychef","2","Cook at Dubai's Most Exciting Private Events","44","What We Look For","16","Indexable",""
"https://www.mychef.ae/blog/ramadan-iftar-catering-trends-2026","2","At a Glance","11","Modern Emirati Flavours with a Contemporary Touch","49","Indexable",""
"https://www.mychef.ae/mychef-certified","2","A Standard You Can Taste","24","Four Pillars of Certification","29","Indexable",""
"https://www.mychef.ae/suhoor-catering-dubai","2","Sustaining Suhoor, Served with Calm","35","Built for the Hours Before Fajr","31","Indexable",""
"https://www.mychef.ae/indian-catering-dubai","2","The Depth of Indian Cuisine, Done Properly","42","From Tandoor to Table","21","Indexable",""
"https://www.mychef.ae/dairy-free-catering-dubai","2","Dairy-Free Menus That Still Feel Indulgent","42","Dairy-Free Formats for Every Occasion","37","Indexable",""
"https://www.mychef.ae/family-feast-package-dubai","2","What is included in the Family Feast package?","45","Common Questions About the Family Feast Package","47","Indexable",""
"https://www.mychef.ae/halal-catering-dubai","2","Catering Every Guest Can Enjoy","30","Halal for Every Occasion","24","Indexable",""
"https://www.mychef.ae/jain-catering-dubai","2","Catering That Honours Jain Dietary Principles","45","Jain Catering Formats","21","Indexable",""
"https://www.mychef.ae/healthy-catering-dubai","2","Food That Leaves You Energised","30","Balanced for Every Occasion","27","Indexable",""
"https://www.mychef.ae/blog/grazing-table-vs-buffet-dubai","2","What exactly is a grazing table?","32","What is a buffet, and when does it win?","39","Indexable",""
"https://www.mychef.ae/housewarming-catering-dubai","2","Make Your New House Feel Like Home","34","Housewarming Catering Formats","29","Indexable",""
"https://www.mychef.ae/gluten-free-catering-dubai","2","Gluten-Free Dining Without Compromise","37","Gluten-Free Formats for Every Event","35","Indexable",""
"https://www.mychef.ae/partners/event-planners-dubai","2","Deliver Flawless Catering for Every Event","41","What You Gain","13","Indexable",""
"https://www.mychef.ae/blog/topic/private-chef","2","Guides in this topic","20","Plan it with myCHEF","19","Indexable",""
"https://www.mychef.ae/partners/villa-rentals-dubai","2","Add a Premium Dining Experience to Every Villa Stay","51","What You Gain","13","Indexable",""
"https://www.mychef.ae/new-year-catering-dubai","2","A New Year's Eve Worth Remembering","34","Hosts Who Want a Seamless Countdown","35","Indexable",""
"https://www.mychef.ae/film-crew-catering-dubai","2","Food That Holds the Schedule Together","37","Catering for Every Stage of the Day","35","Indexable",""
"https://www.mychef.ae/nut-free-catering-dubai","2","Safe, Delicious Catering Without Nuts","37","Nut-Free Formats for Every Setting","34","Indexable",""
"https://www.mychef.ae/influencer-partnerships","2","Content Worth Savouring","23","Built for Creators","18","Indexable",""
"https://www.mychef.ae/founding-customer-offer","2","Premium Perks for Early Believers","33","Built Around You","16","Indexable",""
"https://www.mychef.ae/mychef-membership","2","More Value for Frequent Hosts","29","Membership Tiers","16","Indexable",""
"https://www.mychef.ae/loyalty-programme","2","Rewards That Taste Better","25","How You Earn and Grow","21","Indexable",""
"https://www.mychef.ae/partners","2","Four Ways We Work With Other Businesses","39","Concierge Services","18","Indexable",""
"https://www.mychef.ae/referral-programme","2","Three Steps to Earn Credit","26","Share Great Food, Earn Great Rewards","36","Indexable",""
