"Address","Title 1","Occurrences","HTML hreflang 1","HTML hreflang 1 URL","HTTP hreflang 1","HTTP hreflang 1 URL","Sitemap hreflang 1","Sitemap hreflang 1 URL","Indexability","Indexability Status"
"https://www.mychef.ae/","Private Chef & Catering Dubai | Villas, Yachts, Events | myCHEF","1","en-ae","https://www.mychef.ae/","","","","","Indexable",""
"https://www.mychef.ae/terms","Terms of Service | myCHEF","1","en-ae","https://www.mychef.ae/terms","","","","","Non-Indexable","noindex"
"https://www.mychef.ae/private-chef-prices-dubai","Private Chef Prices Dubai | AED 700–950 Per Person | myCHEF","1","en-ae","https://www.mychef.ae/private-chef-prices-dubai","","","","","Indexable",""
"https://www.mychef.ae/wedding-catering-menu-planning-dubai?utm_source=mychef.ae&utm_medium=home_guides_teaser&utm_campaign=home","Wedding Menu Planning Dubai | Ideas, Buffets & Tastings | myCHEF","1","en-ae","https://www.mychef.ae/wedding-catering-menu-planning-dubai","","","","","Non-Indexable","Canonicalised"
"https://www.mychef.ae/faq","FAQ | Private Chef & Catering Dubai | myCHEF","1","en-ae","https://www.mychef.ae/faq","","","","","Indexable",""
"https://www.mychef.ae/corporate-event-catering-dubai","Corporate Event Catering Dubai | Company Parties & Galas | myCHEF","1","en-ae","https://www.mychef.ae/corporate-event-catering-dubai","","","","","Indexable",""
"https://www.mychef.ae/private-chef-vs-catering-dubai","Private Chef vs Catering Dubai | Guide | myCHEF","1","en-ae","https://www.mychef.ae/private-chef-vs-catering-dubai","","","","","Indexable",""
"https://www.mychef.ae/locations/jlt","Private Chef JLT Dubai | Office & Lakeside Apartment | myCHEF","1","en-ae","https://www.mychef.ae/locations/jlt","","","","","Indexable",""
"https://www.mychef.ae/catering-cost-calculator-dubai","Catering Cost Calculator Dubai | Instant Price Estimate | myCHEF","1","en-ae","https://www.mychef.ae/catering-cost-calculator-dubai","","","","","Indexable",""
"https://www.mychef.ae/ramadan-catering-guide-dubai","Ramadan Catering Guide Dubai | Iftar | myCHEF","1","en-ae","https://www.mychef.ae/ramadan-catering-guide-dubai","","","","","Indexable",""
"https://www.mychef.ae/about","About myCHEF Dubai | myCHEF","1","en-ae","https://www.mychef.ae/about","","","","","Indexable",""
"https://www.mychef.ae/locations/umm-suqeim","Private Chef Umm Suqeim Dubai | Beachfront Villa | myCHEF","1","en-ae","https://www.mychef.ae/locations/umm-suqeim","","","","","Indexable",""
"https://www.mychef.ae/locations/dubai-marina","Private Chef Dubai Marina | Yacht & Penthouse Catering | myCHEF","1","en-ae","https://www.mychef.ae/locations/dubai-marina","","","","","Indexable",""
"https://www.mychef.ae/full-time-private-chef-dubai","Full-Time Private Chef Dubai | Live-In & Live-Out | myCHEF","1","en-ae","https://www.mychef.ae/full-time-private-chef-dubai","","","","","Indexable",""
"https://www.mychef.ae/blog/wedding-catering-cost-dubai","Wedding Catering Cost Dubai | 2026 Planning Estimates | myCHEF","1","en-ae","https://www.mychef.ae/blog/wedding-catering-cost-dubai","","","","","Indexable",""
"https://www.mychef.ae/venue-partners","Venue Partners | Preferred Catering | myCHEF","1","en-ae","https://www.mychef.ae/venue-partners","","","","","Indexable",""
"https://www.mychef.ae/wedding-catering-checklist-dubai","Wedding Catering Checklist Dubai | Timeline & Questions | myCHEF","1","en-ae","https://www.mychef.ae/wedding-catering-checklist-dubai","","","","","Indexable",""
"https://www.mychef.ae/buffet-vs-plated-dubai","Buffet vs Plated Service Dubai | Guide | myCHEF","1","en-ae","https://www.mychef.ae/buffet-vs-plated-dubai","","","","","Indexable",""
"https://www.mychef.ae/blog","Blog | Private Chef & Catering Insights | myCHEF","1","en-ae","https://www.mychef.ae/blog","","","","","Indexable",""
"https://www.mychef.ae/corporate","Corporate Catering Dubai | Offices & Events, AED 90pp | myCHEF","1","en-ae","https://www.mychef.ae/corporate","","","","","Indexable",""
"https://www.mychef.ae/press","Press & Media | Brand Assets & Media Kit | myCHEF","1","en-ae","https://www.mychef.ae/press","","","","","Indexable",""
"https://www.mychef.ae/dubai-food-trends-report-2026?utm_source=mychef.ae&utm_medium=home_guides_teaser&utm_campaign=home","Dubai Food Trends Report 2026 | myCHEF","1","en-ae","https://www.mychef.ae/dubai-food-trends-report-2026","","","","","Non-Indexable","Canonicalised"
"https://www.mychef.ae/luxury-dining-experiences","Luxury Dining Experiences Dubai | Private Chef Dining | myCHEF","1","en-ae","https://www.mychef.ae/luxury-dining-experiences","","","","","Indexable",""
"https://www.mychef.ae/private-party-catering-dubai","Private Party Catering Dubai | Home & Villa Events | myCHEF","1","en-ae","https://www.mychef.ae/private-party-catering-dubai","","","","","Indexable",""
"https://www.mychef.ae/contact","Contact Us | myCHEF","1","en-ae","https://www.mychef.ae/contact","","","","","Indexable",""
"https://www.mychef.ae/catering","Private Chef & Catering Dubai | Villas, Yachts, Events | myCHEF","1","en-ae","https://www.mychef.ae/","","","","","Non-Indexable","Canonicalised"
"https://www.mychef.ae/locations/jvc","Private Chef JVC Dubai | Family & Home Celebrations | myCHEF","1","en-ae","https://www.mychef.ae/locations/jvc","","","","","Indexable",""
"https://www.mychef.ae/locations/dubai-hills","Private Chef Dubai Hills | Golf & Family Villa | myCHEF","1","en-ae","https://www.mychef.ae/locations/dubai-hills","","","","","Indexable",""
"https://www.mychef.ae/desert-dining-dubai","Desert Dining Dubai | Luxury Outdoor Feasts | myCHEF","1","en-ae","https://www.mychef.ae/desert-dining-dubai","","","","","Indexable",""
"https://www.mychef.ae/dubai-food-trends-report-2026","Dubai Food Trends Report 2026 | myCHEF","1","en-ae","https://www.mychef.ae/dubai-food-trends-report-2026","","","","","Indexable",""
"https://www.mychef.ae/private-jet-catering-dubai","Private Jet Catering Dubai | Coordinated to the Flight | myCHEF","1","en-ae","https://www.mychef.ae/private-jet-catering-dubai","","","","","Indexable",""
"https://www.mychef.ae/menus","Catering Menus Dubai | Chef Inspiration & Cuisines | myCHEF","1","en-ae","https://www.mychef.ae/menus","","","","","Indexable",""
"https://www.mychef.ae/private-chef-dubai","Private Chef Dubai | Private Chef Services for Your Home | myCHEF","1","en-ae","https://www.mychef.ae/private-chef-dubai","","","","","Indexable",""
"https://www.mychef.ae/corporate-catering-checklist-dubai","Corporate Catering Checklist Dubai | myCHEF","1","en-ae","https://www.mychef.ae/corporate-catering-checklist-dubai","","","","","Indexable",""
"https://www.mychef.ae/dubai-event-catering-price-guide-2026?utm_source=mychef.ae&utm_medium=home_guides_teaser&utm_campaign=home","Dubai Event Catering Prices 2026 | myCHEF","1","en-ae","https://www.mychef.ae/dubai-event-catering-price-guide-2026","","","","","Non-Indexable","Canonicalised"
"https://www.mychef.ae/how-to-choose-caterer-dubai","How to Choose a Caterer in Dubai | myCHEF","1","en-ae","https://www.mychef.ae/how-to-choose-caterer-dubai","","","","","Indexable",""
"https://www.mychef.ae/events","Event Catering Dubai | Birthdays, Weddings & Parties | myCHEF","1","en-ae","https://www.mychef.ae/events","","","","","Indexable",""
"https://www.mychef.ae/how-it-works","How to Book a Private Chef in Dubai | myCHEF","1","en-ae","https://www.mychef.ae/how-it-works","","","","","Indexable",""
"https://www.mychef.ae/locations/difc","Private Chef DIFC Dubai | Corporate & Boardroom | myCHEF","1","en-ae","https://www.mychef.ae/locations/difc","","","","","Indexable",""
"https://www.mychef.ae/dubai-catering-prices-guide","How Much Does Catering Cost in Dubai? | 2026 Price Guide | myCHEF","1","en-ae","https://www.mychef.ae/dubai-catering-prices-guide","","","","","Indexable",""
"https://www.mychef.ae/villas-private-residences","Villa Chef Dubai | Private Chef, Palm & Emirates Hills | myCHEF","1","en-ae","https://www.mychef.ae/villas-private-residences","","","","","Indexable",""
"https://www.mychef.ae/locations/jumeirah","Private Chef Jumeirah Dubai | Beachfront & Villa | myCHEF","1","en-ae","https://www.mychef.ae/locations/jumeirah","","","","","Indexable",""
"https://www.mychef.ae/locations/business-bay","Private Chef Business Bay Dubai | Corporate & Private | myCHEF","1","en-ae","https://www.mychef.ae/locations/business-bay","","","","","Indexable",""
"https://www.mychef.ae/wedding-catering-dubai","Wedding Catering Dubai | Villa, Garden & Venue | myCHEF","1","en-ae","https://www.mychef.ae/wedding-catering-dubai","","","","","Indexable",""
"https://www.mychef.ae/locations/downtown-dubai","Private Chef Downtown Dubai | Penthouse & Corporate | myCHEF","1","en-ae","https://www.mychef.ae/locations/downtown-dubai","","","","","Indexable",""
"https://www.mychef.ae/cuisines-dubai","Multi Cuisine Catering Dubai | Italian, Arabic, Indian | myCHEF","1","en-ae","https://www.mychef.ae/cuisines-dubai","","","","","Indexable",""
"https://www.mychef.ae/booking-protection-insurance","Catering Cancellation Policy Dubai | myCHEF","1","en-ae","https://www.mychef.ae/booking-protection-insurance","","","","","Indexable",""
"https://www.mychef.ae/partner-with-us","Partner With Us Dubai | Chef Partnerships | myCHEF","1","en-ae","https://www.mychef.ae/partner-with-us","","","","","Indexable",""
"https://www.mychef.ae/locations/emirates-hills","Private Chef Emirates Hills Dubai | Villa & Estate | myCHEF","1","en-ae","https://www.mychef.ae/locations/emirates-hills","","","","","Indexable",""
"https://www.mychef.ae/tourist-villa-chef-dubai","Holiday Villa Chef Dubai | Multi-Day Private Dining | myCHEF","1","en-ae","https://www.mychef.ae/tourist-villa-chef-dubai","","","","","Indexable",""
"https://www.mychef.ae/yacht-catering-checklist-dubai?utm_source=mychef.ae&utm_medium=home_guides_teaser&utm_campaign=home","Yacht Catering Checklist Dubai | myCHEF","1","en-ae","https://www.mychef.ae/yacht-catering-checklist-dubai","","","","","Non-Indexable","Canonicalised"
"https://www.mychef.ae/weekly-meal-prep-dubai?utm_source=mychef.ae&utm_medium=starter_package_card&utm_campaign=home","Weekly Meal Prep Dubai | Private Chef from AED 1,898 | myCHEF","1","en-ae","https://www.mychef.ae/weekly-meal-prep-dubai","","","","","Non-Indexable","Canonicalised"
"https://www.mychef.ae/yachts","Yacht Catering Dubai | 2–50 Guests, From AED 150pp | myCHEF","1","en-ae","https://www.mychef.ae/yachts","","","","","Indexable",""
"https://www.mychef.ae/luxury-dinner-planning-guide-dubai","Luxury Dinner Planning Guide Dubai | myCHEF","1","en-ae","https://www.mychef.ae/luxury-dinner-planning-guide-dubai","","","","","Indexable",""
"https://www.mychef.ae/tasting-menu-dubai","Private Chef Tasting Menu Dubai | Chef’s Table | myCHEF","1","en-ae","https://www.mychef.ae/tasting-menu-dubai","","","","","Indexable",""
"https://www.mychef.ae/wedding-catering-menu-planning-dubai","Wedding Menu Planning Dubai | Ideas, Buffets & Tastings | myCHEF","1","en-ae","https://www.mychef.ae/wedding-catering-menu-planning-dubai","","","","","Indexable",""
"https://www.mychef.ae/villa-catering-ideas-dubai","Villa Catering Ideas Dubai | Party Menus | myCHEF","1","en-ae","https://www.mychef.ae/villa-catering-ideas-dubai","","","","","Indexable",""
"https://www.mychef.ae/gift-cards","Gift Cards Dubai | Private Chef Experience | myCHEF","1","en-ae","https://www.mychef.ae/gift-cards","","","","","Indexable",""
"https://www.mychef.ae/site-map","Site Map | myCHEF","1","en-ae","https://www.mychef.ae/site-map","","","","","Non-Indexable","noindex"
"https://www.mychef.ae/guides","Catering Guides Dubai | Prices & Planning | myCHEF","1","en-ae","https://www.mychef.ae/guides","","","","","Indexable",""
"https://www.mychef.ae/privacy-policy","Privacy Policy | myCHEF","1","en-ae","https://www.mychef.ae/privacy-policy","","","","","Non-Indexable","noindex"
"https://www.mychef.ae/review","Leave a Review & Get AED 50 Credit | myCHEF","1","en-ae","https://www.mychef.ae/review","","","","","Non-Indexable","noindex"
"https://www.mychef.ae/birthday-catering-dubai","Birthday Catering Dubai | Kids, Adults & Villas | myCHEF","1","en-ae","https://www.mychef.ae/birthday-catering-dubai","","","","","Indexable",""
"https://www.mychef.ae/guides?utm_source=mychef.ae&utm_medium=home_guides_teaser&utm_campaign=home","Catering Guides Dubai | Prices & Planning | myCHEF","1","en-ae","https://www.mychef.ae/guides","","","","","Non-Indexable","Canonicalised"
"https://www.mychef.ae/halal-private-dining-dubai","Halal Private Dining Dubai | Certified | myCHEF","1","en-ae","https://www.mychef.ae/halal-private-dining-dubai","","","","","Indexable",""
"https://www.mychef.ae/weekly-meal-prep-dubai","Weekly Meal Prep Dubai | Private Chef from AED 1,898 | myCHEF","1","en-ae","https://www.mychef.ae/weekly-meal-prep-dubai","","","","","Indexable",""
"https://www.mychef.ae/romantic-dinner-dubai","Romantic Private Dinner Dubai | myCHEF","1","en-ae","https://www.mychef.ae/romantic-dinner-dubai","","","","","Indexable",""
"https://www.mychef.ae/drop-off-catering-dubai","Drop-Off Catering Dubai | Office & Event Meals Delivered | myCHEF","1","en-ae","https://www.mychef.ae/drop-off-catering-dubai","","","","","Indexable",""
"https://www.mychef.ae/catering-dubai","Catering Dubai | Food Only to Full Event Support | myCHEF","1","en-ae","https://www.mychef.ae/catering-dubai","","","","","Indexable",""
"https://www.mychef.ae/how-we-vet-our-chefs","How We Vet the Chefs in Our Network | myCHEF","1","en-ae","https://www.mychef.ae/how-we-vet-our-chefs","","","","","Indexable",""
"https://www.mychef.ae/locations/jbr","Private Chef JBR Dubai | Beachfront & Apartment | myCHEF","1","en-ae","https://www.mychef.ae/locations/jbr","","","","","Indexable",""
"https://www.mychef.ae/locations/palm-jumeirah","Private Chef Palm Jumeirah | Villa & Yacht | myCHEF","1","en-ae","https://www.mychef.ae/locations/palm-jumeirah","","","","","Indexable",""
"https://www.mychef.ae/vip-club","VIP Club Dubai | Private Chef Membership | myCHEF","1","en-ae","https://www.mychef.ae/vip-club","","","","","Indexable",""
"https://www.mychef.ae/catering-packages-dubai","Catering Packages Dubai | Private Chef, From AED 1,200 | myCHEF","1","en-ae","https://www.mychef.ae/catering-packages-dubai","","","","","Indexable",""
"https://www.mychef.ae/case-studies","Event Case Studies | Luxury Catering Dubai | myCHEF","1","en-ae","https://www.mychef.ae/case-studies","","","","","Indexable",""
"https://www.mychef.ae/our-chefs","Private Chef Network Dubai | Vetted Chefs | myCHEF","1","en-ae","https://www.mychef.ae/our-chefs","","","","","Indexable",""
"https://www.mychef.ae/locations/arabian-ranches","Private Chef Arabian Ranches Dubai | Family Villa | myCHEF","1","en-ae","https://www.mychef.ae/locations/arabian-ranches","","","","","Indexable",""
"https://www.mychef.ae/locations/bluewaters-island","Private Chef Bluewaters Dubai | Island & Ain Dubai | myCHEF","1","en-ae","https://www.mychef.ae/locations/bluewaters-island","","","","","Indexable",""
"https://www.mychef.ae/locations","Private Chef & Catering Locations | myCHEF","1","en-ae","https://www.mychef.ae/locations","","","","","Indexable",""
"https://www.mychef.ae/gallery","Event Gallery | Private Chef & Catering | myCHEF","1","en-ae","https://www.mychef.ae/gallery","","","","","Indexable",""
"https://www.mychef.ae/yacht-catering-guide-dubai","Yacht Catering Guide Dubai | Menus | myCHEF","1","en-ae","https://www.mychef.ae/yacht-catering-guide-dubai","","","","","Indexable",""
"https://www.mychef.ae/locations/al-barsha","Private Chef Al Barsha Dubai | Flexible Catering | myCHEF","1","en-ae","https://www.mychef.ae/locations/al-barsha","","","","","Indexable",""
"https://www.mychef.ae/private-cooking-classes-dubai","Private Cooking Classes Dubai | Chef-Led at Home | myCHEF","1","en-ae","https://www.mychef.ae/private-cooking-classes-dubai","","","","","Indexable",""
"https://www.mychef.ae/part-time-private-chef-dubai","Part-Time Private Chef Dubai | 2–3 Days Per Week | myCHEF","1","en-ae","https://www.mychef.ae/part-time-private-chef-dubai","","","","","Indexable",""
"https://www.mychef.ae/blog/corporate-catering-full-service-vs-drop-off","Corporate Catering: Full-Service vs Drop-Off | myCHEF","1","en-ae","https://www.mychef.ae/blog/corporate-catering-full-service-vs-drop-off","","","","","Indexable",""
"https://www.mychef.ae/blog/best-private-chef-birthday-dinner-dubai","Best Private Chef Birthday Dinner Dubai | myCHEF","1","en-ae","https://www.mychef.ae/blog/best-private-chef-birthday-dinner-dubai","","","","","Indexable",""
"https://www.mychef.ae/graduation-catering-dubai","Graduation Catering Dubai | School & University Parties | myCHEF","1","en-ae","https://www.mychef.ae/graduation-catering-dubai","","","","","Indexable",""
"https://www.mychef.ae/kids-nutrition-chef-dubai","Kids Meal Prep Dubai | Healthy Meals Children Eat | myCHEF","1","en-ae","https://www.mychef.ae/kids-nutrition-chef-dubai","","","","","Indexable",""
"https://www.mychef.ae/fitness-meal-prep-dubai","Fitness Meal Prep Dubai | Macro Meals | myCHEF","1","en-ae","https://www.mychef.ae/fitness-meal-prep-dubai","","","","","Indexable",""
"https://www.mychef.ae/sugar-free-catering-dubai","Sugar-Free Catering Dubai | Diabetic-Friendly | myCHEF","1","en-ae","https://www.mychef.ae/sugar-free-catering-dubai","","","","","Indexable",""
"https://www.mychef.ae/blog/topic/menus-dietary","Menus, Brunch & Dietary in Dubai | myCHEF","1","en-ae","https://www.mychef.ae/blog/topic/menus-dietary","","","","","Indexable",""
"https://www.mychef.ae/staff-meals-catering-dubai","Staff Meals Catering Dubai | Daily Team Meals & Canteens | myCHEF","1","en-ae","https://www.mychef.ae/staff-meals-catering-dubai","","","","","Indexable",""
"https://www.mychef.ae/mystery-dining-dubai","Surprise Dinner Experience Dubai | Private Chef Menus | myCHEF","1","en-ae","https://www.mychef.ae/mystery-dining-dubai","","","","","Indexable",""
"https://www.mychef.ae/blog/topic/celebrations","Weddings, Parties & Celebrations in Dubai | myCHEF","1","en-ae","https://www.mychef.ae/blog/topic/celebrations","","","","","Indexable",""
"https://www.mychef.ae/locations/jumeirah-islands","Private Chef & Catering Dubai | Villas, Yachts, Events | myCHEF","1","en-ae","https://www.mychef.ae/","","","","","Non-Indexable","Canonicalised"
"https://www.mychef.ae/private-chef-dubai/our-chefs","Private Chef & Catering Dubai | Villas, Yachts, Events | myCHEF","1","en-ae","https://www.mychef.ae/","","","","","Non-Indexable","Canonicalised"
"https://www.mychef.ae/chefs/ahmed-executive-chef","Ahmed Al-Rashid | Executive Chef | myCHEF","1","en-ae","https://www.mychef.ae/chefs/ahmed-executive-chef","","","","","Indexable",""
"https://www.mychef.ae/partners/yacht-charters-dubai","Yacht Charter Partnership Dubai | Chef | myCHEF","1","en-ae","https://www.mychef.ae/partners/yacht-charters-dubai","","","","","Indexable",""
"https://www.mychef.ae/farewell-catering-dubai","Farewell Party Catering Dubai | Retirement Send-Offs | myCHEF","1","en-ae","https://www.mychef.ae/farewell-catering-dubai","","","","","Indexable",""
"https://www.mychef.ae/private-chef-dubai/quality-training","Chef Quality & Training | Healthy Food Standards Dubai | myCHEF","1","en-ae","https://www.mychef.ae/private-chef-dubai/quality-training","","","","","Non-Indexable","noindex"
"https://www.mychef.ae/eid-catering-dubai","Eid Catering Dubai | al-Fitr & al-Adha Feasts | myCHEF","1","en-ae","https://www.mychef.ae/eid-catering-dubai","","","","","Indexable",""
"https://www.mychef.ae/conference-catering-dubai","Conference Catering Dubai | Breaks & Working Lunches | myCHEF","1","en-ae","https://www.mychef.ae/conference-catering-dubai","","","","","Indexable",""
"https://www.mychef.ae/blog/corporate-event-catering-ideas-dubai","Corporate Event Catering Ideas Dubai (2026) | myCHEF","1","en-ae","https://www.mychef.ae/blog/corporate-event-catering-ideas-dubai","","","","","Indexable",""
"https://www.mychef.ae/best-catering-companies-dubai","Best Catering Companies Dubai | 11 Compared on Prices | myCHEF","1","en-ae","https://www.mychef.ae/best-catering-companies-dubai","","","","","Indexable",""
"https://www.mychef.ae/pool-party-catering-dubai","Pool Party Catering Dubai | Villa Food | myCHEF","1","en-ae","https://www.mychef.ae/pool-party-catering-dubai","","","","","Indexable",""
"https://www.mychef.ae/case-studies/corporate-gala-dinner-downtown-dubai","Private Chef & Catering Dubai | Villas, Yachts, Events | myCHEF","1","en-ae","https://www.mychef.ae/","","","","","Non-Indexable","Canonicalised"
"https://www.mychef.ae/afternoon-tea-catering-dubai","Afternoon Tea Catering Dubai | High Tea | myCHEF","1","en-ae","https://www.mychef.ae/afternoon-tea-catering-dubai","","","","","Indexable",""
"https://www.mychef.ae/corporate-meal-prep-dubai","Corporate Meal Prep Dubai | Portioned Team Meals | myCHEF","1","en-ae","https://www.mychef.ae/corporate-meal-prep-dubai","","","","","Indexable",""
"https://www.mychef.ae/locations/mirdif","Private Chef & Catering Dubai | Villas, Yachts, Events | myCHEF","1","en-ae","https://www.mychef.ae/","","","","","Non-Indexable","Canonicalised"
"https://www.mychef.ae/blog/private-chef-palm-jumeirah-guide","Private Chef Palm Jumeirah: A Complete Guide | myCHEF","1","en-ae","https://www.mychef.ae/blog/private-chef-palm-jumeirah-guide","","","","","Indexable",""
"https://www.mychef.ae/blog/yacht-party-menu-ideas-dubai","Yacht Party Menu Ideas in Dubai | myCHEF","1","en-ae","https://www.mychef.ae/blog/yacht-party-menu-ideas-dubai","","","","","Indexable",""
"https://www.mychef.ae/bar-services-dubai","Bar Services Dubai | Bartender Hire & Mobile Bars | myCHEF","1","en-ae","https://www.mychef.ae/bar-services-dubai","","","","","Indexable",""
"https://www.mychef.ae/anniversary-catering-dubai","Anniversary Dinner Catering Dubai | Private Chef Menus | myCHEF","1","en-ae","https://www.mychef.ae/anniversary-catering-dubai","","","","","Indexable",""
"https://www.mychef.ae/chefs/marco-italian-chef","Marco Rossi | Independent partner chef | myCHEF","1","en-ae","https://www.mychef.ae/chefs/marco-italian-chef","","","","","Indexable",""
"https://www.mychef.ae/quality-guarantee-dubai","Quality Guarantee Dubai | Satisfaction | myCHEF","1","en-ae","https://www.mychef.ae/quality-guarantee-dubai","","","","","Indexable",""
"https://www.mychef.ae/weekly-meal-prep-dubai?utm_source=mychef.ae&utm_medium=starter_package_card&utm_campaign=catering-packages-dubai","Weekly Meal Prep Dubai | Private Chef from AED 1,898 | myCHEF","1","en-ae","https://www.mychef.ae/weekly-meal-prep-dubai","","","","","Non-Indexable","Canonicalised"
"https://www.mychef.ae/italian-catering-dubai","Italian Catering Dubai | Live Pasta, Pizza & Risotto | myCHEF","1","en-ae","https://www.mychef.ae/italian-catering-dubai","","","","","Indexable",""
"https://www.mychef.ae/blog/topic/outdoor","Outdoor & Destination Dining in Dubai | myCHEF","1","en-ae","https://www.mychef.ae/blog/topic/outdoor","","","","","Indexable",""
"https://www.mychef.ae/case-studies/product-launch-difc","Private Chef & Catering Dubai | Villas, Yachts, Events | myCHEF","1","en-ae","https://www.mychef.ae/","","","","","Non-Indexable","Canonicalised"
"https://www.mychef.ae/production-catering-dubai","Production Catering Dubai | TV, Photo & Event Crews | myCHEF","1","en-ae","https://www.mychef.ae/production-catering-dubai","","","","","Indexable",""
"https://www.mychef.ae/allergy-safe-catering-dubai","Allergy-Safe Catering Dubai | Gluten, Dairy & Nut-Free | myCHEF","1","en-ae","https://www.mychef.ae/allergy-safe-catering-dubai","","","","","Indexable",""
"https://www.mychef.ae/guide/private-dining-dubai","Private Dining Dubai: A Complete Guide | myCHEF","1","en-ae","https://www.mychef.ae/guide/private-dining-dubai","","","","","Indexable",""
"https://www.mychef.ae/blog/how-far-ahead-book-caterer-dubai","How Far Ahead to Book a Caterer in Dubai | myCHEF","1","en-ae","https://www.mychef.ae/blog/how-far-ahead-book-caterer-dubai","","","","","Indexable",""
"https://www.mychef.ae/birthday-catering-package-dubai","Birthday Catering Package Dubai | Private Chef for 8–12 | myCHEF","1","en-ae","https://www.mychef.ae/birthday-catering-package-dubai","","","","","Indexable",""
"https://www.mychef.ae/iftar-catering-dubai","Iftar Catering Dubai | Ramadan Private Chef & Buffet | myCHEF","1","en-ae","https://www.mychef.ae/iftar-catering-dubai","","","","","Indexable",""
"https://www.mychef.ae/blog/private-chef-vs-restaurant-dubai","Private Chef vs Restaurant Dubai: How to Choose | myCHEF","1","en-ae","https://www.mychef.ae/blog/private-chef-vs-restaurant-dubai","","","","","Indexable",""
"https://www.mychef.ae/valentines-day-catering-dubai","Valentine's Day Catering Dubai | Private Chef Dinners | myCHEF","1","en-ae","https://www.mychef.ae/valentines-day-catering-dubai","","","","","Indexable",""
"https://www.mychef.ae/cocktail-party-catering-dubai","Cocktail Party Catering Dubai | Canapés & Bar | myCHEF","1","en-ae","https://www.mychef.ae/cocktail-party-catering-dubai","","","","","Indexable",""
"https://www.mychef.ae/postpartum-meal-prep-dubai","Postpartum Meal Prep Dubai | Recovery Meals | myCHEF","1","en-ae","https://www.mychef.ae/postpartum-meal-prep-dubai","","","","","Indexable",""
"https://www.mychef.ae/blog/desert-dinner-party-dubai","Desert Dinner Party Dubai: Dining in the Dunes | myCHEF","1","en-ae","https://www.mychef.ae/blog/desert-dinner-party-dubai","","","","","Indexable",""
"https://www.mychef.ae/chefs/layla-middle-eastern-chef","Layla Hassan | Middle Eastern Chef | myCHEF","1","en-ae","https://www.mychef.ae/chefs/layla-middle-eastern-chef","","","","","Indexable",""
"https://www.mychef.ae/arabic-catering-dubai","Arabic Catering Dubai | Mezze, Grills & Ouzi | myCHEF","1","en-ae","https://www.mychef.ae/arabic-catering-dubai","","","","","Indexable",""
"https://www.mychef.ae/apartment-private-dining-dubai","Private Chef for Apartment Dubai | Dining for 2–8 | myCHEF","1","en-ae","https://www.mychef.ae/apartment-private-dining-dubai","","","","","Indexable",""
"https://www.mychef.ae/locations/dubai-internet-city","Private Chef & Catering Dubai | Villas, Yachts, Events | myCHEF","1","en-ae","https://www.mychef.ae/","","","","","Non-Indexable","Canonicalised"
"https://www.mychef.ae/picnic-catering-dubai","Picnic Catering Dubai | Outdoor Baskets & Grazing | myCHEF","1","en-ae","https://www.mychef.ae/picnic-catering-dubai","","","","","Indexable",""
"https://www.mychef.ae/vip-club?utm_source=mychef.ae&utm_medium=banner&utm_campaign=weekly-meal-prep-dubai","VIP Club Dubai | Private Chef Membership | myCHEF","1","en-ae","https://www.mychef.ae/vip-club","","","","","Non-Indexable","Canonicalised"
"https://www.mychef.ae/trust-and-programs","Trust & Programs | Standards, Protection and Membership | myCHEF","1","en-ae","https://www.mychef.ae/trust-and-programs","","","","","Indexable",""
"https://www.mychef.ae/office-catering-dubai","Office Catering Dubai | Daily Lunches & Retainers | myCHEF","1","en-ae","https://www.mychef.ae/office-catering-dubai","","","","","Indexable",""
"https://www.mychef.ae/blog/weekly-meal-prep-vs-full-time-chef-dubai","Weekly Meal Prep vs Full-Time Chef Dubai | myCHEF","1","en-ae","https://www.mychef.ae/blog/weekly-meal-prep-vs-full-time-chef-dubai","","","","","Indexable",""
"https://www.mychef.ae/mocktail-bar-catering-dubai","Mocktail Bar Catering Dubai | Alcohol-Free Craft Bar | myCHEF","1","en-ae","https://www.mychef.ae/mocktail-bar-catering-dubai","","","","","Indexable",""
"https://www.mychef.ae/case-studies/family-eid-gathering-arabian-ranches","Private Chef & Catering Dubai | Villas, Yachts, Events | myCHEF","1","en-ae","https://www.mychef.ae/","","","","","Non-Indexable","Canonicalised"
"https://www.mychef.ae/product-launch-catering-dubai","Product Launch Catering Dubai | Media & Press | myCHEF","1","en-ae","https://www.mychef.ae/product-launch-catering-dubai","","","","","Indexable",""
"https://www.mychef.ae/business-lunch-catering-dubai","Business Lunch Catering Dubai | Boardroom & Client | myCHEF","1","en-ae","https://www.mychef.ae/business-lunch-catering-dubai","","","","","Indexable",""
"https://www.mychef.ae/blog/topic/corporate","Corporate & Team Catering in Dubai | myCHEF","1","en-ae","https://www.mychef.ae/blog/topic/corporate","","","","","Indexable",""
"https://www.mychef.ae/private-dining-dubai","Private Chef & Catering Dubai | Villas, Yachts, Events | myCHEF","1","en-ae","https://www.mychef.ae/","","","","","Non-Indexable","Canonicalised"
"https://www.mychef.ae/blog/iftar-at-home-dubai","Iftar at Home Dubai: Menu, Timing & Cost Guide | myCHEF","1","en-ae","https://www.mychef.ae/blog/iftar-at-home-dubai","","","","","Indexable",""
"https://www.mychef.ae/holi-catering-dubai","Holi Catering Dubai | Festival Feasts | myCHEF","1","en-ae","https://www.mychef.ae/holi-catering-dubai","","","","","Indexable",""
"https://www.mychef.ae/reunion-catering-dubai","Reunion Catering Dubai | Family & Friends | myCHEF","1","en-ae","https://www.mychef.ae/reunion-catering-dubai","","","","","Indexable",""
"https://www.mychef.ae/partners/concierge-services-dubai","Concierge Partnership Dubai | Catering | myCHEF","1","en-ae","https://www.mychef.ae/partners/concierge-services-dubai","","","","","Indexable",""
"https://www.mychef.ae/vegetarian-catering-dubai","Vegetarian Catering Dubai | Indian & Mediterranean | myCHEF","1","en-ae","https://www.mychef.ae/vegetarian-catering-dubai","","","","","Indexable",""
"https://www.mychef.ae/menu-mains.webp","Private Chef & Catering Dubai | Villas, Yachts, Events | myCHEF","1","en-ae","https://www.mychef.ae/","","","","","Non-Indexable","Canonicalised"
"https://www.mychef.ae/live-cooking-stations-dubai","Live Cooking Stations Dubai | Interactive Food Stations | myCHEF","1","en-ae","https://www.mychef.ae/live-cooking-stations-dubai","","","","","Indexable",""
"https://www.mychef.ae/locations/meydan","Private Chef & Catering Dubai | Villas, Yachts, Events | myCHEF","1","en-ae","https://www.mychef.ae/","","","","","Non-Indexable","Canonicalised"
"https://www.mychef.ae/yacht-catering-checklist-dubai","Yacht Catering Checklist Dubai | myCHEF","1","en-ae","https://www.mychef.ae/yacht-catering-checklist-dubai","","","","","Indexable",""
"https://www.mychef.ae/locations/dubai-harbour","Private Chef & Catering Dubai | Villas, Yachts, Events | myCHEF","1","en-ae","https://www.mychef.ae/","","","","","Non-Indexable","Canonicalised"
"https://www.mychef.ae/baby-shower-catering-dubai","Baby Shower Catering Dubai | Grazing Tables & Mocktails | myCHEF","1","en-ae","https://www.mychef.ae/baby-shower-catering-dubai","","","","","Indexable",""
"https://www.mychef.ae/proposal-dinner-dubai","Proposal Dinner Dubai | Private Chef from AED 1,200 | myCHEF","1","en-ae","https://www.mychef.ae/proposal-dinner-dubai","","","","","Indexable",""
"https://www.mychef.ae/case-studies/intimate-anniversary-dinner-palm-jumeirah","Private Chef & Catering Dubai | Villas, Yachts, Events | myCHEF","1","en-ae","https://www.mychef.ae/","","","","","Non-Indexable","Canonicalised"
"https://www.mychef.ae/finger-food-catering-dubai","Finger Food Catering Dubai | Office & Party Menus | myCHEF","1","en-ae","https://www.mychef.ae/finger-food-catering-dubai","","","","","Indexable",""
"https://www.mychef.ae/coffee-tea-service-dubai","Coffee & Tea Service Dubai | Receptions | myCHEF","1","en-ae","https://www.mychef.ae/coffee-tea-service-dubai","","","","","Indexable",""
"https://www.mychef.ae/brunch-catering-dubai","Brunch Catering Dubai | Private Chef & Villa Brunch | myCHEF","1","en-ae","https://www.mychef.ae/brunch-catering-dubai","","","","","Indexable",""
"https://www.mychef.ae/chefs-table-dubai","Chef's Table Dubai | Omakase at Home | myCHEF","1","en-ae","https://www.mychef.ae/chefs-table-dubai","","","","","Indexable",""
"https://www.mychef.ae/fodmap-catering-dubai","FODMAP-Friendly Catering Dubai | Low-FODMAP | myCHEF","1","en-ae","https://www.mychef.ae/fodmap-catering-dubai","","","","","Indexable",""
"https://www.mychef.ae/breakfast-catering-dubai","Breakfast Catering Dubai | Office & Home | myCHEF","1","en-ae","https://www.mychef.ae/breakfast-catering-dubai","","","","","Indexable",""
"https://www.mychef.ae/ramadan-catering-dubai","Ramadan Catering Dubai | Iftar, Suhoor & Private Chef | myCHEF","1","en-ae","https://www.mychef.ae/ramadan-catering-dubai","","","","","Indexable",""
"https://www.mychef.ae/private-chef-dubai/how-it-works","How to Get a Cook in Dubai | Managed Chef Service | myCHEF","1","en-ae","https://www.mychef.ae/private-chef-dubai/how-it-works","","","","","Indexable",""
"https://www.mychef.ae/buffet-catering-dubai","Buffet Catering Dubai | Hot, Cold & Live Stations | myCHEF","1","en-ae","https://www.mychef.ae/buffet-catering-dubai","","","","","Indexable",""
"https://www.mychef.ae/wellness-meal-prep-dubai","Healthy Meal Prep Dubai | Nutritionist-Aligned Chefs | myCHEF","1","en-ae","https://www.mychef.ae/wellness-meal-prep-dubai","","","","","Indexable",""
"https://www.mychef.ae/asian-catering-dubai","Asian Catering Dubai | Thai, Chinese, Sushi & Wok | myCHEF","1","en-ae","https://www.mychef.ae/asian-catering-dubai","","","","","Indexable",""
"https://www.mychef.ae/weekly-meal-prep-dubai?utm_source=mychef.ae&utm_medium=starter_package_card&utm_campaign=menus","Weekly Meal Prep Dubai | Private Chef from AED 1,898 | myCHEF","1","en-ae","https://www.mychef.ae/weekly-meal-prep-dubai","","","","","Non-Indexable","Canonicalised"
"https://www.mychef.ae/blog/private-chef-date-night-dubai","Private Chef Date Night Dubai: Ideas & Costs | myCHEF","1","en-ae","https://www.mychef.ae/blog/private-chef-date-night-dubai","","","","","Indexable",""
"https://www.mychef.ae/vegan-catering-dubai","Vegan Catering Dubai | Plant-Based Events & Dining | myCHEF","1","en-ae","https://www.mychef.ae/vegan-catering-dubai","","","","","Indexable",""
"https://www.mychef.ae/romantic-dinner-dubai-hero.webp","Private Chef & Catering Dubai | Villas, Yachts, Events | myCHEF","1","en-ae","https://www.mychef.ae/","","","","","Non-Indexable","Canonicalised"
"https://www.mychef.ae/corporate-dinner-package-dubai","Corporate Dinner Package Dubai | Boardroom & Team Dining | myCHEF","1","en-ae","https://www.mychef.ae/corporate-dinner-package-dubai","","","","","Indexable",""
"https://www.mychef.ae/fathers-day-catering-dubai","Father's Day Catering Dubai | Brunch & BBQ | myCHEF","1","en-ae","https://www.mychef.ae/fathers-day-catering-dubai","","","","","Indexable",""
"https://www.mychef.ae/blog/nye-party-catering-dubai","NYE Party Catering Dubai: Host's Planning Guide | myCHEF","1","en-ae","https://www.mychef.ae/blog/nye-party-catering-dubai","","","","","Indexable",""
"https://www.mychef.ae/locations/al-barari","Private Chef & Catering Dubai | Villas, Yachts, Events | myCHEF","1","en-ae","https://www.mychef.ae/","","","","","Non-Indexable","Canonicalised"
"https://www.mychef.ae/kids-birthday-catering-dubai","Kids Birthday Catering Dubai | Safe, Fun Party Food | myCHEF","1","en-ae","https://www.mychef.ae/kids-birthday-catering-dubai","","","","","Indexable",""
"https://www.mychef.ae/halloween-catering-dubai","Halloween Catering Dubai | Spooky Party Menus | myCHEF","1","en-ae","https://www.mychef.ae/halloween-catering-dubai","","","","","Indexable",""
"https://www.mychef.ae/keto-catering-dubai","Keto & Low-Carb Catering Dubai | High-Protein | myCHEF","1","en-ae","https://www.mychef.ae/keto-catering-dubai","","","","","Indexable",""
"https://www.mychef.ae/chef-training-academy","Chef Training Academy Dubai | Certified | myCHEF","1","en-ae","https://www.mychef.ae/chef-training-academy","","","","","Indexable",""
"https://www.mychef.ae/gala-dinner-catering-dubai","Gala Dinner Catering Dubai | Awards & Charity Balls | myCHEF","1","en-ae","https://www.mychef.ae/gala-dinner-catering-dubai","","","","","Indexable",""
"https://www.mychef.ae/festive-catering-dubai","Festive Catering Dubai | Ramadan, Eid, Diwali, NYE | myCHEF","1","en-ae","https://www.mychef.ae/festive-catering-dubai","","","","","Indexable",""
"https://www.mychef.ae/blog/dinner-party-menu-ideas-dubai","Dinner Party Menu Ideas Dubai: A Host's 2026 Guide | myCHEF","1","en-ae","https://www.mychef.ae/blog/dinner-party-menu-ideas-dubai","","","","","Indexable",""
"https://www.mychef.ae/luxury-dining-dubai","Private Chef & Catering Dubai | Villas, Yachts, Events | myCHEF","1","en-ae","https://www.mychef.ae/","","","","","Non-Indexable","Canonicalised"
"https://www.mychef.ae/canape-catering-dubai","Canapé Catering Dubai | Passed, Hot & Cold Canapés | myCHEF","1","en-ae","https://www.mychef.ae/canape-catering-dubai","","","","","Indexable",""
"https://www.mychef.ae/mothers-day-catering-dubai","Mother's Day Catering Dubai | Brunch & Lunch | myCHEF","1","en-ae","https://www.mychef.ae/mothers-day-catering-dubai","","","","","Indexable",""
"https://www.mychef.ae/bbq-catering-dubai","BBQ Catering Dubai | Live BBQ Stations & Outdoor Grills | myCHEF","1","en-ae","https://www.mychef.ae/bbq-catering-dubai","","","","","Indexable",""
"https://www.mychef.ae/brand-activation-catering-dubai","Brand Activation Catering Dubai | Pop-Ups & Sampling | myCHEF","1","en-ae","https://www.mychef.ae/brand-activation-catering-dubai","","","","","Indexable",""
"https://www.mychef.ae/corporate-retainer-dubai","Corporate Catering Contract Dubai | myCHEF","1","en-ae","https://www.mychef.ae/corporate-retainer-dubai","","","","","Indexable",""
"https://www.mychef.ae/sushi-catering-dubai","Sushi Catering Dubai | Live Sushi Chef & Platters | myCHEF","1","en-ae","https://www.mychef.ae/sushi-catering-dubai","","","","","Indexable",""
"https://www.mychef.ae/pescatarian-catering-dubai","Pescatarian Catering Dubai | Seafood Menus | myCHEF","1","en-ae","https://www.mychef.ae/pescatarian-catering-dubai","","","","","Indexable",""
"https://www.mychef.ae/oyster-bar-dubai","Oyster & Seafood Bar Dubai | Shellfish | myCHEF","1","en-ae","https://www.mychef.ae/oyster-bar-dubai","","","","","Indexable",""
"https://www.mychef.ae/christmas-catering-dubai","Christmas Catering Dubai | Festive Roasts & Private Chef | myCHEF","1","en-ae","https://www.mychef.ae/christmas-catering-dubai","","","","","Indexable",""
"https://www.mychef.ae/grazing-table-dubai","Grazing Table Dubai | Cheese & Charcuterie Spreads | myCHEF","1","en-ae","https://www.mychef.ae/grazing-table-dubai","","","","","Indexable",""
"https://www.mychef.ae/chinese-new-year-catering-dubai","Chinese New Year Catering Dubai | Feasts | myCHEF","1","en-ae","https://www.mychef.ae/chinese-new-year-catering-dubai","","","","","Indexable",""
"https://www.mychef.ae/mediterranean-catering-dubai","Mediterranean Catering Dubai | Greek, Lebanese & Seafood | myCHEF","1","en-ae","https://www.mychef.ae/mediterranean-catering-dubai","","","","","Indexable",""
"https://www.mychef.ae/uae-national-day-catering-dubai","UAE National Day Catering Dubai | Emirati Menus | myCHEF","1","en-ae","https://www.mychef.ae/uae-national-day-catering-dubai","","","","","Indexable",""
"https://www.mychef.ae/locations/dubai-media-city","Private Chef & Catering Dubai | Villas, Yachts, Events | myCHEF","1","en-ae","https://www.mychef.ae/","","","","","Non-Indexable","Canonicalised"
"https://www.mychef.ae/bachelor-party-catering-dubai","Bachelor Party Catering Dubai | Yacht, Villa & BBQ | myCHEF","1","en-ae","https://www.mychef.ae/bachelor-party-catering-dubai","","","","","Indexable",""
"https://www.mychef.ae/blog/how-much-does-private-chef-cost-dubai","How Much Does a Private Chef Cost in Dubai? | myCHEF","1","en-ae","https://www.mychef.ae/blog/how-much-does-private-chef-cost-dubai","","","","","Indexable",""
"https://www.mychef.ae/dessert-table-catering-dubai","Dessert Table Catering Dubai | Wedding & Birthday | myCHEF","1","en-ae","https://www.mychef.ae/dessert-table-catering-dubai","","","","","Indexable",""
"https://www.mychef.ae/chefs/matteo-pastry-chef","Matteo Moretti | Pastry Chef | myCHEF","1","en-ae","https://www.mychef.ae/chefs/matteo-pastry-chef","","","","","Indexable",""
"https://www.mychef.ae/blog/brunch-at-home-dubai","Brunch at Home in Dubai: 2026 Hosting Guide | myCHEF","1","en-ae","https://www.mychef.ae/blog/brunch-at-home-dubai","","","","","Indexable",""
"https://www.mychef.ae/locations/dubai-creek-harbour","Private Chef & Catering Dubai | Villas, Yachts, Events | myCHEF","1","en-ae","https://www.mychef.ae/","","","","","Non-Indexable","Canonicalised"
"https://www.mychef.ae/exhibition-catering-dubai","Exhibition Catering Dubai | DWTC & Expo City | myCHEF","1","en-ae","https://www.mychef.ae/exhibition-catering-dubai","","","","","Indexable",""
"https://www.mychef.ae/blog/how-to-hire-a-private-chef-dubai","How to Hire a Private Chef in Dubai: 2026 Guide | myCHEF","1","en-ae","https://www.mychef.ae/blog/how-to-hire-a-private-chef-dubai","","","","","Indexable",""
"https://www.mychef.ae/case-studies/villa-wedding-reception-emirates-hills","Private Chef & Catering Dubai | Villas, Yachts, Events | myCHEF","1","en-ae","https://www.mychef.ae/","","","","","Non-Indexable","Canonicalised"
"https://www.mychef.ae/event-catering-dubai","Private Chef & Catering Dubai | Villas, Yachts, Events | myCHEF","1","en-ae","https://www.mychef.ae/","","","","","Non-Indexable","Canonicalised"
"https://www.mychef.ae/engagement-catering-dubai","Engagement Party Catering Dubai | Villa Receptions | myCHEF","1","en-ae","https://www.mychef.ae/engagement-catering-dubai","","","","","Indexable",""
"https://www.mychef.ae/blog/vegan-catering-dubai-guide","Plant Based Catering Dubai — What to Expect | myCHEF","1","en-ae","https://www.mychef.ae/blog/vegan-catering-dubai-guide","","","","","Indexable",""
"https://www.mychef.ae/blog/halal-private-dining-dubai-what-to-ask","Halal Private Dining Dubai: What to Ask | myCHEF","1","en-ae","https://www.mychef.ae/blog/halal-private-dining-dubai-what-to-ask","","","","","Indexable",""
"https://www.mychef.ae/private-chef-dubai/privacy-security","Private Chef for Family in Dubai | Privacy & Security | myCHEF","1","en-ae","https://www.mychef.ae/private-chef-dubai/privacy-security","","","","","Non-Indexable","noindex"
"https://www.mychef.ae/yacht-catering-dubai","Private Chef & Catering Dubai | Villas, Yachts, Events | myCHEF","1","en-ae","https://www.mychef.ae/","","","","","Non-Indexable","Canonicalised"
"https://www.mychef.ae/locations/jumeirah-golf-estates","Private Chef & Catering Dubai | Villas, Yachts, Events | myCHEF","1","en-ae","https://www.mychef.ae/","","","","","Non-Indexable","Canonicalised"
"https://www.mychef.ae/dubai-event-catering-price-guide-2026","Dubai Event Catering Prices 2026 | myCHEF","1","en-ae","https://www.mychef.ae/dubai-event-catering-price-guide-2026","","","","","Indexable",""
"https://www.mychef.ae/party-catering-dubai","Party Catering Dubai | Canapés, Grazing & Live Stations | myCHEF","1","en-ae","https://www.mychef.ae/party-catering-dubai","","","","","Indexable",""
"https://www.mychef.ae/beach-catering-dubai","Beach Catering Dubai | Seafood Menus | myCHEF","1","en-ae","https://www.mychef.ae/beach-catering-dubai","","","","","Indexable",""
"https://www.mychef.ae/date-night-package-dubai","Date Night Package Dubai | Private Chef for Two | myCHEF","1","en-ae","https://www.mychef.ae/date-night-package-dubai","","","","","Indexable",""
"https://www.mychef.ae/blog/topic/seasonal","Ramadan & Seasonal Dining in Dubai | myCHEF","1","en-ae","https://www.mychef.ae/blog/topic/seasonal","","","","","Indexable",""
"https://www.mychef.ae/bachelorette-party-catering-dubai","Bachelorette Party Catering Dubai | Canapés & Grazing | myCHEF","1","en-ae","https://www.mychef.ae/bachelorette-party-catering-dubai","","","","","Indexable",""
"https://www.mychef.ae/dessert-cart-dubai","Gelato & Dessert Cart Dubai | Events | myCHEF","1","en-ae","https://www.mychef.ae/dessert-cart-dubai","","","","","Indexable",""
"https://www.mychef.ae/shawarma-station-dubai","Live Shawarma & Kebab Station Dubai | myCHEF","1","en-ae","https://www.mychef.ae/shawarma-station-dubai","","","","","Indexable",""
"https://www.mychef.ae/diwali-catering-dubai","Diwali Catering Dubai | Indian Festive Menus & Mithai | myCHEF","1","en-ae","https://www.mychef.ae/diwali-catering-dubai","","","","","Indexable",""
"https://www.mychef.ae/easter-catering-dubai","Easter Catering Dubai | Brunch & Lunch | myCHEF","1","en-ae","https://www.mychef.ae/easter-catering-dubai","","","","","Indexable",""
"https://www.mychef.ae/become-a-mychef","Become a myCHEF | Private Chef Jobs Dubai | myCHEF","1","en-ae","https://www.mychef.ae/become-a-mychef","","","","","Indexable",""
"https://www.mychef.ae/blog/ramadan-iftar-catering-trends-2026","Ramadan Iftar Catering Trends 2026 | myCHEF","1","en-ae","https://www.mychef.ae/blog/ramadan-iftar-catering-trends-2026","","","","","Indexable",""
"https://www.mychef.ae/case-studies/yacht-birthday-celebration-dubai-marina","Private Chef & Catering Dubai | Villas, Yachts, Events | myCHEF","1","en-ae","https://www.mychef.ae/","","","","","Non-Indexable","Canonicalised"
"https://www.mychef.ae/mychef-certified","MyChef Certified Chefs Dubai | Quality | myCHEF","1","en-ae","https://www.mychef.ae/mychef-certified","","","","","Indexable",""
"https://www.mychef.ae/suhoor-catering-dubai","Suhoor Catering Dubai | Pre-Dawn Ramadan Menus | myCHEF","1","en-ae","https://www.mychef.ae/suhoor-catering-dubai","","","","","Indexable",""
"https://www.mychef.ae/indian-catering-dubai","Indian Catering Dubai | Wedding, Party & Corporate | myCHEF","1","en-ae","https://www.mychef.ae/indian-catering-dubai","","","","","Indexable",""
"https://www.mychef.ae/dairy-free-catering-dubai","Dairy-Free Catering Dubai | Lactose-Free Menus | myCHEF","1","en-ae","https://www.mychef.ae/dairy-free-catering-dubai","","","","","Indexable",""
"https://www.mychef.ae/family-feast-package-dubai","Family Catering Dubai | Feast Package, Private Chef | myCHEF","1","en-ae","https://www.mychef.ae/family-feast-package-dubai","","","","","Indexable",""
"https://www.mychef.ae/halal-catering-dubai","Halal Catering Dubai | Weddings, Events & Corporate | myCHEF","1","en-ae","https://www.mychef.ae/halal-catering-dubai","","","","","Indexable",""
"https://www.mychef.ae/jain-catering-dubai","Jain Catering Dubai | No-Onion/Garlic Weddings & Events | myCHEF","1","en-ae","https://www.mychef.ae/jain-catering-dubai","","","","","Indexable",""
"https://www.mychef.ae/healthy-catering-dubai","Healthy Catering Dubai | Corporate Wellness Menus | myCHEF","1","en-ae","https://www.mychef.ae/healthy-catering-dubai","","","","","Indexable",""
"https://www.mychef.ae/vip-club?utm_source=mychef.ae&utm_medium=banner&utm_campaign=catering-packages-dubai","VIP Club Dubai | Private Chef Membership | myCHEF","1","en-ae","https://www.mychef.ae/vip-club","","","","","Non-Indexable","Canonicalised"
"https://www.mychef.ae/blog/grazing-table-vs-buffet-dubai","Grazing Table vs Buffet Dubai: How to Choose | myCHEF","1","en-ae","https://www.mychef.ae/blog/grazing-table-vs-buffet-dubai","","","","","Indexable",""
"https://www.mychef.ae/housewarming-catering-dubai","Housewarming Catering Dubai | New Home | myCHEF","1","en-ae","https://www.mychef.ae/housewarming-catering-dubai","","","","","Indexable",""
"https://www.mychef.ae/gluten-free-catering-dubai","Gluten-Free Catering Dubai | Coeliac-Safe Events | myCHEF","1","en-ae","https://www.mychef.ae/gluten-free-catering-dubai","","","","","Indexable",""
"https://www.mychef.ae/partners/event-planners-dubai","Event Planner Partnership Dubai | myCHEF","1","en-ae","https://www.mychef.ae/partners/event-planners-dubai","","","","","Indexable",""
"https://www.mychef.ae/blog/topic/private-chef","Private Chef Guides in Dubai | myCHEF","1","en-ae","https://www.mychef.ae/blog/topic/private-chef","","","","","Indexable",""
"https://www.mychef.ae/partners/villa-rentals-dubai","Villa Rental Partnership Dubai | Chef | myCHEF","1","en-ae","https://www.mychef.ae/partners/villa-rentals-dubai","","","","","Indexable",""
"https://www.mychef.ae/new-year-catering-dubai","New Year's Eve Catering Dubai | Gala, Yacht & Villa | myCHEF","1","en-ae","https://www.mychef.ae/new-year-catering-dubai","","","","","Indexable",""
"https://www.mychef.ae/film-crew-catering-dubai","Film Crew Catering Dubai | On-Set Meals & Craft Service | myCHEF","1","en-ae","https://www.mychef.ae/film-crew-catering-dubai","","","","","Indexable",""
"https://www.mychef.ae/nut-free-catering-dubai","Nut-Free Catering Dubai | Allergy-Safe Events | myCHEF","1","en-ae","https://www.mychef.ae/nut-free-catering-dubai","","","","","Indexable",""
"https://www.mychef.ae/locations/mall-of-the-emirates","Private Chef & Catering Dubai | Villas, Yachts, Events | myCHEF","1","en-ae","https://www.mychef.ae/","","","","","Non-Indexable","Canonicalised"
"https://www.mychef.ae/locations/dwtc","Private Chef & Catering Dubai | Villas, Yachts, Events | myCHEF","1","en-ae","https://www.mychef.ae/","","","","","Non-Indexable","Canonicalised"
"https://www.mychef.ae/vip-club?utm_source=mychef.ae&utm_medium=banner&utm_campaign=wellness-meal-prep-dubai","VIP Club Dubai | Private Chef Membership | myCHEF","1","en-ae","https://www.mychef.ae/vip-club","","","","","Non-Indexable","Canonicalised"
"https://www.mychef.ae/dessert-table-dubai","Private Chef & Catering Dubai | Villas, Yachts, Events | myCHEF","1","en-ae","https://www.mychef.ae/","","","","","Non-Indexable","Canonicalised"
"https://www.mychef.ae/influencer-partnerships","Influencer Partnerships Dubai | myCHEF","1","en-ae","https://www.mychef.ae/influencer-partnerships","","","","","Indexable",""
"https://www.mychef.ae/founding-customer-offer","Founding Customer Offer Dubai | Early Access | myCHEF","1","en-ae","https://www.mychef.ae/founding-customer-offer","","","","","Indexable",""
"https://www.mychef.ae/mychef-membership","myCHEF Membership Dubai | Priority Booking | myCHEF","1","en-ae","https://www.mychef.ae/mychef-membership","","","","","Indexable",""
"https://www.mychef.ae/locations/dubai-mall","Private Chef & Catering Dubai | Villas, Yachts, Events | myCHEF","1","en-ae","https://www.mychef.ae/","","","","","Non-Indexable","Canonicalised"
"https://www.mychef.ae/loyalty-programme","Loyalty Programme Dubai | Private Dining | myCHEF","1","en-ae","https://www.mychef.ae/loyalty-programme","","","","","Indexable",""
"https://www.mychef.ae/images/eid-catering-dubai-hero.webp","Private Chef & Catering Dubai | Villas, Yachts, Events | myCHEF","1","en-ae","https://www.mychef.ae/","","","","","Non-Indexable","Canonicalised"
"https://www.mychef.ae/partners","Partners | Concierge, Event Planners, Villas & Yachts | myCHEF","1","en-ae","https://www.mychef.ae/partners","","","","","Indexable",""
"https://www.mychef.ae/images/business-lunch-catering-dubai-hero.webp","Private Chef & Catering Dubai | Villas, Yachts, Events | myCHEF","1","en-ae","https://www.mychef.ae/","","","","","Non-Indexable","Canonicalised"
"https://www.mychef.ae/live-cooking-station-dubai","Private Chef & Catering Dubai | Villas, Yachts, Events | myCHEF","1","en-ae","https://www.mychef.ae/","","","","","Non-Indexable","Canonicalised"
"https://www.mychef.ae/villa-catering-dubai","Private Chef & Catering Dubai | Villas, Yachts, Events | myCHEF","1","en-ae","https://www.mychef.ae/","","","","","Non-Indexable","Canonicalised"
"https://www.mychef.ae/locations/city-walk","Private Chef & Catering Dubai | Villas, Yachts, Events | myCHEF","1","en-ae","https://www.mychef.ae/","","","","","Non-Indexable","Canonicalised"
"https://www.mychef.ae/referral-programme","Referral Programme Dubai | Give & Get AED 100 | myCHEF","1","en-ae","https://www.mychef.ae/referral-programme","","","","","Indexable",""
