"Type","Source","Destination","Alt Text","Length"
"Image","https://www.mychef.ae/","https://www.mychef.ae/images/private-chef-dubai-hero.webp","Private Chef Dubai","18"
"Image","https://www.mychef.ae/full-time-private-chef-dubai","https://www.mychef.ae/images/private-chef-dubai-hero.webp","Part-Time Private Chef Dubai","28"
"Image","https://www.mychef.ae/full-time-private-chef-dubai","https://www.mychef.ae/images/private-chef-dubai-hero.webp","Private Chef Dubai","18"
"Image","https://www.mychef.ae/luxury-dining-experiences","https://www.mychef.ae/images/private-chef-dubai-hero.webp","A private chef talking with guests in a home kitchen. Experience concept shown.","79"
"Image","https://www.mychef.ae/catering","https://www.mychef.ae/images/private-chef-dubai-hero.webp","Private Chef Dubai","18"
"Image","https://www.mychef.ae/private-chef-dubai","https://www.mychef.ae/images/private-chef-dubai-hero.webp","Private chef cooking at the island of a contemporary Dubai villa kitchen at golden hour, dining table set beyond the limestone wall","131"
"Image","https://www.mychef.ae/vip-club","https://www.mychef.ae/images/private-chef-dubai-hero.webp","Private chef service for VIP Club members in Dubai","50"
"Image","https://www.mychef.ae/vip-club","https://www.mychef.ae/images/private-chef-dubai-hero.webp","Private Chef Dubai","18"
"Image","https://www.mychef.ae/kids-nutrition-chef-dubai","https://www.mychef.ae/images/private-chef-dubai-hero.webp","Family Feast Package Dubai","26"
"Image","https://www.mychef.ae/mystery-dining-dubai","https://www.mychef.ae/images/private-chef-dubai-hero.webp","Private Chef Dubai","18"
"Image","https://www.mychef.ae/locations/jumeirah-islands","https://www.mychef.ae/images/private-chef-dubai-hero.webp","Private Chef Dubai","18"
"Image","https://www.mychef.ae/private-chef-dubai/our-chefs","https://www.mychef.ae/images/private-chef-dubai-hero.webp","Private Chef Dubai","18"
"Image","https://www.mychef.ae/case-studies/corporate-gala-dinner-downtown-dubai","https://www.mychef.ae/images/private-chef-dubai-hero.webp","Private Chef Dubai","18"
"Image","https://www.mychef.ae/locations/mirdif","https://www.mychef.ae/images/private-chef-dubai-hero.webp","Private Chef Dubai","18"
"Image","https://www.mychef.ae/case-studies/product-launch-difc","https://www.mychef.ae/images/private-chef-dubai-hero.webp","Private Chef Dubai","18"
"Image","https://www.mychef.ae/apartment-private-dining-dubai","https://www.mychef.ae/images/private-chef-dubai-hero.webp","Date Night Package","18"
"Image","https://www.mychef.ae/locations/dubai-internet-city","https://www.mychef.ae/images/private-chef-dubai-hero.webp","Private Chef Dubai","18"
"Image","https://www.mychef.ae/vip-club?utm_source=mychef.ae&utm_medium=banner&utm_campaign=weekly-meal-prep-dubai","https://www.mychef.ae/images/private-chef-dubai-hero.webp","Private chef service for VIP Club members in Dubai","50"
"Image","https://www.mychef.ae/vip-club?utm_source=mychef.ae&utm_medium=banner&utm_campaign=weekly-meal-prep-dubai","https://www.mychef.ae/images/private-chef-dubai-hero.webp","Private Chef Dubai","18"
"Image","https://www.mychef.ae/trust-and-programs","https://www.mychef.ae/images/private-chef-dubai-hero.webp","A private chef working in a Dubai kitchen. Experience concept shown.","68"
"Image","https://www.mychef.ae/case-studies/family-eid-gathering-arabian-ranches","https://www.mychef.ae/images/private-chef-dubai-hero.webp","Private Chef Dubai","18"
"Image","https://www.mychef.ae/private-dining-dubai","https://www.mychef.ae/images/private-chef-dubai-hero.webp","Private Chef Dubai","18"
"Image","https://www.mychef.ae/menu-mains.webp","https://www.mychef.ae/images/private-chef-dubai-hero.webp","Private Chef Dubai","18"
"Image","https://www.mychef.ae/locations/meydan","https://www.mychef.ae/images/private-chef-dubai-hero.webp","Private Chef Dubai","18"
"Image","https://www.mychef.ae/locations/dubai-harbour","https://www.mychef.ae/images/private-chef-dubai-hero.webp","Private Chef Dubai","18"
"Image","https://www.mychef.ae/case-studies/intimate-anniversary-dinner-palm-jumeirah","https://www.mychef.ae/images/private-chef-dubai-hero.webp","Private Chef Dubai","18"
"Image","https://www.mychef.ae/romantic-dinner-dubai-hero.webp","https://www.mychef.ae/images/private-chef-dubai-hero.webp","Private Chef Dubai","18"
"Image","https://www.mychef.ae/locations/al-barari","https://www.mychef.ae/images/private-chef-dubai-hero.webp","Private Chef Dubai","18"
"Image","https://www.mychef.ae/chef-training-academy","https://www.mychef.ae/images/private-chef-dubai-hero.webp","myCHEF Certified","16"
"Image","https://www.mychef.ae/luxury-dining-dubai","https://www.mychef.ae/images/private-chef-dubai-hero.webp","Private Chef Dubai","18"
"Image","https://www.mychef.ae/locations/dubai-media-city","https://www.mychef.ae/images/private-chef-dubai-hero.webp","Private Chef Dubai","18"
"Image","https://www.mychef.ae/locations/dubai-creek-harbour","https://www.mychef.ae/images/private-chef-dubai-hero.webp","Private Chef Dubai","18"
"Image","https://www.mychef.ae/case-studies/villa-wedding-reception-emirates-hills","https://www.mychef.ae/images/private-chef-dubai-hero.webp","Private Chef Dubai","18"
"Image","https://www.mychef.ae/event-catering-dubai","https://www.mychef.ae/images/private-chef-dubai-hero.webp","Private Chef Dubai","18"
"Image","https://www.mychef.ae/yacht-catering-dubai","https://www.mychef.ae/images/private-chef-dubai-hero.webp","Private Chef Dubai","18"
"Image","https://www.mychef.ae/locations/jumeirah-golf-estates","https://www.mychef.ae/images/private-chef-dubai-hero.webp","Private Chef Dubai","18"
"Image","https://www.mychef.ae/case-studies/yacht-birthday-celebration-dubai-marina","https://www.mychef.ae/images/private-chef-dubai-hero.webp","Private Chef Dubai","18"
"Image","https://www.mychef.ae/mychef-certified","https://www.mychef.ae/images/private-chef-dubai-hero.webp","Private Chef Dubai","18"
"Image","https://www.mychef.ae/vip-club?utm_source=mychef.ae&utm_medium=banner&utm_campaign=catering-packages-dubai","https://www.mychef.ae/images/private-chef-dubai-hero.webp","Private chef service for VIP Club members in Dubai","50"
"Image","https://www.mychef.ae/vip-club?utm_source=mychef.ae&utm_medium=banner&utm_campaign=catering-packages-dubai","https://www.mychef.ae/images/private-chef-dubai-hero.webp","Private Chef Dubai","18"
"Image","https://www.mychef.ae/locations/mall-of-the-emirates","https://www.mychef.ae/images/private-chef-dubai-hero.webp","Private Chef Dubai","18"
"Image","https://www.mychef.ae/locations/dwtc","https://www.mychef.ae/images/private-chef-dubai-hero.webp","Private Chef Dubai","18"
"Image","https://www.mychef.ae/vip-club?utm_source=mychef.ae&utm_medium=banner&utm_campaign=wellness-meal-prep-dubai","https://www.mychef.ae/images/private-chef-dubai-hero.webp","Private chef service for VIP Club members in Dubai","50"
"Image","https://www.mychef.ae/vip-club?utm_source=mychef.ae&utm_medium=banner&utm_campaign=wellness-meal-prep-dubai","https://www.mychef.ae/images/private-chef-dubai-hero.webp","Private Chef Dubai","18"
"Image","https://www.mychef.ae/dessert-table-dubai","https://www.mychef.ae/images/private-chef-dubai-hero.webp","Private Chef Dubai","18"
"Image","https://www.mychef.ae/influencer-partnerships","https://www.mychef.ae/images/private-chef-dubai-hero.webp","Private Chef Dubai","18"
"Image","https://www.mychef.ae/founding-customer-offer","https://www.mychef.ae/images/private-chef-dubai-hero.webp","MyChef Membership","17"
"Image","https://www.mychef.ae/founding-customer-offer","https://www.mychef.ae/images/private-chef-dubai-hero.webp","Private Chef Dubai","18"
"Image","https://www.mychef.ae/locations/dubai-mall","https://www.mychef.ae/images/private-chef-dubai-hero.webp","Private Chef Dubai","18"
"Image","https://www.mychef.ae/loyalty-programme","https://www.mychef.ae/images/private-chef-dubai-hero.webp","Private Chef Dubai","18"
"Image","https://www.mychef.ae/images/eid-catering-dubai-hero.webp","https://www.mychef.ae/images/private-chef-dubai-hero.webp","Private Chef Dubai","18"
"Image","https://www.mychef.ae/images/business-lunch-catering-dubai-hero.webp","https://www.mychef.ae/images/private-chef-dubai-hero.webp","Private Chef Dubai","18"
"Image","https://www.mychef.ae/live-cooking-station-dubai","https://www.mychef.ae/images/private-chef-dubai-hero.webp","Private Chef Dubai","18"
"Image","https://www.mychef.ae/villa-catering-dubai","https://www.mychef.ae/images/private-chef-dubai-hero.webp","Private Chef Dubai","18"
"Image","https://www.mychef.ae/locations/city-walk","https://www.mychef.ae/images/private-chef-dubai-hero.webp","Private Chef Dubai","18"
"Image","https://www.mychef.ae/","https://www.mychef.ae/images/catering-dubai-hero.webp","Catering Dubai","14"
"Image","https://www.mychef.ae/catering","https://www.mychef.ae/images/catering-dubai-hero.webp","Catering Dubai","14"
"Image","https://www.mychef.ae/catering-dubai","https://www.mychef.ae/images/catering-dubai-hero.webp","A private dinner about to begin on a Dubai villa terrace at night — a long table set, one chef plating, city lights across the water. Experience concept shown.","159"
"Image","https://www.mychef.ae/locations/jumeirah-islands","https://www.mychef.ae/images/catering-dubai-hero.webp","Catering Dubai","14"
"Image","https://www.mychef.ae/private-chef-dubai/our-chefs","https://www.mychef.ae/images/catering-dubai-hero.webp","Catering Dubai","14"
"Image","https://www.mychef.ae/case-studies/corporate-gala-dinner-downtown-dubai","https://www.mychef.ae/images/catering-dubai-hero.webp","Catering Dubai","14"
"Image","https://www.mychef.ae/locations/mirdif","https://www.mychef.ae/images/catering-dubai-hero.webp","Catering Dubai","14"
"Image","https://www.mychef.ae/case-studies/product-launch-difc","https://www.mychef.ae/images/catering-dubai-hero.webp","Catering Dubai","14"
"Image","https://www.mychef.ae/locations/dubai-internet-city","https://www.mychef.ae/images/catering-dubai-hero.webp","Catering Dubai","14"
"Image","https://www.mychef.ae/case-studies/family-eid-gathering-arabian-ranches","https://www.mychef.ae/images/catering-dubai-hero.webp","Catering Dubai","14"
"Image","https://www.mychef.ae/private-dining-dubai","https://www.mychef.ae/images/catering-dubai-hero.webp","Catering Dubai","14"
"Image","https://www.mychef.ae/menu-mains.webp","https://www.mychef.ae/images/catering-dubai-hero.webp","Catering Dubai","14"
"Image","https://www.mychef.ae/locations/meydan","https://www.mychef.ae/images/catering-dubai-hero.webp","Catering Dubai","14"
"Image","https://www.mychef.ae/locations/dubai-harbour","https://www.mychef.ae/images/catering-dubai-hero.webp","Catering Dubai","14"
"Image","https://www.mychef.ae/case-studies/intimate-anniversary-dinner-palm-jumeirah","https://www.mychef.ae/images/catering-dubai-hero.webp","Catering Dubai","14"
"Image","https://www.mychef.ae/romantic-dinner-dubai-hero.webp","https://www.mychef.ae/images/catering-dubai-hero.webp","Catering Dubai","14"
"Image","https://www.mychef.ae/locations/al-barari","https://www.mychef.ae/images/catering-dubai-hero.webp","Catering Dubai","14"
"Image","https://www.mychef.ae/luxury-dining-dubai","https://www.mychef.ae/images/catering-dubai-hero.webp","Catering Dubai","14"
"Image","https://www.mychef.ae/locations/dubai-media-city","https://www.mychef.ae/images/catering-dubai-hero.webp","Catering Dubai","14"
"Image","https://www.mychef.ae/locations/dubai-creek-harbour","https://www.mychef.ae/images/catering-dubai-hero.webp","Catering Dubai","14"
"Image","https://www.mychef.ae/case-studies/villa-wedding-reception-emirates-hills","https://www.mychef.ae/images/catering-dubai-hero.webp","Catering Dubai","14"
"Image","https://www.mychef.ae/event-catering-dubai","https://www.mychef.ae/images/catering-dubai-hero.webp","Catering Dubai","14"
"Image","https://www.mychef.ae/yacht-catering-dubai","https://www.mychef.ae/images/catering-dubai-hero.webp","Catering Dubai","14"
"Image","https://www.mychef.ae/locations/jumeirah-golf-estates","https://www.mychef.ae/images/catering-dubai-hero.webp","Catering Dubai","14"
"Image","https://www.mychef.ae/case-studies/yacht-birthday-celebration-dubai-marina","https://www.mychef.ae/images/catering-dubai-hero.webp","Catering Dubai","14"
"Image","https://www.mychef.ae/locations/mall-of-the-emirates","https://www.mychef.ae/images/catering-dubai-hero.webp","Catering Dubai","14"
"Image","https://www.mychef.ae/locations/dwtc","https://www.mychef.ae/images/catering-dubai-hero.webp","Catering Dubai","14"
"Image","https://www.mychef.ae/dessert-table-dubai","https://www.mychef.ae/images/catering-dubai-hero.webp","Catering Dubai","14"
"Image","https://www.mychef.ae/locations/dubai-mall","https://www.mychef.ae/images/catering-dubai-hero.webp","Catering Dubai","14"
"Image","https://www.mychef.ae/images/eid-catering-dubai-hero.webp","https://www.mychef.ae/images/catering-dubai-hero.webp","Catering Dubai","14"
"Image","https://www.mychef.ae/images/business-lunch-catering-dubai-hero.webp","https://www.mychef.ae/images/catering-dubai-hero.webp","Catering Dubai","14"
"Image","https://www.mychef.ae/live-cooking-station-dubai","https://www.mychef.ae/images/catering-dubai-hero.webp","Catering Dubai","14"
"Image","https://www.mychef.ae/villa-catering-dubai","https://www.mychef.ae/images/catering-dubai-hero.webp","Catering Dubai","14"
"Image","https://www.mychef.ae/locations/city-walk","https://www.mychef.ae/images/catering-dubai-hero.webp","Catering Dubai","14"
"Image","https://www.mychef.ae/wedding-catering-dubai","https://www.mychef.ae/images/party-catering-dubai-hero.webp","An outdoor wedding reception in a Dubai garden. Experience concept shown.","73"
"Image","https://www.mychef.ae/birthday-catering-dubai","https://www.mychef.ae/images/party-catering-dubai-hero.webp","A family birthday gathering around a shared table in a Dubai garden. Experience concept shown.","94"
"Image","https://www.mychef.ae/catering-dubai","https://www.mychef.ae/images/party-catering-dubai-hero.webp","A private party in a Dubai villa garden — standing guests, passed food, warm lighting. Experience concept shown.","112"
"Image","https://www.mychef.ae/party-catering-dubai","https://www.mychef.ae/images/party-catering-dubai-hero.webp","Party catering in Dubai","23"
"Image","https://www.mychef.ae/private-chef-dubai","https://www.mychef.ae/images/private-chef-dubai-why-independent.webp","Head chef, Japanese specialist and household manager working a fully organised mise en place in a Dubai villa kitchen","117"
"Image","https://www.mychef.ae/luxury-dining-experiences","https://www.mychef.ae/images/luxury-dining-dubai-hero.webp","A specialist chef working closely with guests during a hands-on private session. Experience concept shown.","106"
"Image","https://www.mychef.ae/vip-club","https://www.mychef.ae/images/luxury-dining-dubai-hero.webp","Exclusive VIP private dining experience in Dubai","48"
"Image","https://www.mychef.ae/vip-club","https://www.mychef.ae/images/luxury-dining-dubai-hero.webp","Luxury Dining Experiences","25"
"Image","https://www.mychef.ae/gallery","https://www.mychef.ae/images/luxury-dining-dubai-hero.webp","Luxury Dining Experience — luxury catering dubai","48"
"Image","https://www.mychef.ae/vip-club?utm_source=mychef.ae&utm_medium=banner&utm_campaign=weekly-meal-prep-dubai","https://www.mychef.ae/images/luxury-dining-dubai-hero.webp","Exclusive VIP private dining experience in Dubai","48"
"Image","https://www.mychef.ae/vip-club?utm_source=mychef.ae&utm_medium=banner&utm_campaign=weekly-meal-prep-dubai","https://www.mychef.ae/images/luxury-dining-dubai-hero.webp","Luxury Dining Experiences","25"
"Image","https://www.mychef.ae/partners/concierge-services-dubai","https://www.mychef.ae/images/luxury-dining-dubai-hero.webp","Concierge Services partnership with myCHEF Dubai","48"
"Image","https://www.mychef.ae/chefs-table-dubai","https://www.mychef.ae/images/luxury-dining-dubai-hero.webp","Tasting Menu Dubai","18"
"Image","https://www.mychef.ae/vip-club?utm_source=mychef.ae&utm_medium=banner&utm_campaign=catering-packages-dubai","https://www.mychef.ae/images/luxury-dining-dubai-hero.webp","Exclusive VIP private dining experience in Dubai","48"
"Image","https://www.mychef.ae/vip-club?utm_source=mychef.ae&utm_medium=banner&utm_campaign=catering-packages-dubai","https://www.mychef.ae/images/luxury-dining-dubai-hero.webp","Luxury Dining Experiences","25"
"Image","https://www.mychef.ae/vip-club?utm_source=mychef.ae&utm_medium=banner&utm_campaign=wellness-meal-prep-dubai","https://www.mychef.ae/images/luxury-dining-dubai-hero.webp","Exclusive VIP private dining experience in Dubai","48"
"Image","https://www.mychef.ae/vip-club?utm_source=mychef.ae&utm_medium=banner&utm_campaign=wellness-meal-prep-dubai","https://www.mychef.ae/images/luxury-dining-dubai-hero.webp","Luxury Dining Experiences","25"
"Image","https://www.mychef.ae/influencer-partnerships","https://www.mychef.ae/images/luxury-dining-dubai-hero.webp","Partner With Us","15"
"Image","https://www.mychef.ae/influencer-partnerships","https://www.mychef.ae/images/luxury-dining-dubai-hero.webp","Press & Media Kit","17"
"Image","https://www.mychef.ae/founding-customer-offer","https://www.mychef.ae/images/luxury-dining-dubai-hero.webp","VIP Club","8"
"Image","https://www.mychef.ae/mychef-membership","https://www.mychef.ae/images/luxury-dining-dubai-hero.webp","VIP Club","8"
"Image","https://www.mychef.ae/luxury-dining-experiences","https://www.mychef.ae/images/tasting-menu-dubai-hero.webp","A chef presenting a course to seated guests at a private tasting menu dinner. Experience concept shown.","103"
"Image","https://www.mychef.ae/luxury-dining-experiences","https://www.mychef.ae/images/tasting-menu-dubai-hero.webp","A chef placing a plated course in front of a seated guest during a private tasting menu. Experience concept shown.","114"
"Image","https://www.mychef.ae/tasting-menu-dubai","https://www.mychef.ae/images/tasting-menu-dubai-hero.webp","Private tasting menu experience in Dubai","40"
"Image","https://www.mychef.ae/mystery-dining-dubai","https://www.mychef.ae/images/tasting-menu-dubai-hero.webp","Tasting Menu Dubai","18"
"Image","https://www.mychef.ae/blog","https://www.mychef.ae/images/mychef-dubai-blog-hero.webp","Private chef evening in a Dubai villa: the host stays seated with guests while the culinary team finishes service","113"
"Image","https://www.mychef.ae/luxury-dining-experiences","https://www.mychef.ae/images/private-cooking-classes-dubai-hero.webp","Guests preparing ingredients around a kitchen island while a chef demonstrates a technique. Experience concept shown.","117"
"Image","https://www.mychef.ae/luxury-dining-experiences","https://www.mychef.ae/images/private-cooking-classes-dubai-hero.webp","A small group cooking alongside a professional chef at a kitchen island. Experience concept shown.","98"
"Image","https://www.mychef.ae/blog/wedding-catering-cost-dubai","https://www.mychef.ae/images/blog/wedding-catering-cost-dubai-hero.webp","A coordinator reviewing an itemised wedding catering proposal at a villa table. Experience concept shown.","105"
"Image","https://www.mychef.ae/blog","https://www.mychef.ae/images/blog/wedding-catering-cost-dubai-hero.webp","Wedding Catering Cost Dubai: Planning Estimates for 2026 — experience concept shown","83"
"Image","https://www.mychef.ae/blog/best-private-chef-birthday-dinner-dubai","https://www.mychef.ae/images/blog/wedding-catering-cost-dubai-hero.webp","Wedding Catering Cost Dubai: Planning Estimates for 2026","56"
"Image","https://www.mychef.ae/blog/topic/celebrations","https://www.mychef.ae/images/blog/wedding-catering-cost-dubai-hero.webp","Wedding Catering Cost Dubai: Planning Estimates for 2026","56"
"Image","https://www.mychef.ae/blog/nye-party-catering-dubai","https://www.mychef.ae/images/blog/wedding-catering-cost-dubai-hero.webp","Wedding Catering Cost Dubai: Planning Estimates for 2026","56"
"Image","https://www.mychef.ae/blog/dinner-party-menu-ideas-dubai","https://www.mychef.ae/images/blog/wedding-catering-cost-dubai-hero.webp","Wedding Catering Cost Dubai: Planning Estimates for 2026","56"
"Image","https://www.mychef.ae/blog/grazing-table-vs-buffet-dubai","https://www.mychef.ae/images/blog/wedding-catering-cost-dubai-hero.webp","Wedding Catering Cost Dubai: Planning Estimates for 2026","56"
"Image","https://www.mychef.ae/blog","https://www.mychef.ae/images/blog/best-private-chef-birthday-dinner-dubai-hero.webp","Best Private Chef Birthday Dinner in Dubai: Menu Ideas, Costs & How to Book — experience concept shown","102"
"Image","https://www.mychef.ae/blog/best-private-chef-birthday-dinner-dubai","https://www.mychef.ae/images/blog/best-private-chef-birthday-dinner-dubai-hero.webp","Private chef birthday dinner catering in Dubai","46"
"Image","https://www.mychef.ae/blog/topic/celebrations","https://www.mychef.ae/images/blog/best-private-chef-birthday-dinner-dubai-hero.webp","Best Private Chef Birthday Dinner in Dubai: Menu Ideas, Costs & How to Book","75"
"Image","https://www.mychef.ae/luxury-dining-experiences","https://www.mychef.ae/images/romantic-dinner-dubai-hero.webp","A couple dining privately by candlelight at a table set for two in a Dubai villa. Experience concept shown.","107"
"Image","https://www.mychef.ae/luxury-dining-experiences","https://www.mychef.ae/images/romantic-dinner-dubai-hero.webp","A couple at a candlelit private dinner table in a Dubai residence. Experience concept shown.","92"
"Image","https://www.mychef.ae/gift-cards","https://www.mychef.ae/images/romantic-dinner-dubai-hero.webp","Romantic Dinner Dubai","21"
"Image","https://www.mychef.ae/romantic-dinner-dubai","https://www.mychef.ae/images/romantic-dinner-dubai-hero.webp","Romantic dinner","15"
"Image","https://www.mychef.ae/case-studies","https://www.mychef.ae/images/romantic-dinner-dubai-hero.webp","Intimate Anniversary Dinner, Palm Jumeirah","42"
"Image","https://www.mychef.ae/gallery","https://www.mychef.ae/images/romantic-dinner-dubai-hero.webp","Romantic Dinner Setup — luxury catering dubai","45"
"Image","https://www.mychef.ae/mystery-dining-dubai","https://www.mychef.ae/images/romantic-dinner-dubai-hero.webp","Romantic Dinner Dubai","21"
"Image","https://www.mychef.ae/valentines-day-catering-dubai","https://www.mychef.ae/images/romantic-dinner-dubai-hero.webp","Romantic Dinner Dubai","21"
"Image","https://www.mychef.ae/apartment-private-dining-dubai","https://www.mychef.ae/images/romantic-dinner-dubai-hero.webp","Romantic Dinner Dubai","21"
"Image","https://www.mychef.ae/proposal-dinner-dubai","https://www.mychef.ae/images/romantic-dinner-dubai-hero.webp","Romantic Dinner Dubai","21"
"Image","https://www.mychef.ae/date-night-package-dubai","https://www.mychef.ae/images/romantic-dinner-dubai-hero.webp","Date Night package in Dubai","27"
"Image","https://www.mychef.ae/birthday-catering-dubai","https://www.mychef.ae/images/birthday-catering-dubai-hero.webp","A birthday table laid for guests in a Dubai home, with a chef finishing a dish in the background. Experience concept shown.","123"
"Image","https://www.mychef.ae/birthday-catering-dubai","https://www.mychef.ae/images/birthday-catering-dubai-hero.webp","Guests seated at a candlelit birthday dinner table in a Dubai home. Experience concept shown.","93"
"Image","https://www.mychef.ae/catering-dubai","https://www.mychef.ae/images/birthday-catering-dubai-hero.webp","A birthday dinner in a Dubai home — guests at the table, chef finishing plates. Experience concept shown.","105"
"Image","https://www.mychef.ae/birthday-catering-package-dubai","https://www.mychef.ae/images/birthday-catering-dubai-hero.webp","Birthday Celebration package in Dubai","37"
"Image","https://www.mychef.ae/kids-birthday-catering-dubai","https://www.mychef.ae/images/birthday-catering-dubai-hero.webp","Birthday Catering","17"
"Image","https://www.mychef.ae/kids-birthday-catering-dubai","https://www.mychef.ae/images/birthday-catering-dubai-hero.webp","Private Chef Birthday Dinner","28"
"Image","https://www.mychef.ae/private-chef-dubai","https://www.mychef.ae/images/private-chef-dubai-daily-life.webp","Household member drinking coffee at the island while the private chef cooks breakfast unhurried in the same Dubai villa kitchen","127"
"Image","https://www.mychef.ae/about","https://www.mychef.ae/images/mychef-dubai-about-team-hero.webp","The myCHEF Dubai team — chefs, specialists and household managers — in a Dubai kitchen with the skyline behind them","115"
"Image","https://www.mychef.ae/private-chef-dubai","https://www.mychef.ae/images/private-chef-dubai-who-for.webp","A couple relaxes over coffee and the paper by the pool while their private chef plates breakfast at the marble island of a Dubai villa kitchen","142"
"Image","https://www.mychef.ae/private-chef-dubai/how-it-works","https://www.mychef.ae/images/private-chef-dubai-who-for.webp","A couple relaxes over coffee and the paper by the pool while their private chef plates breakfast at the marble island of a Dubai villa kitchen","142"
"Image","https://www.mychef.ae/corporate-event-catering-dubai","https://www.mychef.ae/images/corporate-catering-dubai-hero.webp","Guests at a company event in Dubai being served canapés by catering staff. Experience concept shown.","100"
"Image","https://www.mychef.ae/corporate","https://www.mychef.ae/images/corporate-catering-dubai-hero.webp","Corporate catering in Dubai","27"
"Image","https://www.mychef.ae/catering-dubai","https://www.mychef.ae/images/corporate-catering-dubai-hero.webp","Corporate reception in Dubai — canapés and service staff in a polished venue. Experience concept shown.","103"
"Image","https://www.mychef.ae/case-studies","https://www.mychef.ae/images/corporate-catering-dubai-hero.webp","Corporate Gala Dinner, Downtown Dubai","37"
"Image","https://www.mychef.ae/gallery","https://www.mychef.ae/images/corporate-catering-dubai-hero.webp","Corporate Event Catering — luxury catering dubai","48"
"Image","https://www.mychef.ae/product-launch-catering-dubai","https://www.mychef.ae/images/corporate-catering-dubai-hero.webp","Corporate launch catering in Dubai","34"
"Image","https://www.mychef.ae/product-launch-catering-dubai","https://www.mychef.ae/images/corporate-catering-dubai-hero.webp","Corporate Event Catering","24"
"Image","https://www.mychef.ae/corporate-dinner-package-dubai","https://www.mychef.ae/images/corporate-catering-dubai-hero.webp","Corporate Dinner package in Dubai","33"
"Image","https://www.mychef.ae/corporate-retainer-dubai","https://www.mychef.ae/images/corporate-catering-dubai-hero.webp","Corporate Event Catering","24"
"Image","https://www.mychef.ae/about","https://www.mychef.ae/images/villa-catering-dubai-hero.webp","A chef grilling poolside at a Dubai villa at sunset. Experience concept shown.","78"
"Image","https://www.mychef.ae/events","https://www.mychef.ae/images/villa-catering-dubai-hero.webp","Event catering Dubai 6","22"
"Image","https://www.mychef.ae/villas-private-residences","https://www.mychef.ae/images/villa-catering-dubai-hero.webp","Villa private chef in Dubai","27"
"Image","https://www.mychef.ae/villas-private-residences","https://www.mychef.ae/images/villa-catering-dubai-hero.webp","Poolside villa catering in Dubai with the skyline behind. Experience concept shown.","83"
"Image","https://www.mychef.ae/villas-private-residences","https://www.mychef.ae/images/villa-catering-dubai-hero.webp","Villa dining gallery 5","22"
"Image","https://www.mychef.ae/wedding-catering-dubai","https://www.mychef.ae/images/villa-catering-dubai-hero.webp","Villa wedding catering in Dubai — outdoor table and kitchen access. Experience concept shown.","93"
"Image","https://www.mychef.ae/catering-dubai","https://www.mychef.ae/images/villa-catering-dubai-hero.webp","Villa catering in Dubai — outdoor table, kitchen access, service team at work. Experience concept shown.","104"
"Image","https://www.mychef.ae/vip-club","https://www.mychef.ae/images/villa-catering-dubai-hero.webp","Luxury villa private dining for VIP members in Dubai","52"
"Image","https://www.mychef.ae/case-studies","https://www.mychef.ae/images/villa-catering-dubai-hero.webp","Villa Wedding Reception, Emirates Hills","39"
"Image","https://www.mychef.ae/gallery","https://www.mychef.ae/images/villa-catering-dubai-hero.webp","Villa Garden Dinner — luxury catering dubai","43"
"Image","https://www.mychef.ae/gallery","https://www.mychef.ae/images/villa-catering-dubai-hero.webp","Villa Private Dining — luxury catering dubai","44"
"Image","https://www.mychef.ae/vip-club?utm_source=mychef.ae&utm_medium=banner&utm_campaign=weekly-meal-prep-dubai","https://www.mychef.ae/images/villa-catering-dubai-hero.webp","Luxury villa private dining for VIP members in Dubai","52"
"Image","https://www.mychef.ae/vip-club?utm_source=mychef.ae&utm_medium=banner&utm_campaign=catering-packages-dubai","https://www.mychef.ae/images/villa-catering-dubai-hero.webp","Luxury villa private dining for VIP members in Dubai","52"
"Image","https://www.mychef.ae/partners/villa-rentals-dubai","https://www.mychef.ae/images/villa-catering-dubai-hero.webp","Villa Rentals partnership with myCHEF Dubai","43"
"Image","https://www.mychef.ae/vip-club?utm_source=mychef.ae&utm_medium=banner&utm_campaign=wellness-meal-prep-dubai","https://www.mychef.ae/images/villa-catering-dubai-hero.webp","Luxury villa private dining for VIP members in Dubai","52"
"Image","https://www.mychef.ae/wedding-catering-checklist-dubai","https://www.mychef.ae/images/wedding-catering-dubai-hero.webp","A villa wedding dinner in Dubai — long table, candlelight, service in the background. Experience concept shown.","111"
"Image","https://www.mychef.ae/wedding-catering-dubai","https://www.mychef.ae/images/wedding-catering-dubai-hero.webp","A villa wedding dinner in Dubai — long table, candlelight, service in the background. Experience concept shown.","111"
"Image","https://www.mychef.ae/catering-dubai","https://www.mychef.ae/images/wedding-catering-dubai-hero.webp","Wedding dinner table in a Dubai villa — candlelight, set places, service in the background. Experience concept shown.","117"
"Image","https://www.mychef.ae/gallery","https://www.mychef.ae/images/wedding-catering-dubai-hero.webp","Elegant Wedding Reception — luxury catering dubai","49"
"Image","https://www.mychef.ae/blog","https://www.mychef.ae/images/blog/how-to-hire-a-private-chef-dubai-hero.webp","How to Hire a Private Chef Dubai: 2026 Cost & Booking Guide — experience concept shown","86"
"Image","https://www.mychef.ae/blog/corporate-catering-full-service-vs-drop-off","https://www.mychef.ae/images/blog/how-to-hire-a-private-chef-dubai-hero.webp","How to Hire a Private Chef Dubai: 2026 Cost & Booking Guide","59"
"Image","https://www.mychef.ae/blog/corporate-event-catering-ideas-dubai","https://www.mychef.ae/images/blog/how-to-hire-a-private-chef-dubai-hero.webp","How to Hire a Private Chef Dubai: 2026 Cost & Booking Guide","59"
"Image","https://www.mychef.ae/blog/private-chef-palm-jumeirah-guide","https://www.mychef.ae/images/blog/how-to-hire-a-private-chef-dubai-hero.webp","How to Hire a Private Chef Dubai: 2026 Cost & Booking Guide","59"
"Image","https://www.mychef.ae/blog/yacht-party-menu-ideas-dubai","https://www.mychef.ae/images/blog/how-to-hire-a-private-chef-dubai-hero.webp","How to Hire a Private Chef Dubai: 2026 Cost & Booking Guide","59"
"Image","https://www.mychef.ae/blog/private-chef-vs-restaurant-dubai","https://www.mychef.ae/images/blog/how-to-hire-a-private-chef-dubai-hero.webp","How to Hire a Private Chef Dubai: 2026 Cost & Booking Guide","59"
"Image","https://www.mychef.ae/blog/desert-dinner-party-dubai","https://www.mychef.ae/images/blog/how-to-hire-a-private-chef-dubai-hero.webp","How to Hire a Private Chef Dubai: 2026 Cost & Booking Guide","59"
"Image","https://www.mychef.ae/blog/weekly-meal-prep-vs-full-time-chef-dubai","https://www.mychef.ae/images/blog/how-to-hire-a-private-chef-dubai-hero.webp","How to Hire a Private Chef Dubai: 2026 Cost & Booking Guide","59"
"Image","https://www.mychef.ae/blog/iftar-at-home-dubai","https://www.mychef.ae/images/blog/how-to-hire-a-private-chef-dubai-hero.webp","How to Hire a Private Chef Dubai: 2026 Cost & Booking Guide","59"
"Image","https://www.mychef.ae/blog/private-chef-date-night-dubai","https://www.mychef.ae/images/blog/how-to-hire-a-private-chef-dubai-hero.webp","How to Hire a Private Chef Dubai: 2026 Cost & Booking Guide","59"
"Image","https://www.mychef.ae/blog/how-much-does-private-chef-cost-dubai","https://www.mychef.ae/images/blog/how-to-hire-a-private-chef-dubai-hero.webp","How to Hire a Private Chef Dubai: 2026 Cost & Booking Guide","59"
"Image","https://www.mychef.ae/blog/how-to-hire-a-private-chef-dubai","https://www.mychef.ae/images/blog/how-to-hire-a-private-chef-dubai-hero.webp","Private chef dinner in a Dubai home: the host stays at the table while the chef finishes a plate at the island and a server pours water","135"
"Image","https://www.mychef.ae/blog/ramadan-iftar-catering-trends-2026","https://www.mychef.ae/images/blog/how-to-hire-a-private-chef-dubai-hero.webp","How to Hire a Private Chef Dubai: 2026 Cost & Booking Guide","59"
"Image","https://www.mychef.ae/blog/topic/private-chef","https://www.mychef.ae/images/blog/how-to-hire-a-private-chef-dubai-hero.webp","How to Hire a Private Chef Dubai: 2026 Cost & Booking Guide","59"
"Image","https://www.mychef.ae/luxury-dining-experiences","https://www.mychef.ae/images/luxury-dining-experiences-dubai-hero.webp","Guests seated at a private chef-led dinner in a Dubai villa while the chef finishes a plate. Experience concept shown.","118"
"Image","https://www.mychef.ae/partners","https://www.mychef.ae/images/luxury-dining-experiences-dubai-hero.webp","A chef-led dinner being served to guests in a Dubai residence. Experience concept shown.","88"
"Image","https://www.mychef.ae/private-jet-catering-dubai","https://www.mychef.ae/images/private-jet-catering-dubai-hero.webp","Prepared jet catering packed for boarding in Dubai — labelled trays, quiet galley light, no cabin party. Experience concept shown.","130"
"Image","https://www.mychef.ae/contact","https://www.mychef.ae/images/private-chef-dubai-cta.webp","A Dubai villa kitchen at the end of service. Experience concept shown.","70"
"Image","https://www.mychef.ae/private-chef-dubai","https://www.mychef.ae/images/private-chef-dubai-cta.webp","Dubai villa kitchen at the end of the day: surfaces cleared, one folded cloth, the dining room quiet beyond — the house handed back in order","140"
"Image","https://www.mychef.ae/private-chef-dubai/quality-training","https://www.mychef.ae/images/private-chef-dubai-cta.webp","Dubai villa kitchen at the end of the day: surfaces cleared, one folded cloth, the dining room quiet beyond — the house handed back in order","140"
"Image","https://www.mychef.ae/private-chef-dubai/how-it-works","https://www.mychef.ae/images/private-chef-dubai-cta.webp","Dubai villa kitchen at the end of the day: surfaces cleared, one folded cloth, the dining room quiet beyond — the house handed back in order","140"
"Image","https://www.mychef.ae/private-chef-dubai/privacy-security","https://www.mychef.ae/images/private-chef-dubai-cta.webp","Dubai villa kitchen at the end of the day: surfaces cleared, one folded cloth, the dining room quiet beyond — the house handed back in order","140"
"Image","https://www.mychef.ae/chefs/layla-middle-eastern-chef","https://www.mychef.ae/images/chefs/layla-hassan.webp","Chef Layla Hassan, independent partner chef for myCHEF Dubai, posing in a professional black chef's jacket in a kitchen setting.","128"
"Image","https://www.mychef.ae/chefs/layla-middle-eastern-chef","https://www.mychef.ae/images/chefs/layla-hassan.webp","Chef Layla Hassan, independent partner chef for myCHEF Dubai, posing in a professional black chef's jacket in a kitchen setting.","128"
"Image","https://www.mychef.ae/private-chef-dubai/how-it-works","https://www.mychef.ae/images/chefs/layla-hassan.webp","Layla Hassan","12"
"Image","https://www.mychef.ae/blog/how-to-hire-a-private-chef-dubai","https://www.mychef.ae/images/blog/how-to-hire-a-private-chef-dubai-4.webp","Hired cook portioning a week of meals into containers in a Dubai apartment kitchen, household fridge open","105"
"Image","https://www.mychef.ae/private-chef-dubai/how-it-works","https://www.mychef.ae/images/private-chef-dubai-household.webp","Private chef cooking breakfast while an assistant packs meal containers in a Dubai villa kitchen, family life in the background","127"
"Image","https://www.mychef.ae/private-chef-dubai/quality-training","https://www.mychef.ae/images/private-chef-quality-training-hero.webp","Two senior chefs review a finished plate under a warm lamp, one tasting and one finishing the garnish. Experience concept shown.","128"
"Image","https://www.mychef.ae/engagement-catering-dubai","https://www.mychef.ae/images/engagement-catering-dubai-villa.webp","An engagement couple seated with family on a Dubai villa terrace while the catering team finishes quietly. Experience concept shown.","132"
"Image","https://www.mychef.ae/private-chef-dubai/how-it-works","https://www.mychef.ae/images/private-chef-dubai-who-does-what.webp","Private chef plating at the end of the island while an assistant closes down the range behind, one Dubai villa kitchen, two jobs","128"
"Image","https://www.mychef.ae/private-chef-dubai/privacy-security","https://www.mychef.ae/images/private-chef-privacy-security-hero.webp","A private chef prepares food at a villa island while a couple sits in the living room, evening garden beyond. Experience concept shown.","135"
"Image","https://www.mychef.ae/engagement-catering-dubai","https://www.mychef.ae/images/engagement-catering-dubai-dessert.webp","A styled dessert table being finished for an engagement party in a Dubai home. Experience concept shown.","104"
"Image","https://www.mychef.ae/private-chef-dubai/how-it-works","https://www.mychef.ae/images/private-chef-how-it-works-hero.webp","A household, coordinator and chef review a plan at a Dubai villa island in the evening. Experience concept shown.","113"
"Image","https://www.mychef.ae/engagement-catering-dubai","https://www.mychef.ae/images/engagement-catering-dubai-plated.webp","A plated engagement dinner in a Dubai villa: the couple remain seated as a waiter places a course. Experience concept shown.","124"
"Image","https://www.mychef.ae/private-chef-dubai/how-it-works","https://www.mychef.ae/images/private-chef-dubai-how-it-works.webp","Chef’s hands preparing fish, vegetables and herbs on a limestone island beside a closed notebook and a blank tablet","115"
