"Address","Content Type","IMG Inlinks","Indexability","Indexability Status","Dimensions"
"https://www.mychef.ae/loc-palm-jumeirah.webp","image/webp","36","Indexable","",""
"https://www.mychef.ae/loc-jbr.webp","image/webp","37","Indexable","",""
"https://www.mychef.ae/loc-dubai-marina.webp","image/webp","37","Indexable","",""
"https://www.mychef.ae/loc-downtown.webp","image/webp","36","Indexable","",""
"https://www.mychef.ae/images/catering-dubai-hero.webp","image/webp","34","Indexable","",""
"https://www.mychef.ae/loc-difc.webp","image/webp","36","Indexable","",""
"https://www.mychef.ae/loc-emirates-hills.webp","image/webp","38","Indexable","",""
"https://www.mychef.ae/images/bbq-catering-dubai-hero.webp","image/webp","3","Indexable","",""
"https://www.mychef.ae/images/blog/how-to-hire-a-private-chef-dubai-hero.webp","image/webp","14","Indexable","",""
"https://www.mychef.ae/images/mychef-household-plan-consultation.webp","image/webp","1","Indexable","",""
"https://www.mychef.ae/images/blog/wedding-catering-cost-dubai-2.webp","image/webp","1","Indexable","",""
"https://www.mychef.ae/images/beach-catering-dubai-hero.webp","image/webp","5","Indexable","",""
"https://www.mychef.ae/menu-canapes.webp","image/webp","71","Indexable","",""
"https://www.mychef.ae/images/blog/brunch-at-home-dubai-hero.webp","image/webp","6","Indexable","",""
"https://www.mychef.ae/images/catering-packages-dubai-hero.webp","image/webp","5","Indexable","",""
"https://www.mychef.ae/images/blog/yacht-party-menu-ideas-dubai-hero.webp","image/webp","4","Indexable","",""
"https://www.mychef.ae/menu-seafood.webp","image/webp","38","Indexable","",""
"https://www.mychef.ae/images/blog/ramadan-iftar-catering-trends-2026-hero.webp","image/webp","4","Indexable","",""
"https://www.mychef.ae/service-yacht.webp","image/webp","10","Indexable","",""
"https://www.mychef.ae/images/blog/weekly-meal-prep-vs-full-time-chef-dubai-hero.webp","image/webp","3","Indexable","",""
"https://www.mychef.ae/menu-cocktails.webp","image/webp","17","Indexable","",""
"https://www.mychef.ae/service-corporate.webp","image/webp","51","Indexable","",""
"https://www.mychef.ae/images/blog/corporate-event-catering-ideas-dubai-hero.webp","image/webp","4","Indexable","",""
"https://www.mychef.ae/service-luxury-dining.webp","image/webp","42","Indexable","",""
"https://www.mychef.ae/images/mychef-dubai-blog-hero.webp","image/webp","1","Indexable","",""
"https://www.mychef.ae/testimonial-corporate.webp","image/webp","1","Indexable","",""
"https://www.mychef.ae/images/blog/vegan-catering-dubai-guide-hero.webp","image/webp","6","Indexable","",""
"https://www.mychef.ae/images/blog/wedding-catering-cost-dubai-hero.webp","image/webp","7","Indexable","",""
"https://www.mychef.ae/images/blog/best-private-chef-birthday-dinner-dubai-hero.webp","image/webp","3","Indexable","",""
"https://www.mychef.ae/service-events.webp","image/webp","141","Indexable","",""
"https://www.mychef.ae/images/blog/how-far-ahead-book-caterer-dubai-hero.webp","image/webp","6","Indexable","",""
"https://www.mychef.ae/images/birthday-catering-dubai-hero.webp","image/webp","6","Indexable","",""
"https://www.mychef.ae/images/blog/wedding-catering-cost-dubai-3.webp","image/webp","1","Indexable","",""
"https://www.mychef.ae/images/arabic-catering-dubai-hero.webp","image/webp","8","Indexable","",""
"https://www.mychef.ae/service-catering.webp","image/webp","63","Indexable","",""
"https://www.mychef.ae/images/blog/corporate-catering-full-service-vs-drop-off-hero.webp","image/webp","4","Indexable","",""
"https://www.mychef.ae/images/mychef-dubai-about-team-hero.webp","image/webp","1","Indexable","",""
"https://www.mychef.ae/images/cuisines-hub-dubai-hero.webp","image/webp","1","Indexable","",""
"https://www.mychef.ae/loc-jumeirah.webp","image/webp","3","Indexable","",""
"https://www.mychef.ae/images/private-chef-dubai-who-for.webp","image/webp","2","Indexable","",""
"https://www.mychef.ae/process-3.webp","image/webp","3","Indexable","",""
"https://www.mychef.ae/images/blog/iftar-at-home-dubai-hero.webp","image/webp","4","Indexable","",""
"https://www.mychef.ae/images/blog/grazing-table-vs-buffet-dubai-hero.webp","image/webp","6","Indexable","",""
"https://www.mychef.ae/images/blog/halal-private-dining-dubai-what-to-ask-hero.webp","image/webp","6","Indexable","",""
"https://www.mychef.ae/testimonial-yacht.webp","image/webp","2","Indexable","",""
"https://www.mychef.ae/process-4.webp","image/webp","1","Indexable","",""
"https://www.mychef.ae/images/afternoon-tea-catering-dubai-hero.webp","image/webp","4","Indexable","",""
"https://www.mychef.ae/images/blog/nye-party-catering-dubai-hero.webp","image/webp","7","Indexable","",""
"https://www.mychef.ae/images/luxury-dining-experiences-dubai-hero.webp","image/webp","2","Indexable","",""
"https://www.mychef.ae/images/blog/private-chef-vs-restaurant-dubai-hero.webp","image/webp","14","Indexable","",""
"https://www.mychef.ae/images/private-jet-catering-dubai-hero.webp","image/webp","1","Indexable","",""
"https://www.mychef.ae/service-villa.webp","image/webp","84","Indexable","",""
"https://www.mychef.ae/images/asian-catering-dubai-hero.webp","image/webp","4","Indexable","",""
"https://www.mychef.ae/process-2.webp","image/webp","2","Indexable","",""
"https://www.mychef.ae/images/blog/private-chef-palm-jumeirah-guide-hero.webp","image/webp","3","Indexable","",""
"https://www.mychef.ae/images/blog/iftar-at-home-dubai-3.webp","image/webp","1","Indexable","",""
"https://www.mychef.ae/images/blog/private-chef-palm-jumeirah-guide-3.webp","image/webp","1","Indexable","",""
"https://www.mychef.ae/images/blog/private-chef-vs-restaurant-dubai-3.webp","image/webp","1","Indexable","",""
"https://www.mychef.ae/images/blog/how-to-hire-a-private-chef-dubai-2.webp","image/webp","1","Indexable","",""
"https://www.mychef.ae/images/blog/private-chef-date-night-dubai-3.webp","image/webp","1","Indexable","",""
"https://www.mychef.ae/images/blog/brunch-at-home-dubai-2.webp","image/webp","1","Indexable","",""
"https://www.mychef.ae/images/blog/how-to-hire-a-private-chef-dubai-4.webp","image/webp","1","Indexable","",""
"https://www.mychef.ae/images/blog/corporate-catering-full-service-vs-drop-off-2.webp","image/webp","1","Indexable","",""
"https://www.mychef.ae/images/blog/ramadan-iftar-catering-trends-2026-2.webp","image/webp","1","Indexable","",""
"https://www.mychef.ae/images/blog/weekly-meal-prep-vs-full-time-chef-dubai-2.webp","image/webp","1","Indexable","",""
"https://www.mychef.ae/images/blog/vegan-catering-dubai-guide-2.webp","image/webp","1","Indexable","",""
"https://www.mychef.ae/images/blog/corporate-catering-full-service-vs-drop-off-3.webp","image/webp","1","Indexable","",""
"https://www.mychef.ae/images/blog/yacht-party-menu-ideas-dubai-2.webp","image/webp","1","Indexable","",""
"https://www.mychef.ae/images/private-chef-quality-training-hero.webp","image/webp","1","Indexable","",""
"https://www.mychef.ae/images/blog/corporate-event-catering-ideas-dubai-2.webp","image/webp","1","Indexable","",""
"https://www.mychef.ae/images/blog/private-chef-date-night-dubai-2.webp","image/webp","1","Indexable","",""
"https://www.mychef.ae/images/blog/desert-dinner-party-dubai-3.webp","image/webp","1","Indexable","",""
"https://www.mychef.ae/images/blog/ramadan-iftar-catering-trends-2026-3.webp","image/webp","1","Indexable","",""
"https://www.mychef.ae/images/blog/best-private-chef-birthday-dinner-dubai-2.webp","image/webp","1","Indexable","",""
"https://www.mychef.ae/images/blog/how-far-ahead-book-caterer-dubai-3.webp","image/webp","1","Indexable","",""
"https://www.mychef.ae/images/blog/private-chef-vs-restaurant-dubai-2.webp","image/webp","1","Indexable","",""
"https://www.mychef.ae/images/private-chef-privacy-security-hero.webp","image/webp","1","Indexable","",""
"https://www.mychef.ae/images/blog/private-chef-palm-jumeirah-guide-2.webp","image/webp","1","Indexable","",""
"https://www.mychef.ae/corporate-catering-dubai-hero.webp","image/webp","1","Indexable","",""
"https://www.mychef.ae/images/blog/desert-dinner-party-dubai-2.webp","image/webp","1","Indexable","",""
"https://www.mychef.ae/images/blog/dinner-party-menu-ideas-dubai-2.webp","image/webp","1","Indexable","",""
"https://www.mychef.ae/images/blog/corporate-event-catering-ideas-dubai-3.webp","image/webp","1","Indexable","",""
"https://www.mychef.ae/images/blog/vegan-catering-dubai-guide-3.webp","image/webp","1","Indexable","",""
"https://www.mychef.ae/images/blog/nye-party-catering-dubai-3.webp","image/webp","1","Indexable","",""
"https://www.mychef.ae/images/blog/grazing-table-vs-buffet-dubai-2.webp","image/webp","1","Indexable","",""
"https://www.mychef.ae/images/festive-catering-dubai-hero.webp","image/webp","1","Indexable","",""
"https://www.mychef.ae/images/blog/dinner-party-menu-ideas-dubai-3.webp","image/webp","1","Indexable","",""
"https://www.mychef.ae/images/blog/halal-private-dining-dubai-what-to-ask-3.webp","image/webp","1","Indexable","",""
"https://www.mychef.ae/images/blog/nye-party-catering-dubai-2.webp","image/webp","1","Indexable","",""
"https://www.mychef.ae/images/blog/brunch-at-home-dubai-3.webp","image/webp","1","Indexable","",""
"https://www.mychef.ae/images/private-chef-how-it-works-hero.webp","image/webp","1","Indexable","",""
"https://www.mychef.ae/images/blog/how-much-does-private-chef-cost-dubai-2.webp","image/webp","1","Indexable","",""
"https://www.mychef.ae/images/pescatarian-catering-dubai-hero.webp","image/webp","2","Indexable","",""
"https://www.mychef.ae/images/blog/grazing-table-vs-buffet-dubai-3.webp","image/webp","1","Indexable","",""
"https://www.mychef.ae/images/blog/how-far-ahead-book-caterer-dubai-2.webp","image/webp","1","Indexable","",""
