"Address","Indexability","Indexability Status","Crawl Depth","Link Score","Inlinks","Unique Inlinks","Unique JS Inlinks","% of Total","Outlinks","Unique Outlinks","Unique JS Outlinks","External Outlinks","Unique External Outlinks","Unique External JS Outlinks"
"https://www.mychef.ae/","Indexable","","1","","1017","262","0","100,000","138","84","0","18","17","0"
"https://www.mychef.ae/terms","Non-Indexable","noindex","2","","263","262","0","100,000","87","74","0","11","10","0"
"https://www.mychef.ae/private-chef-prices-dubai","Indexable","","2","","358","262","0","100,000","144","81","0","12","10","0"
"https://www.mychef.ae/wedding-catering-menu-planning-dubai?utm_source=mychef.ae&utm_medium=home_guides_teaser&utm_campaign=home","Non-Indexable","Canonicalised","2","","33","33","0","12,600","126","84","0","12","10","0"
"https://www.mychef.ae/faq","Indexable","","2","","265","262","0","100,000","121","88","0","12","10","0"
"https://www.mychef.ae/corporate-event-catering-dubai","Indexable","","2","","335","262","0","100,000","133","91","0","12","10","0"
"https://www.mychef.ae/private-chef-vs-catering-dubai","Indexable","","2","","302","262","0","100,000","105","81","0","12","10","0"
"https://www.mychef.ae/locations/jlt","Indexable","","2","","520","262","0","100,000","108","76","0","12","10","0"
"https://www.mychef.ae/ramadan-catering-guide-dubai","Indexable","","2","","281","262","0","100,000","105","84","0","12","10","0"
"https://www.mychef.ae/about","Indexable","","2","","311","262","0","100,000","122","82","0","12","10","0"
"https://www.mychef.ae/locations/umm-suqeim","Indexable","","2","","448","262","0","100,000","105","75","0","12","10","0"
"https://www.mychef.ae/locations/dubai-marina","Indexable","","2","","590","262","0","100,000","108","75","0","12","10","0"
"https://www.mychef.ae/full-time-private-chef-dubai","Indexable","","2","","51","50","0","19,080","106","79","0","15","10","0"
"https://www.mychef.ae/blog/wedding-catering-cost-dubai","Indexable","","2","","307","262","0","100,000","122","78","0","12","10","0"
"https://www.mychef.ae/venue-partners","Indexable","","2","","275","262","0","100,000","109","91","0","11","10","0"
"https://www.mychef.ae/wedding-catering-checklist-dubai","Indexable","","2","","288","262","0","100,000","114","78","0","12","10","0"
"https://www.mychef.ae/buffet-vs-plated-dubai","Indexable","","2","","277","262","0","100,000","105","78","0","12","10","0"
"https://www.mychef.ae/blog","Indexable","","2","","299","262","0","100,000","159","104","0","12","10","0"
"https://www.mychef.ae/corporate","Indexable","","2","","410","262","0","100,000","164","91","0","16","11","0"
"https://www.mychef.ae/press","Indexable","","2","","269","262","0","100,000","99","83","0","11","10","0"
"https://www.mychef.ae/dubai-food-trends-report-2026?utm_source=mychef.ae&utm_medium=home_guides_teaser&utm_campaign=home","Non-Indexable","Canonicalised","2","","33","33","0","12,600","105","79","0","12","10","0"
"https://www.mychef.ae/luxury-dining-experiences","Indexable","","2","","621","262","0","100,000","154","83","0","11","10","0"
"https://www.mychef.ae/private-party-catering-dubai","Indexable","","2","","392","262","0","100,000","172","92","0","12","10","0"
"https://www.mychef.ae/contact","Indexable","","2","","554","262","0","100,000","100","75","0","14","10","0"
"https://www.mychef.ae/catering","Non-Indexable","Canonicalised","2","","33","33","0","12,600","138","84","0","18","17","0"
"https://www.mychef.ae/locations/jvc","Indexable","","2","","447","262","0","100,000","107","75","0","12","10","0"
"https://www.mychef.ae/locations/dubai-hills","Indexable","","2","","536","262","0","100,000","107","76","0","12","10","0"
"https://www.mychef.ae/desert-dining-dubai","Indexable","","2","","277","262","0","100,000","123","83","0","12","10","0"
"https://www.mychef.ae/dubai-food-trends-report-2026","Indexable","","2","","275","262","0","100,000","105","79","0","12","10","0"
"https://www.mychef.ae/private-jet-catering-dubai","Indexable","","2","","270","262","0","100,000","103","78","0","12","10","0"
"https://www.mychef.ae/menus","Indexable","","2","","285","262","0","100,000","105","81","0","16","15","0"
"https://www.mychef.ae/private-chef-dubai","Indexable","","2","","738","262","0","100,000","169","92","0","12","10","0"
"https://www.mychef.ae/corporate-catering-checklist-dubai","Indexable","","2","","282","262","0","100,000","105","82","0","12","10","0"
"https://www.mychef.ae/dubai-event-catering-price-guide-2026?utm_source=mychef.ae&utm_medium=home_guides_teaser&utm_campaign=home","Non-Indexable","Canonicalised","2","","33","33","0","12,600","106","79","0","12","10","0"
"https://www.mychef.ae/how-to-choose-caterer-dubai","Indexable","","2","","274","262","0","100,000","105","78","0","12","10","0"
"https://www.mychef.ae/events","Indexable","","2","","329","262","0","100,000","155","103","0","13","10","0"
"https://www.mychef.ae/how-it-works","Indexable","","2","","586","262","0","100,000","95","78","0","11","10","0"
"https://www.mychef.ae/locations/difc","Indexable","","2","","552","262","0","100,000","106","76","0","12","10","0"
"https://www.mychef.ae/dubai-catering-prices-guide","Indexable","","2","","381","262","0","100,000","106","79","0","12","10","0"
"https://www.mychef.ae/villas-private-residences","Indexable","","2","","384","262","0","100,000","151","85","0","13","10","0"
"https://www.mychef.ae/locations/jumeirah","Indexable","","2","","581","262","0","100,000","108","75","0","12","10","0"
"https://www.mychef.ae/locations/business-bay","Indexable","","2","","468","262","0","100,000","107","76","0","12","10","0"
"https://www.mychef.ae/wedding-catering-dubai","Indexable","","2","","333","262","0","100,000","159","91","0","12","10","0"
"https://www.mychef.ae/locations/downtown-dubai","Indexable","","2","","619","262","0","100,000","107","74","0","12","10","0"
"https://www.mychef.ae/cuisines-dubai","Indexable","","2","","534","262","0","100,000","151","95","0","12","10","0"
"https://www.mychef.ae/booking-protection-insurance","Indexable","","2","","271","262","0","100,000","99","75","0","12","10","0"
"https://www.mychef.ae/partner-with-us","Indexable","","2","","280","262","0","100,000","96","78","0","11","10","0"
"https://www.mychef.ae/locations/emirates-hills","Indexable","","2","","506","262","0","100,000","107","74","0","12","10","0"
"https://www.mychef.ae/tourist-villa-chef-dubai","Indexable","","2","","49","49","0","18,700","109","78","0","12","10","0"
"https://www.mychef.ae/yacht-catering-checklist-dubai?utm_source=mychef.ae&utm_medium=home_guides_teaser&utm_campaign=home","Non-Indexable","Canonicalised","2","","33","33","0","12,600","105","79","0","13","10","0"
"https://www.mychef.ae/weekly-meal-prep-dubai?utm_source=mychef.ae&utm_medium=starter_package_card&utm_campaign=home","Non-Indexable","Canonicalised","2","","66","33","0","12,600","126","85","0","12","10","0"
"https://www.mychef.ae/yachts","Indexable","","2","","353","262","0","100,000","163","83","0","13","10","0"
"https://www.mychef.ae/luxury-dinner-planning-guide-dubai","Indexable","","2","","281","262","0","100,000","105","80","0","12","10","0"
"https://www.mychef.ae/tasting-menu-dubai","Indexable","","2","","279","262","0","100,000","125","80","0","12","10","0"
"https://www.mychef.ae/wedding-catering-menu-planning-dubai","Indexable","","2","","283","262","0","100,000","126","84","0","12","10","0"
"https://www.mychef.ae/villa-catering-ideas-dubai","Indexable","","2","","291","262","0","100,000","105","82","0","12","10","0"
"https://www.mychef.ae/gift-cards","Indexable","","2","","301","262","0","100,000","121","81","0","12","10","0"
"https://www.mychef.ae/guides","Indexable","","2","","281","262","0","100,000","154","98","0","12","10","0"
"https://www.mychef.ae/review","Non-Indexable","noindex","2","","564","262","0","100,000","85","73","0","11","10","0"
"https://www.mychef.ae/birthday-catering-dubai","Indexable","","2","","311","262","0","100,000","147","86","0","12","10","0"
"https://www.mychef.ae/guides?utm_source=mychef.ae&utm_medium=home_guides_teaser&utm_campaign=home","Non-Indexable","Canonicalised","2","","33","33","0","12,600","154","98","0","12","10","0"
"https://www.mychef.ae/halal-private-dining-dubai","Indexable","","2","","272","262","0","100,000","123","82","0","12","10","0"
"https://www.mychef.ae/weekly-meal-prep-dubai","Indexable","","2","","289","262","0","100,000","126","85","0","12","10","0"
"https://www.mychef.ae/romantic-dinner-dubai","Indexable","","2","","296","262","0","100,000","102","82","0","12","10","0"
"https://www.mychef.ae/drop-off-catering-dubai","Indexable","","2","","278","262","0","100,000","125","83","0","12","10","0"
"https://www.mychef.ae/catering-dubai","Indexable","","2","","791","262","0","100,000","199","107","0","12","10","0"
"https://www.mychef.ae/how-we-vet-our-chefs","Indexable","","2","","282","262","0","100,000","102","78","0","12","10","0"
"https://www.mychef.ae/locations/jbr","Indexable","","2","","499","262","0","100,000","108","76","0","12","10","0"
"https://www.mychef.ae/locations/palm-jumeirah","Indexable","","2","","569","262","0","100,000","108","74","0","12","10","0"
"https://www.mychef.ae/vip-club","Indexable","","2","","42","39","0","14,890","132","79","0","12","10","0"
"https://www.mychef.ae/catering-packages-dubai","Indexable","","2","","283","262","0","100,000","130","86","0","18","16","0"
"https://www.mychef.ae/case-studies","Indexable","","2","","265","262","0","100,000","122","84","0","12","10","0"
"https://www.mychef.ae/our-chefs","Indexable","","2","","570","262","0","100,000","117","86","0","12","10","0"
"https://www.mychef.ae/locations/arabian-ranches","Indexable","","2","","458","262","0","100,000","107","77","0","12","10","0"
"https://www.mychef.ae/locations/bluewaters-island","Indexable","","2","","457","262","0","100,000","105","74","0","12","10","0"
"https://www.mychef.ae/locations","Indexable","","2","","541","262","0","100,000","121","76","0","13","10","0"
"https://www.mychef.ae/gallery","Indexable","","2","","529","262","0","100,000","86","74","0","11","10","0"
"https://www.mychef.ae/yacht-catering-guide-dubai","Indexable","","2","","274","262","0","100,000","105","80","0","12","10","0"
"https://www.mychef.ae/locations/al-barsha","Indexable","","2","","409","262","0","100,000","107","76","0","12","10","0"
"https://www.mychef.ae/private-cooking-classes-dubai","Indexable","","2","","304","262","0","100,000","125","82","0","12","10","0"
"https://www.mychef.ae/part-time-private-chef-dubai","Indexable","","3","","11","9","0","3,440","105","80","0","12","10","0"
"https://www.mychef.ae/blog/corporate-catering-full-service-vs-drop-off","Indexable","","3","","33","24","0","9,160","108","79","0","11","10","0"
"https://www.mychef.ae/blog/best-private-chef-birthday-dinner-dubai","Indexable","","3","","33","25","0","9,540","111","80","0","11","10","0"
"https://www.mychef.ae/graduation-catering-dubai","Indexable","","3","","5","5","0","1,910","125","81","0","12","10","0"
"https://www.mychef.ae/kids-nutrition-chef-dubai","Indexable","","3","","11","11","0","4,200","106","82","0","15","10","0"
"https://www.mychef.ae/fitness-meal-prep-dubai","Indexable","","3","","11","11","0","4,200","105","81","0","12","10","0"
"https://www.mychef.ae/sugar-free-catering-dubai","Indexable","","3","","10","7","0","2,670","125","84","0","12","10","0"
"https://www.mychef.ae/blog/topic/menus-dietary","Indexable","","3","","1","1","0","0,380","93","78","0","11","10","0"
"https://www.mychef.ae/staff-meals-catering-dubai","Indexable","","3","","9","5","0","1,910","136","83","0","12","10","0"
"https://www.mychef.ae/mystery-dining-dubai","Indexable","","3","","6","6","0","2,290","109","80","0","12","10","0"
"https://www.mychef.ae/blog/topic/celebrations","Indexable","","3","","1","1","0","0,380","94","78","0","11","10","0"
"https://www.mychef.ae/locations/jumeirah-islands","Non-Indexable","Canonicalised","3","","43","42","0","16,030","138","84","0","18","17","0"
"https://www.mychef.ae/private-chef-dubai/our-chefs","Non-Indexable","Canonicalised","3","","15","5","0","1,910","138","84","0","18","17","0"
"https://www.mychef.ae/chefs/ahmed-executive-chef","Indexable","","3","","5","4","0","1,530","89","74","0","11","10","0"
"https://www.mychef.ae/partners/yacht-charters-dubai","Indexable","","3","","8","7","0","2,670","95","77","0","13","10","0"
"https://www.mychef.ae/farewell-catering-dubai","Indexable","","3","","5","5","0","1,910","123","81","0","12","10","0"
"https://www.mychef.ae/private-chef-dubai/quality-training","Non-Indexable","noindex","3","","12","5","0","1,910","104","80","0","11","10","0"
"https://www.mychef.ae/eid-catering-dubai","Indexable","","3","","13","8","0","3,050","141","85","0","12","10","0"
"https://www.mychef.ae/conference-catering-dubai","Indexable","","3","","9","7","0","2,670","139","84","0","12","10","0"
"https://www.mychef.ae/blog/corporate-event-catering-ideas-dubai","Indexable","","3","","47","32","0","12,210","119","80","0","11","10","0"
"https://www.mychef.ae/best-catering-companies-dubai","Indexable","","3","","65","65","0","24,810","102","76","0","11","10","0"
"https://www.mychef.ae/pool-party-catering-dubai","Indexable","","3","","15","11","0","4,200","125","85","0","12","10","0"
"https://www.mychef.ae/case-studies/corporate-gala-dinner-downtown-dubai","Non-Indexable","Canonicalised","3","","1","1","0","0,380","138","84","0","18","17","0"
"https://www.mychef.ae/afternoon-tea-catering-dubai","Indexable","","3","","10","6","0","2,290","124","83","0","12","10","0"
"https://www.mychef.ae/corporate-meal-prep-dubai","Indexable","","3","","22","13","0","4,960","143","85","0","12","10","0"
"https://www.mychef.ae/locations/mirdif","Non-Indexable","Canonicalised","3","","1","1","0","0,380","138","84","0","18","17","0"
"https://www.mychef.ae/blog/private-chef-palm-jumeirah-guide","Indexable","","3","","19","11","0","4,200","112","81","0","11","10","0"
"https://www.mychef.ae/blog/yacht-party-menu-ideas-dubai","Indexable","","3","","27","19","0","7,250","109","82","0","11","10","0"
"https://www.mychef.ae/bar-services-dubai","Indexable","","3","","19","15","0","5,730","126","84","0","12","10","0"
"https://www.mychef.ae/anniversary-catering-dubai","Indexable","","3","","26","6","0","2,290","160","83","0","12","10","0"
"https://www.mychef.ae/chefs/marco-italian-chef","Indexable","","3","","8","5","0","1,910","98","77","0","11","10","0"
"https://www.mychef.ae/quality-guarantee-dubai","Indexable","","3","","5","4","0","1,530","100","75","0","12","10","0"
"https://www.mychef.ae/weekly-meal-prep-dubai?utm_source=mychef.ae&utm_medium=starter_package_card&utm_campaign=catering-packages-dubai","Non-Indexable","Canonicalised","3","","2","1","0","0,380","126","85","0","12","10","0"
"https://www.mychef.ae/italian-catering-dubai","Indexable","","3","","31","9","0","3,440","168","88","0","12","10","0"
"https://www.mychef.ae/blog/topic/outdoor","Indexable","","3","","1","1","0","0,380","91","76","0","11","10","0"
"https://www.mychef.ae/case-studies/product-launch-difc","Non-Indexable","Canonicalised","3","","1","1","0","0,380","138","84","0","18","17","0"
"https://www.mychef.ae/production-catering-dubai","Indexable","","3","","9","3","0","1,150","137","82","0","12","10","0"
"https://www.mychef.ae/allergy-safe-catering-dubai","Indexable","","3","","26","22","0","8,400","105","80","0","12","10","0"
"https://www.mychef.ae/guide/private-dining-dubai","Indexable","","3","","21","19","0","7,250","108","80","0","12","10","0"
"https://www.mychef.ae/blog/how-far-ahead-book-caterer-dubai","Indexable","","3","","27","12","0","4,580","119","79","0","11","10","0"
"https://www.mychef.ae/birthday-catering-package-dubai","Indexable","","3","","10","7","0","2,670","117","80","0","14","10","0"
"https://www.mychef.ae/iftar-catering-dubai","Indexable","","3","","46","15","0","5,730","147","81","0","12","10","0"
"https://www.mychef.ae/blog/private-chef-vs-restaurant-dubai","Indexable","","3","","54","37","0","14,120","119","80","0","11","10","0"
"https://www.mychef.ae/valentines-day-catering-dubai","Indexable","","3","","9","8","0","3,050","123","82","0","12","10","0"
"https://www.mychef.ae/cocktail-party-catering-dubai","Indexable","","3","","41","14","0","5,340","165","88","0","12","10","0"
"https://www.mychef.ae/postpartum-meal-prep-dubai","Indexable","","3","","11","11","0","4,200","106","82","0","12","10","0"
"https://www.mychef.ae/blog/desert-dinner-party-dubai","Indexable","","3","","21","10","0","3,820","122","85","0","11","10","0"
"https://www.mychef.ae/chefs/layla-middle-eastern-chef","Indexable","","3","","13","11","0","4,200","98","77","0","11","10","0"
"https://www.mychef.ae/arabic-catering-dubai","Indexable","","3","","55","16","0","6,110","173","90","0","12","10","0"
"https://www.mychef.ae/apartment-private-dining-dubai","Indexable","","3","","7","7","0","2,670","106","80","0","12","10","0"
"https://www.mychef.ae/locations/dubai-internet-city","Non-Indexable","Canonicalised","3","","1","1","0","0,380","138","84","0","18","17","0"
"https://www.mychef.ae/picnic-catering-dubai","Indexable","","3","","6","6","0","2,290","124","81","0","12","10","0"
"https://www.mychef.ae/vip-club?utm_source=mychef.ae&utm_medium=banner&utm_campaign=weekly-meal-prep-dubai","Non-Indexable","Canonicalised","3","","4","4","0","1,530","132","79","0","12","10","0"
"https://www.mychef.ae/office-catering-dubai","Indexable","","3","","35","17","0","6,490","142","87","0","12","10","0"
"https://www.mychef.ae/blog/weekly-meal-prep-vs-full-time-chef-dubai","Indexable","","3","","30","20","0","7,630","108","81","0","11","10","0"
"https://www.mychef.ae/mocktail-bar-catering-dubai","Indexable","","3","","34","11","0","4,200","165","87","0","12","10","0"
"https://www.mychef.ae/case-studies/family-eid-gathering-arabian-ranches","Non-Indexable","Canonicalised","3","","1","1","0","0,380","138","84","0","18","17","0"
"https://www.mychef.ae/product-launch-catering-dubai","Indexable","","3","","7","5","0","1,910","137","86","0","12","10","0"
"https://www.mychef.ae/business-lunch-catering-dubai","Indexable","","3","","25","16","0","6,110","141","85","0","12","10","0"
"https://www.mychef.ae/blog/topic/corporate","Indexable","","3","","1","1","0","0,380","91","76","0","11","10","0"
"https://www.mychef.ae/private-dining-dubai","Non-Indexable","Canonicalised","3","","3","2","0","0,760","138","84","0","18","17","0"
"https://www.mychef.ae/blog/iftar-at-home-dubai","Indexable","","3","","36","20","0","7,630","118","82","0","11","10","0"
"https://www.mychef.ae/holi-catering-dubai","Indexable","","3","","7","7","0","2,670","123","85","0","12","10","0"
"https://www.mychef.ae/reunion-catering-dubai","Indexable","","3","","5","5","0","1,910","123","82","0","12","10","0"
"https://www.mychef.ae/partners/concierge-services-dubai","Indexable","","3","","8","7","0","2,670","95","77","0","13","10","0"
"https://www.mychef.ae/vegetarian-catering-dubai","Indexable","","3","","18","10","0","3,820","139","85","0","12","10","0"
"https://www.mychef.ae/menu-mains.webp","Non-Indexable","Canonicalised","3","","0","0","0","0,000","138","84","0","18","17","0"
"https://www.mychef.ae/live-cooking-stations-dubai","Indexable","","3","","68","31","0","11,830","166","83","0","12","10","0"
"https://www.mychef.ae/locations/meydan","Non-Indexable","Canonicalised","3","","45","45","0","17,180","138","84","0","18","17","0"
"https://www.mychef.ae/yacht-catering-checklist-dubai","Indexable","","3","","15","12","0","4,580","105","79","0","13","10","0"
"https://www.mychef.ae/locations/dubai-harbour","Non-Indexable","Canonicalised","3","","2","1","0","0,380","138","84","0","18","17","0"
"https://www.mychef.ae/baby-shower-catering-dubai","Indexable","","3","","32","9","0","3,440","159","85","0","12","10","0"
"https://www.mychef.ae/proposal-dinner-dubai","Indexable","","3","","10","9","0","3,440","109","80","0","12","10","0"
"https://www.mychef.ae/case-studies/intimate-anniversary-dinner-palm-jumeirah","Non-Indexable","Canonicalised","3","","1","1","0","0,380","138","84","0","18","17","0"
"https://www.mychef.ae/finger-food-catering-dubai","Indexable","","3","","40","18","0","6,870","170","87","0","12","10","0"
"https://www.mychef.ae/coffee-tea-service-dubai","Indexable","","3","","7","7","0","2,670","123","83","0","12","10","0"
"https://www.mychef.ae/brunch-catering-dubai","Indexable","","3","","48","15","0","5,730","152","86","0","12","10","0"
"https://www.mychef.ae/chefs-table-dubai","Indexable","","3","","8","8","0","3,050","105","81","0","12","10","0"
"https://www.mychef.ae/fodmap-catering-dubai","Indexable","","3","","9","8","0","3,050","125","84","0","12","10","0"
"https://www.mychef.ae/breakfast-catering-dubai","Indexable","","3","","11","8","0","3,050","127","84","0","12","10","0"
"https://www.mychef.ae/ramadan-catering-dubai","Indexable","","3","","18","10","0","3,820","145","82","0","12","10","0"
"https://www.mychef.ae/private-chef-dubai/how-it-works","Indexable","","3","","20","5","0","1,910","110","81","0","11","10","0"
"https://www.mychef.ae/buffet-catering-dubai","Indexable","","3","","74","39","0","14,890","166","84","0","12","10","0"
"https://www.mychef.ae/wellness-meal-prep-dubai","Indexable","","3","","23","13","0","4,960","104","83","0","12","10","0"
"https://www.mychef.ae/asian-catering-dubai","Indexable","","3","","33","6","0","2,290","168","87","0","12","10","0"
"https://www.mychef.ae/weekly-meal-prep-dubai?utm_source=mychef.ae&utm_medium=starter_package_card&utm_campaign=menus","Non-Indexable","Canonicalised","3","","2","1","0","0,380","126","85","0","12","10","0"
"https://www.mychef.ae/blog/private-chef-date-night-dubai","Indexable","","3","","29","15","0","5,730","119","81","0","11","10","0"
"https://www.mychef.ae/vegan-catering-dubai","Indexable","","3","","43","13","0","4,960","169","87","0","12","10","0"
"https://www.mychef.ae/romantic-dinner-dubai-hero.webp","Non-Indexable","Canonicalised","3","","0","0","0","0,000","138","84","0","18","17","0"
"https://www.mychef.ae/corporate-dinner-package-dubai","Indexable","","3","","14","12","0","4,580","118","82","0","14","10","0"
"https://www.mychef.ae/fathers-day-catering-dubai","Indexable","","3","","9","9","0","3,440","124","84","0","12","10","0"
"https://www.mychef.ae/blog/nye-party-catering-dubai","Indexable","","3","","28","13","0","4,960","121","82","0","11","10","0"
"https://www.mychef.ae/locations/al-barari","Non-Indexable","Canonicalised","3","","42","42","0","16,030","138","84","0","18","17","0"
"https://www.mychef.ae/kids-birthday-catering-dubai","Indexable","","3","","20","12","0","4,580","129","86","0","12","10","0"
"https://www.mychef.ae/halloween-catering-dubai","Indexable","","3","","5","5","0","1,910","125","84","0","12","10","0"
"https://www.mychef.ae/keto-catering-dubai","Indexable","","3","","11","6","0","2,290","124","83","0","12","10","0"
"https://www.mychef.ae/chef-training-academy","Indexable","","3","","4","3","0","1,150","103","79","0","15","10","0"
"https://www.mychef.ae/gala-dinner-catering-dubai","Indexable","","3","","7","5","0","1,910","130","83","0","12","10","0"
"https://www.mychef.ae/festive-catering-dubai","Indexable","","3","","28","6","0","2,290","162","95","0","12","10","0"
"https://www.mychef.ae/blog/dinner-party-menu-ideas-dubai","Indexable","","3","","51","34","0","12,980","119","81","0","11","10","0"
"https://www.mychef.ae/luxury-dining-dubai","Non-Indexable","Canonicalised","3","","7","7","0","2,670","138","84","0","18","17","0"
"https://www.mychef.ae/canape-catering-dubai","Indexable","","3","","72","36","0","13,740","166","86","0","12","10","0"
"https://www.mychef.ae/mothers-day-catering-dubai","Indexable","","3","","8","8","0","3,050","123","84","0","12","10","0"
"https://www.mychef.ae/bbq-catering-dubai","Indexable","","3","","68","32","0","12,210","166","90","0","12","10","0"
"https://www.mychef.ae/brand-activation-catering-dubai","Indexable","","3","","9","6","0","2,290","137","86","0","12","10","0"
"https://www.mychef.ae/corporate-retainer-dubai","Indexable","","3","","9","7","0","2,670","107","80","0","14","10","0"
"https://www.mychef.ae/sushi-catering-dubai","Indexable","","3","","33","7","0","2,670","167","88","0","12","10","0"
"https://www.mychef.ae/pescatarian-catering-dubai","Indexable","","3","","9","7","0","2,670","123","83","0","12","10","0"
"https://www.mychef.ae/oyster-bar-dubai","Indexable","","3","","7","7","0","2,670","123","82","0","12","10","0"
"https://www.mychef.ae/christmas-catering-dubai","Indexable","","3","","27","7","0","2,670","157","85","0","12","10","0"
"https://www.mychef.ae/grazing-table-dubai","Indexable","","3","","43","19","0","7,250","162","85","0","12","10","0"
"https://www.mychef.ae/chinese-new-year-catering-dubai","Indexable","","3","","8","8","0","3,050","123","82","0","12","10","0"
"https://www.mychef.ae/mediterranean-catering-dubai","Indexable","","3","","33","8","0","3,050","171","91","0","12","10","0"
"https://www.mychef.ae/uae-national-day-catering-dubai","Indexable","","3","","4","4","0","1,530","121","80","0","12","10","0"
"https://www.mychef.ae/locations/dubai-media-city","Non-Indexable","Canonicalised","3","","1","1","0","0,380","138","84","0","18","17","0"
"https://www.mychef.ae/bachelor-party-catering-dubai","Indexable","","3","","28","7","0","2,670","161","82","0","12","10","0"
"https://www.mychef.ae/blog/how-much-does-private-chef-cost-dubai","Indexable","","3","","41","33","0","12,600","107","79","0","11","10","0"
"https://www.mychef.ae/dessert-table-catering-dubai","Indexable","","3","","67","31","0","11,830","171","88","0","12","10","0"
"https://www.mychef.ae/chefs/matteo-pastry-chef","Indexable","","3","","8","6","0","2,290","98","77","0","11","10","0"
"https://www.mychef.ae/blog/brunch-at-home-dubai","Indexable","","3","","34","18","0","6,870","118","81","0","11","10","0"
"https://www.mychef.ae/locations/dubai-creek-harbour","Non-Indexable","Canonicalised","3","","43","43","0","16,410","138","84","0","18","17","0"
"https://www.mychef.ae/exhibition-catering-dubai","Indexable","","3","","6","4","0","1,530","127","83","0","12","10","0"
"https://www.mychef.ae/blog/how-to-hire-a-private-chef-dubai","Indexable","","3","","44","25","0","9,540","120","79","0","11","10","0"
"https://www.mychef.ae/case-studies/villa-wedding-reception-emirates-hills","Non-Indexable","Canonicalised","3","","1","1","0","0,380","138","84","0","18","17","0"
"https://www.mychef.ae/event-catering-dubai","Non-Indexable","Canonicalised","3","","16","15","0","5,730","138","84","0","18","17","0"
"https://www.mychef.ae/engagement-catering-dubai","Indexable","","3","","27","5","0","1,910","163","81","0","12","10","0"
"https://www.mychef.ae/blog/vegan-catering-dubai-guide","Indexable","","3","","28","14","0","5,340","119","82","0","11","10","0"
"https://www.mychef.ae/blog/halal-private-dining-dubai-what-to-ask","Indexable","","3","","30","18","0","6,870","115","82","0","12","11","0"
"https://www.mychef.ae/private-chef-dubai/privacy-security","Non-Indexable","noindex","3","","9","5","0","1,910","102","79","0","11","10","0"
"https://www.mychef.ae/yacht-catering-dubai","Non-Indexable","Canonicalised","3","","7","7","0","2,670","138","84","0","18","17","0"
"https://www.mychef.ae/locations/jumeirah-golf-estates","Non-Indexable","Canonicalised","3","","1","1","0","0,380","138","84","0","18","17","0"
"https://www.mychef.ae/dubai-event-catering-price-guide-2026","Indexable","","3","","19","15","0","5,730","106","79","0","12","10","0"
"https://www.mychef.ae/party-catering-dubai","Indexable","","3","","110","58","0","22,140","180","97","0","12","10","0"
"https://www.mychef.ae/beach-catering-dubai","Indexable","","3","","14","10","0","3,820","121","82","0","12","10","0"
"https://www.mychef.ae/date-night-package-dubai","Indexable","","3","","11","8","0","3,050","117","81","0","14","10","0"
"https://www.mychef.ae/blog/topic/seasonal","Indexable","","3","","1","1","0","0,380","91","77","0","11","10","0"
"https://www.mychef.ae/bachelorette-party-catering-dubai","Indexable","","3","","32","9","0","3,440","163","84","0","12","10","0"
"https://www.mychef.ae/dessert-cart-dubai","Indexable","","3","","6","5","0","1,910","124","81","0","12","10","0"
"https://www.mychef.ae/shawarma-station-dubai","Indexable","","3","","6","4","0","1,530","122","81","0","12","10","0"
"https://www.mychef.ae/diwali-catering-dubai","Indexable","","3","","7","7","0","2,670","140","86","0","12","10","0"
"https://www.mychef.ae/easter-catering-dubai","Indexable","","3","","8","8","0","3,050","123","81","0","12","10","0"
"https://www.mychef.ae/become-a-mychef","Indexable","","3","","14","9","0","3,440","90","73","0","14","10","0"
"https://www.mychef.ae/blog/ramadan-iftar-catering-trends-2026","Indexable","","3","","24","16","0","6,110","108","81","0","11","10","0"
"https://www.mychef.ae/case-studies/yacht-birthday-celebration-dubai-marina","Non-Indexable","Canonicalised","3","","1","1","0","0,380","138","84","0","18","17","0"
"https://www.mychef.ae/mychef-certified","Indexable","","3","","7","6","0","2,290","100","76","0","15","10","0"
"https://www.mychef.ae/suhoor-catering-dubai","Indexable","","3","","13","8","0","3,050","141","84","0","12","10","0"
"https://www.mychef.ae/indian-catering-dubai","Indexable","","3","","44","14","0","5,340","174","91","0","12","10","0"
"https://www.mychef.ae/dairy-free-catering-dubai","Indexable","","3","","11","8","0","3,050","125","86","0","12","10","0"
"https://www.mychef.ae/family-feast-package-dubai","Indexable","","3","","8","6","0","2,290","117","80","0","14","10","0"
"https://www.mychef.ae/halal-catering-dubai","Indexable","","3","","19","12","0","4,580","138","82","0","12","10","0"
"https://www.mychef.ae/jain-catering-dubai","Indexable","","3","","13","8","0","3,050","124","82","0","12","10","0"
"https://www.mychef.ae/healthy-catering-dubai","Indexable","","3","","48","28","0","10,690","142","87","0","12","10","0"
"https://www.mychef.ae/vip-club?utm_source=mychef.ae&utm_medium=banner&utm_campaign=catering-packages-dubai","Non-Indexable","Canonicalised","3","","1","1","0","0,380","132","79","0","12","10","0"
"https://www.mychef.ae/blog/grazing-table-vs-buffet-dubai","Indexable","","3","","33","17","0","6,490","116","79","0","11","10","0"
"https://www.mychef.ae/housewarming-catering-dubai","Indexable","","3","","6","5","0","1,910","126","84","0","12","10","0"
"https://www.mychef.ae/gluten-free-catering-dubai","Indexable","","3","","16","9","0","3,440","127","87","0","12","10","0"
"https://www.mychef.ae/partners/event-planners-dubai","Indexable","","3","","8","7","0","2,670","95","77","0","13","10","0"
"https://www.mychef.ae/blog/topic/private-chef","Indexable","","3","","1","1","0","0,380","95","80","0","11","10","0"
"https://www.mychef.ae/partners/villa-rentals-dubai","Indexable","","3","","9","8","0","3,050","95","77","0","13","10","0"
"https://www.mychef.ae/new-year-catering-dubai","Indexable","","3","","28","7","0","2,670","157","83","0","12","10","0"
"https://www.mychef.ae/film-crew-catering-dubai","Indexable","","3","","8","3","0","1,150","137","82","0","12","10","0"
"https://www.mychef.ae/nut-free-catering-dubai","Indexable","","3","","14","9","0","3,440","123","86","0","12","10","0"
"https://www.mychef.ae/locations/mall-of-the-emirates","Non-Indexable","Canonicalised","4","","1","1","0","0,380","138","84","0","18","17","0"
"https://www.mychef.ae/locations/dwtc","Non-Indexable","Canonicalised","4","","2","2","0","0,760","138","84","0","18","17","0"
"https://www.mychef.ae/vip-club?utm_source=mychef.ae&utm_medium=banner&utm_campaign=wellness-meal-prep-dubai","Non-Indexable","Canonicalised","4","","1","1","0","0,380","132","79","0","12","10","0"
"https://www.mychef.ae/dessert-table-dubai","Non-Indexable","Canonicalised","4","","1","1","0","0,380","138","84","0","18","17","0"
"https://www.mychef.ae/influencer-partnerships","Indexable","","4","","3","3","0","1,150","94","75","0","15","10","0"
"https://www.mychef.ae/founding-customer-offer","Indexable","","4","","3","3","0","1,150","96","76","0","12","10","0"
"https://www.mychef.ae/mychef-membership","Indexable","","4","","6","4","0","1,530","106","81","0","14","10","0"
"https://www.mychef.ae/locations/dubai-mall","Non-Indexable","Canonicalised","4","","1","1","0","0,380","138","84","0","18","17","0"
"https://www.mychef.ae/loyalty-programme","Indexable","","4","","5","5","0","1,910","93","76","0","15","10","0"
"https://www.mychef.ae/images/eid-catering-dubai-hero.webp","Non-Indexable","Canonicalised","4","","0","0","0","0,000","138","84","0","18","17","0"
"https://www.mychef.ae/images/business-lunch-catering-dubai-hero.webp","Non-Indexable","Canonicalised","4","","0","0","0","0,000","138","84","0","18","17","0"
"https://www.mychef.ae/live-cooking-station-dubai","Non-Indexable","Canonicalised","4","","2","1","0","0,380","138","84","0","18","17","0"
"https://www.mychef.ae/villa-catering-dubai","Non-Indexable","Canonicalised","4","","10","8","0","3,050","138","84","0","18","17","0"
"https://www.mychef.ae/locations/city-walk","Non-Indexable","Canonicalised","4","","1","1","0","0,380","138","84","0","18","17","0"
"https://www.mychef.ae/referral-programme","Indexable","","4","","7","5","0","1,910","91","75","0","14","10","0"
