"Address","Occurrences","Title 1","Title 1 Length","Title 1 Pixel Width","Indexability","Indexability Status"
"https://www.mychef.ae/","1","Private Chef & Catering Dubai | Villas, Yachts, Events | myCHEF","63","559","Indexable",""
"https://www.mychef.ae/corporate-event-catering-dubai","1","Corporate Event Catering Dubai | Company Parties & Galas | myCHEF","65","613","Indexable",""
"https://www.mychef.ae/locations/jlt","1","Private Chef JLT Dubai | Office & Lakeside Apartment | myCHEF","61","569","Indexable",""
"https://www.mychef.ae/catering-cost-calculator-dubai","1","Catering Cost Calculator Dubai | Instant Price Estimate | myCHEF","64","578","Indexable",""
"https://www.mychef.ae/locations/dubai-marina","1","Private Chef Dubai Marina | Yacht & Penthouse Catering | myCHEF","63","590","Indexable",""
"https://www.mychef.ae/blog/wedding-catering-cost-dubai","1","Wedding Catering Cost Dubai | 2026 Planning Estimates | myCHEF","62","589","Indexable",""
"https://www.mychef.ae/wedding-catering-checklist-dubai","1","Wedding Catering Checklist Dubai | Timeline & Questions | myCHEF","64","598","Indexable",""
"https://www.mychef.ae/corporate","1","Corporate Catering Dubai | Offices & Events, AED 90pp | myCHEF","62","573","Indexable",""
"https://www.mychef.ae/luxury-dining-experiences","1","Luxury Dining Experiences Dubai | Private Chef Dining | myCHEF","62","567","Indexable",""
"https://www.mychef.ae/private-jet-catering-dubai","1","Private Jet Catering Dubai | Coordinated to the Flight | myCHEF","63","562","Indexable",""
"https://www.mychef.ae/private-chef-dubai","1","Private Chef Dubai | Private Chef Services for Your Home | myCHEF","65","600","Indexable",""
"https://www.mychef.ae/events","1","Event Catering Dubai | Birthdays, Weddings & Parties | myCHEF","61","559","Indexable",""
"https://www.mychef.ae/dubai-catering-prices-guide","1","How Much Does Catering Cost in Dubai? | 2026 Price Guide | myCHEF","65","615","Indexable",""
"https://www.mychef.ae/villas-private-residences","1","Villa Chef Dubai | Private Chef, Palm & Emirates Hills | myCHEF","63","561","Indexable",""
"https://www.mychef.ae/locations/business-bay","1","Private Chef Business Bay Dubai | Corporate & Private | myCHEF","62","570","Indexable",""
"https://www.mychef.ae/cuisines-dubai","1","Multi Cuisine Catering Dubai | Italian, Arabic, Indian | myCHEF","63","543","Indexable",""
"https://www.mychef.ae/wedding-catering-menu-planning-dubai","1","Wedding Menu Planning Dubai | Ideas, Buffets & Tastings | myCHEF","64","599","Indexable",""
"https://www.mychef.ae/weekly-meal-prep-dubai","1","Weekly Meal Prep Dubai | Private Chef from AED 1,898 | myCHEF","61","576","Indexable",""
"https://www.mychef.ae/drop-off-catering-dubai","1","Drop-Off Catering Dubai | Office & Event Meals Delivered | myCHEF","65","593","Indexable",""
"https://www.mychef.ae/catering-packages-dubai","1","Catering Packages Dubai | Private Chef, From AED 1,200 | myCHEF","63","592","Indexable",""
"https://www.mychef.ae/graduation-catering-dubai","1","Graduation Catering Dubai | School & University Parties | myCHEF","64","581","Indexable",""
"https://www.mychef.ae/staff-meals-catering-dubai","1","Staff Meals Catering Dubai | Daily Team Meals & Canteens | myCHEF","65","612","Indexable",""
"https://www.mychef.ae/mystery-dining-dubai","1","Surprise Dinner Experience Dubai | Private Chef Menus | myCHEF","62","578","Indexable",""
"https://www.mychef.ae/farewell-catering-dubai","1","Farewell Party Catering Dubai | Retirement Send-Offs | myCHEF","61","565","Indexable",""
"https://www.mychef.ae/conference-catering-dubai","1","Conference Catering Dubai | Breaks & Working Lunches | myCHEF","61","582","Indexable",""
"https://www.mychef.ae/best-catering-companies-dubai","1","Best Catering Companies Dubai | 11 Compared on Prices | myCHEF","62","597","Indexable",""
"https://www.mychef.ae/anniversary-catering-dubai","1","Anniversary Dinner Catering Dubai | Private Chef Menus | myCHEF","63","587","Indexable",""
"https://www.mychef.ae/italian-catering-dubai","1","Italian Catering Dubai | Live Pasta, Pizza & Risotto | myCHEF","61","535","Indexable",""
"https://www.mychef.ae/allergy-safe-catering-dubai","1","Allergy-Safe Catering Dubai | Gluten, Dairy & Nut-Free | myCHEF","63","564","Indexable",""
"https://www.mychef.ae/birthday-catering-package-dubai","1","Birthday Catering Package Dubai | Private Chef for 8–12 | myCHEF","64","590","Indexable",""
"https://www.mychef.ae/iftar-catering-dubai","1","Iftar Catering Dubai | Ramadan Private Chef & Buffet | myCHEF","61","558","Indexable",""
"https://www.mychef.ae/valentines-day-catering-dubai","1","Valentine's Day Catering Dubai | Private Chef Dinners | myCHEF","62","563","Indexable",""
"https://www.mychef.ae/trust-and-programs","1","Trust & Programs | Standards, Protection and Membership | myCHEF","64","611","Indexable",""
"https://www.mychef.ae/mocktail-bar-catering-dubai","1","Mocktail Bar Catering Dubai | Alcohol-Free Craft Bar | myCHEF","61","551","Indexable",""
"https://www.mychef.ae/live-cooking-stations-dubai","1","Live Cooking Stations Dubai | Interactive Food Stations | myCHEF","64","578","Indexable",""
"https://www.mychef.ae/baby-shower-catering-dubai","1","Baby Shower Catering Dubai | Grazing Tables & Mocktails | myCHEF","64","600","Indexable",""
"https://www.mychef.ae/ramadan-catering-dubai","1","Ramadan Catering Dubai | Iftar, Suhoor & Private Chef | myCHEF","62","570","Indexable",""
"https://www.mychef.ae/wellness-meal-prep-dubai","1","Healthy Meal Prep Dubai | Nutritionist-Aligned Chefs | myCHEF","61","556","Indexable",""
"https://www.mychef.ae/corporate-dinner-package-dubai","1","Corporate Dinner Package Dubai | Boardroom & Team Dining | myCHEF","65","630","Indexable",""
"https://www.mychef.ae/bbq-catering-dubai","1","BBQ Catering Dubai | Live BBQ Stations & Outdoor Grills | myCHEF","64","585","Indexable",""
"https://www.mychef.ae/brand-activation-catering-dubai","1","Brand Activation Catering Dubai | Pop-Ups & Sampling | myCHEF","61","571","Indexable",""
"https://www.mychef.ae/christmas-catering-dubai","1","Christmas Catering Dubai | Festive Roasts & Private Chef | myCHEF","65","599","Indexable",""
"https://www.mychef.ae/mediterranean-catering-dubai","1","Mediterranean Catering Dubai | Greek, Lebanese & Seafood | myCHEF","65","619","Indexable",""
"https://www.mychef.ae/party-catering-dubai","1","Party Catering Dubai | Canapés, Grazing & Live Stations | myCHEF","64","584","Indexable",""
"https://www.mychef.ae/bachelorette-party-catering-dubai","1","Bachelorette Party Catering Dubai | Canapés & Grazing | myCHEF","62","578","Indexable",""
"https://www.mychef.ae/diwali-catering-dubai","1","Diwali Catering Dubai | Indian Festive Menus & Mithai | myCHEF","62","564","Indexable",""
"https://www.mychef.ae/jain-catering-dubai","1","Jain Catering Dubai | No-Onion/Garlic Weddings & Events | myCHEF","64","599","Indexable",""
"https://www.mychef.ae/film-crew-catering-dubai","1","Film Crew Catering Dubai | On-Set Meals & Craft Service | myCHEF","64","591","Indexable",""
"https://www.mychef.ae/partners","1","Partners | Concierge, Event Planners, Villas & Yachts | myCHEF","62","557","Indexable",""
