"Address","Status Code","Status","Inlinks","Matched Robots.txt Line"
"https://www.mychef.ae/inquiry?utm_source=mychef.ae&utm_medium=cta_button&utm_campaign=home","0","Blocked by robots.txt","99","Line:4 /inquiry"
"https://www.mychef.ae/inquiry?utm_source=mychef.ae&utm_medium=cta_button&utm_campaign=locations-emirates-hills","0","Blocked by robots.txt","2","Line:4 /inquiry"
"https://www.mychef.ae/inquiry?utm_source=mychef.ae&utm_medium=inline_link&utm_campaign=catering-packages","0","Blocked by robots.txt","1","Line:4 /inquiry"
"https://www.mychef.ae/inquiry?utm_source=mychef.ae&utm_medium=cta_button&utm_campaign=locations","0","Blocked by robots.txt","1","Line:4 /inquiry"
"https://www.mychef.ae/inquiry?utm_source=mychef.ae&utm_medium=cta_button&utm_campaign=vip-club","0","Blocked by robots.txt","8","Line:4 /inquiry"
"https://www.mychef.ae/inquiry?utm_source=mychef.ae&utm_medium=cta_button&utm_campaign=private-chef-prices","0","Blocked by robots.txt","2","Line:4 /inquiry"
"https://www.mychef.ae/inquiry?utm_source=mychef.ae&utm_medium=cta_button&utm_campaign=private-chef-dubai","0","Blocked by robots.txt","8","Line:4 /inquiry"
"https://www.mychef.ae/inquiry?utm_source=mychef.ae&utm_medium=cta_button&utm_campaign=partner-with-us","0","Blocked by robots.txt","1","Line:4 /inquiry"
"https://www.mychef.ae/inquiry?utm_source=mychef.ae&utm_medium=pdf_download&utm_campaign=dubai-event-catering-price-guide-2026","0","Blocked by robots.txt","2","Line:4 /inquiry"
"https://www.mychef.ae/inquiry?utm_source=mychef.ae&utm_medium=cta_button&utm_campaign=our-chefs","0","Blocked by robots.txt","2","Line:4 /inquiry"
"https://www.mychef.ae/inquiry?utm_source=mychef.ae&utm_medium=cta_button&utm_campaign=locations-jbr","0","Blocked by robots.txt","2","Line:4 /inquiry"
"https://www.mychef.ae/inquiry?utm_source=mychef.ae&utm_medium=cta_button&utm_campaign=locations-al-barsha","0","Blocked by robots.txt","2","Line:4 /inquiry"
"https://www.mychef.ae/inquiry?utm_source=mychef.ae&utm_medium=cta_button&utm_campaign=locations-umm-suqeim","0","Blocked by robots.txt","2","Line:4 /inquiry"
"https://www.mychef.ae/inquiry?utm_source=mychef.ae&utm_medium=cta_button&utm_campaign=locations-downtown-dubai","0","Blocked by robots.txt","2","Line:4 /inquiry"
"https://www.mychef.ae/inquiry?utm_source=mychef.ae&utm_medium=cta_button&utm_campaign=tasting-menu-dubai","0","Blocked by robots.txt","2","Line:4 /inquiry"
"https://www.mychef.ae/inquiry?utm_source=mychef.ae&utm_medium=cta_button&utm_campaign=dining-experiences","0","Blocked by robots.txt","1","Line:4 /inquiry"
"https://www.mychef.ae/inquiry?utm_source=mychef.ae&utm_medium=cta_button&utm_campaign=yachts","0","Blocked by robots.txt","2","Line:4 /inquiry"
"https://www.mychef.ae/inquiry?utm_source=mychef.ae&utm_medium=cta_button&utm_campaign=how-to-choose-caterer-dubai","0","Blocked by robots.txt","2","Line:4 /inquiry"
"https://www.mychef.ae/inquiry?utm_source=mychef.ae&utm_medium=cta_button&utm_campaign=venue-partners&utm_content=venue-One%26Only%20The%20Palm&utm_term=Hotels%20%26%20Event%20Spaces","0","Blocked by robots.txt","1","Line:4 /inquiry"
"https://www.mychef.ae/inquiry?utm_source=mychef.ae&utm_medium=cta_button&utm_campaign=locations-bluewaters-island","0","Blocked by robots.txt","2","Line:4 /inquiry"
"https://www.mychef.ae/inquiry?utm_source=mychef.ae&utm_medium=cta_button&utm_campaign=birthday-catering-dubai","0","Blocked by robots.txt","2","Line:4 /inquiry"
"https://www.mychef.ae/inquiry?utm_source=mychef.ae&utm_medium=cta_button&utm_campaign=case-studies","0","Blocked by robots.txt","2","Line:4 /inquiry"
"https://www.mychef.ae/inquiry?utm_source=mychef.ae&utm_medium=cta_button&utm_campaign=guides","0","Blocked by robots.txt","4","Line:4 /inquiry"
"https://www.mychef.ae/inquiry?utm_source=mychef.ae&utm_medium=cta_button&utm_campaign=drop-off-catering-dubai","0","Blocked by robots.txt","2","Line:4 /inquiry"
"https://www.mychef.ae/inquiry?utm_source=mychef.ae&utm_medium=calculator&utm_campaign=cost-calculator","0","Blocked by robots.txt","1","Line:4 /inquiry"
"https://www.mychef.ae/inquiry","0","Blocked by robots.txt","23","Line:4 /inquiry"
"https://www.mychef.ae/inquiry?utm_source=mychef.ae&utm_medium=cta_button&utm_campaign=dubai-food-trends-report-2026","0","Blocked by robots.txt","6","Line:4 /inquiry"
"https://www.mychef.ae/inquiry?utm_source=mychef.ae&utm_medium=cta_button&utm_campaign=corporate-catering-checklist-dubai","0","Blocked by robots.txt","2","Line:4 /inquiry"
"https://www.mychef.ae/inquiry?utm_source=mychef.ae&utm_medium=cta_button&utm_campaign=corporate","0","Blocked by robots.txt","5","Line:4 /inquiry"
"https://www.mychef.ae/inquiry?utm_source=mychef.ae&utm_medium=inline_link&utm_campaign=private-chef-prices","0","Blocked by robots.txt","1","Line:4 /inquiry"
"https://www.mychef.ae/inquiry?utm_source=mychef.ae&utm_medium=cta_button&utm_campaign=weekly-meal-prep-dubai","0","Blocked by robots.txt","8","Line:4 /inquiry"
"https://www.mychef.ae/inquiry?utm_source=mychef.ae&utm_medium=cta_button&utm_campaign=locations-jlt","0","Blocked by robots.txt","2","Line:4 /inquiry"
"https://www.mychef.ae/inquiry?utm_source=mychef.ae&utm_medium=cta_button&utm_campaign=gift-cards","0","Blocked by robots.txt","3","Line:4 /inquiry"
"https://www.mychef.ae/inquiry?utm_source=mychef.ae&utm_medium=cta_button&utm_campaign=contact","0","Blocked by robots.txt","1","Line:4 /inquiry"
"https://www.mychef.ae/inquiry?utm_source=mychef.ae&utm_medium=cta_button&utm_campaign=events","0","Blocked by robots.txt","2","Line:4 /inquiry"
"https://www.mychef.ae/inquiry?utm_source=mychef.ae&utm_medium=trust_section&utm_campaign=events","0","Blocked by robots.txt","1","Line:4 /inquiry"
"https://www.mychef.ae/inquiry?utm_source=mychef.ae&utm_medium=cta_button&utm_campaign=villa-catering-ideas-dubai","0","Blocked by robots.txt","2","Line:4 /inquiry"
"https://www.mychef.ae/inquiry?utm_source=mychef.ae&utm_medium=cta_button&utm_campaign=ramadan-catering-guide-dubai","0","Blocked by robots.txt","2","Line:4 /inquiry"
"https://www.mychef.ae/inquiry?utm_source=mychef.ae&utm_medium=cta_button&utm_campaign=venue-partners&utm_content=venue-Dubai%20Opera&utm_term=Hotels%20%26%20Event%20Spaces","0","Blocked by robots.txt","1","Line:4 /inquiry"
"https://www.mychef.ae/inquiry?utm_source=mychef.ae&utm_medium=pricing_card&utm_campaign=weekly-meal-prep-dubai","0","Blocked by robots.txt","8","Line:4 /inquiry"
"https://www.mychef.ae/inquiry?utm_source=mychef.ae&utm_medium=cta_button&utm_campaign=locations-arabian-ranches","0","Blocked by robots.txt","2","Line:4 /inquiry"
"https://www.mychef.ae/inquiry?utm_source=mychef.ae&utm_medium=cta_button&utm_campaign=private-cooking-classes-dubai","0","Blocked by robots.txt","2","Line:4 /inquiry"
"https://www.mychef.ae/inquiry?utm_source=mychef.ae&utm_medium=cta_button&utm_campaign=yacht-catering-checklist-dubai","0","Blocked by robots.txt","4","Line:4 /inquiry"
"https://www.mychef.ae/inquiry?utm_source=mychef.ae&utm_medium=calculator_cta&utm_campaign=cost-calculator","0","Blocked by robots.txt","1","Line:4 /inquiry"
"https://www.mychef.ae/inquiry?utm_source=mychef.ae&utm_medium=cta_button&utm_campaign=private-party-catering-dubai","0","Blocked by robots.txt","2","Line:4 /inquiry"
"https://www.mychef.ae/inquiry?utm_source=mychef.ae&utm_medium=cta_button&utm_campaign=venue-partners&utm_content=venue-Armani%20Hotel%20Dubai&utm_term=Hotels%20%26%20Event%20Spaces","0","Blocked by robots.txt","1","Line:4 /inquiry"
"https://www.mychef.ae/inquiry?utm_source=mychef.ae&utm_medium=cta_button&utm_campaign=romantic-dinner-dubai","0","Blocked by robots.txt","2","Line:4 /inquiry"
"https://www.mychef.ae/inquiry?utm_source=mychef.ae&utm_medium=cta_button&utm_campaign=booking-protection-insurance","0","Blocked by robots.txt","2","Line:4 /inquiry"
"https://www.mychef.ae/inquiry?utm_source=mychef.ae&utm_medium=cta_button&utm_campaign=venue-partners&utm_content=venue-Jumeirah%20Luxury%20Villas&utm_term=Villas%20%26%20Residences","0","Blocked by robots.txt","1","Line:4 /inquiry"
"https://www.mychef.ae/inquiry?utm_source=mychef.ae&utm_medium=cta_button&utm_campaign=venue-partners&utm_content=venue-Museum%20of%20the%20Future&utm_term=Hotels%20%26%20Event%20Spaces","0","Blocked by robots.txt","1","Line:4 /inquiry"
"https://www.mychef.ae/inquiry?utm_source=mychef.ae&utm_medium=cta_button&utm_campaign=locations-dubai-marina","0","Blocked by robots.txt","2","Line:4 /inquiry"
"https://www.mychef.ae/inquiry?utm_source=mychef.ae&utm_medium=cta_button&utm_campaign=about","0","Blocked by robots.txt","2","Line:4 /inquiry"
"https://www.mychef.ae/inquiry?utm_source=mychef.ae&utm_medium=cta_button&utm_campaign=locations-jvc","0","Blocked by robots.txt","2","Line:4 /inquiry"
"https://www.mychef.ae/inquiry?utm_source=mychef.ae&utm_medium=cta_button&utm_campaign=press","0","Blocked by robots.txt","1","Line:4 /inquiry"
"https://www.mychef.ae/inquiry?utm_source=mychef.ae&utm_medium=cta_button&utm_campaign=locations-business-bay","0","Blocked by robots.txt","2","Line:4 /inquiry"
"https://www.mychef.ae/inquiry?utm_source=mychef.ae&utm_medium=cta_button&utm_campaign=how-it-works","0","Blocked by robots.txt","1","Line:4 /inquiry"
"https://www.mychef.ae/inquiry?utm_source=mychef.ae&utm_medium=cta_button&utm_campaign=catering-packages","0","Blocked by robots.txt","2","Line:4 /inquiry"
"https://www.mychef.ae/inquiry?utm_source=mychef.ae&utm_medium=pricing_card&utm_campaign=menus","0","Blocked by robots.txt","4","Line:4 /inquiry"
"https://www.mychef.ae/inquiry?utm_source=mychef.ae&utm_medium=cta_button&utm_campaign=full-time-private-chef","0","Blocked by robots.txt","2","Line:4 /inquiry"
"https://www.mychef.ae/inquiry?utm_source=mychef.ae&utm_medium=cta_button&utm_campaign=yacht-catering-guide-dubai","0","Blocked by robots.txt","2","Line:4 /inquiry"
"https://www.mychef.ae/inquiry?utm_source=mychef.ae&utm_medium=cta_button&utm_campaign=venue-partners&utm_content=venue-Mala%20Yachts&utm_term=Yachts","0","Blocked by robots.txt","1","Line:4 /inquiry"
"https://www.mychef.ae/inquiry?utm_source=mychef.ae&utm_medium=cta_button&utm_campaign=desert-dining-dubai","0","Blocked by robots.txt","2","Line:4 /inquiry"
"https://www.mychef.ae/inquiry?utm_source=mychef.ae&utm_medium=cta_button&utm_campaign=private-chef-vs-catering-dubai","0","Blocked by robots.txt","2","Line:4 /inquiry"
"https://www.mychef.ae/inquiry?utm_source=mychef.ae&utm_medium=cta_button&utm_campaign=locations-difc","0","Blocked by robots.txt","2","Line:4 /inquiry"
"https://www.mychef.ae/inquiry?utm_source=mychef.ae&utm_medium=cta_button&utm_campaign=dubai-event-catering-price-guide-2026","0","Blocked by robots.txt","6","Line:4 /inquiry"
"https://www.mychef.ae/inquiry?utm_source=mychef.ae&utm_medium=cta_button&utm_campaign=venue-partners&utm_content=venue-Emirates%20Towers%20Business%20Centre&utm_term=Corporate%20Venues","0","Blocked by robots.txt","1","Line:4 /inquiry"
"https://www.mychef.ae/inquiry?utm_source=mychef.ae&utm_medium=cta_button&utm_campaign=corporate-event-catering","0","Blocked by robots.txt","2","Line:4 /inquiry"
"https://www.mychef.ae/inquiry?utm_source=mychef.ae&utm_medium=cta_button&utm_campaign=luxury-dinner-planning-guide-dubai","0","Blocked by robots.txt","2","Line:4 /inquiry"
"https://www.mychef.ae/inquiry?utm_source=mychef.ae&utm_medium=cta_button&utm_campaign=locations-dubai-hills","0","Blocked by robots.txt","2","Line:4 /inquiry"
"https://www.mychef.ae/inquiry?utm_source=mychef.ae&utm_medium=cta_button&utm_campaign=locations-jumeirah","0","Blocked by robots.txt","2","Line:4 /inquiry"
"https://www.mychef.ae/inquiry?utm_source=mychef.ae&utm_medium=cta_button&utm_campaign=venue-partners&utm_content=venue-DIFC%20Conference%20Centre&utm_term=Corporate%20Venues","0","Blocked by robots.txt","1","Line:4 /inquiry"
"https://www.mychef.ae/inquiry?utm_source=mychef.ae&utm_medium=cta_button&utm_campaign=buffet-vs-plated-dubai","0","Blocked by robots.txt","2","Line:4 /inquiry"
"https://www.mychef.ae/inquiry?utm_source=mychef.ae&utm_medium=cta_button&utm_campaign=villas-private-residences","0","Blocked by robots.txt","2","Line:4 /inquiry"
"https://www.mychef.ae/inquiry?utm_source=mychef.ae&utm_medium=cta_button&utm_campaign=locations-palm-jumeirah","0","Blocked by robots.txt","2","Line:4 /inquiry"
"https://www.mychef.ae/inquiry?utm_source=mychef.ae&utm_medium=cta_button&utm_campaign=menus","0","Blocked by robots.txt","2","Line:4 /inquiry"
"https://www.mychef.ae/inquiry?utm_source=mychef.ae&utm_medium=cta_button&utm_campaign=wedding-catering-dubai","0","Blocked by robots.txt","10","Line:4 /inquiry"
"https://www.mychef.ae/inquiry?utm_source=mychef.ae&utm_medium=cta_button&utm_campaign=how-we-vet-our-chefs","0","Blocked by robots.txt","2","Line:4 /inquiry"
"https://www.mychef.ae/inquiry?utm_source=mychef.ae&utm_medium=cta_button&utm_campaign=venue-partners&utm_content=venue-Emirates%20Hills%20Villa%20Management&utm_term=Villas%20%26%20Residences","0","Blocked by robots.txt","1","Line:4 /inquiry"
"https://www.mychef.ae/inquiry?utm_source=mychef.ae&utm_medium=cta_button&utm_campaign=venue-partners&utm_content=venue-Palm%20Jumeirah%20Residences&utm_term=Villas%20%26%20Residences","0","Blocked by robots.txt","1","Line:4 /inquiry"
"https://www.mychef.ae/inquiry?utm_source=mychef.ae&utm_medium=cta_button&utm_campaign=blog","0","Blocked by robots.txt","2","Line:4 /inquiry"
"https://www.mychef.ae/inquiry?utm_source=mychef.ae&utm_medium=cta_button&utm_campaign=venue-partners","0","Blocked by robots.txt","1","Line:4 /inquiry"
"https://www.mychef.ae/inquiry?utm_source=mychef.ae&utm_medium=cta_button&utm_campaign=venue-partners&utm_content=venue-Dubai%20World%20Trade%20Centre&utm_term=Corporate%20Venues","0","Blocked by robots.txt","1","Line:4 /inquiry"
"https://www.mychef.ae/inquiry?utm_source=mychef.ae&utm_medium=cta_button&utm_campaign=tourist-villa-chef","0","Blocked by robots.txt","5","Line:4 /inquiry"
"https://www.mychef.ae/inquiry?utm_source=mychef.ae&utm_medium=cta_button&utm_campaign=venue-partners&utm_content=venue-Xclusive%20Yachts&utm_term=Yachts","0","Blocked by robots.txt","1","Line:4 /inquiry"
"https://www.mychef.ae/inquiry?utm_source=mychef.ae&utm_medium=cta_button&utm_campaign=gallery","0","Blocked by robots.txt","1","Line:4 /inquiry"
"https://www.mychef.ae/inquiry?utm_source=mychef.ae&utm_medium=cta_button&utm_campaign=faq","0","Blocked by robots.txt","1","Line:4 /inquiry"
"https://www.mychef.ae/inquiry?utm_source=mychef.ae&utm_medium=cta_button&utm_campaign=halal-private-dining-dubai","0","Blocked by robots.txt","2","Line:4 /inquiry"
"https://www.mychef.ae/inquiry?utm_source=mychef.ae&utm_medium=cta_button&utm_campaign=dubai-catering-prices-guide","0","Blocked by robots.txt","3","Line:4 /inquiry"
"https://www.mychef.ae/inquiry?utm_source=mychef.ae&utm_medium=cta_button&utm_campaign=venue-partners&utm_content=venue-Royal%20Yachts&utm_term=Yachts","0","Blocked by robots.txt","1","Line:4 /inquiry"
"https://www.mychef.ae/inquiry?utm_source=mychef.ae&utm_medium=cta_button&utm_campaign=catering-dubai","0","Blocked by robots.txt","4","Line:4 /inquiry"
"https://www.mychef.ae/inquiry?utm_source=mychef.ae&utm_medium=cta_button&utm_campaign=cuisines","0","Blocked by robots.txt","2","Line:4 /inquiry"
"https://www.mychef.ae/inquiry?utm_source=mychef.ae&utm_medium=cta_button&utm_campaign=cocktail-party-catering-dubai","0","Blocked by robots.txt","2","Line:4 /inquiry"
"https://www.mychef.ae/inquiry?utm_source=mychef.ae&utm_medium=cta_button&utm_campaign=ramadan-catering-dubai","0","Blocked by robots.txt","2","Line:4 /inquiry"
"https://www.mychef.ae/inquiry?utm_source=mychef.ae&utm_medium=chef_profile&utm_campaign=marco-italian-chef","0","Blocked by robots.txt","3","Line:4 /inquiry"
"https://www.mychef.ae/inquiry?utm_source=mychef.ae&utm_medium=cta_button&utm_campaign=private-chef-palm-jumeirah-guide","0","Blocked by robots.txt","1","Line:4 /inquiry"
"https://www.mychef.ae/inquiry?utm_source=mychef.ae&utm_medium=cta_button&utm_campaign=proposal-dinner","0","Blocked by robots.txt","2","Line:4 /inquiry"
"https://www.mychef.ae/inquiry?utm_source=mychef.ae&utm_medium=package_page&utm_campaign=date-night-package-dubai","0","Blocked by robots.txt","1","Line:4 /inquiry"
"https://www.mychef.ae/inquiry?utm_source=mychef.ae&utm_medium=cta_button&utm_campaign=weekly-meal-prep-vs-full-time-chef-dubai","0","Blocked by robots.txt","1","Line:4 /inquiry"
"https://www.mychef.ae/inquiry?utm_source=mychef.ae&utm_medium=cta_button&utm_campaign=exhibition-catering-dubai","0","Blocked by robots.txt","2","Line:4 /inquiry"
"https://www.mychef.ae/inquiry?utm_source=mychef.ae&utm_medium=cta_button&utm_campaign=party-catering-dubai","0","Blocked by robots.txt","2","Line:4 /inquiry"
"https://www.mychef.ae/inquiry?utm_source=mychef.ae&utm_medium=cta_button&utm_campaign=fodmap-catering-dubai","0","Blocked by robots.txt","2","Line:4 /inquiry"
"https://www.mychef.ae/inquiry?utm_source=mychef.ae&utm_medium=cta_button&utm_campaign=gluten-free-catering-dubai","0","Blocked by robots.txt","2","Line:4 /inquiry"
"https://www.mychef.ae/inquiry?utm_source=mychef.ae&utm_medium=cta_button&utm_campaign=grazing-table-dubai","0","Blocked by robots.txt","2","Line:4 /inquiry"
"https://www.mychef.ae/inquiry?utm_source=mychef.ae&utm_medium=cta_button&utm_campaign=live-cooking-stations-dubai","0","Blocked by robots.txt","2","Line:4 /inquiry"
"https://www.mychef.ae/inquiry?utm_source=mychef.ae&utm_medium=cta_button&utm_campaign=pool-party-catering-dubai","0","Blocked by robots.txt","2","Line:4 /inquiry"
"https://www.mychef.ae/inquiry?utm_source=mychef.ae&utm_medium=cta_button&utm_campaign=mediterranean-catering-dubai","0","Blocked by robots.txt","2","Line:4 /inquiry"
"https://www.mychef.ae/inquiry?utm_source=mychef.ae&utm_medium=cta_button&utm_campaign=concierge-services-partner","0","Blocked by robots.txt","1","Line:4 /inquiry"
"https://www.mychef.ae/inquiry?utm_source=mychef.ae&utm_medium=cta_button&utm_campaign=beach-catering-dubai","0","Blocked by robots.txt","2","Line:4 /inquiry"
"https://www.mychef.ae/inquiry?utm_source=mychef.ae&utm_medium=cta_button&utm_campaign=chinese-new-year-catering-dubai","0","Blocked by robots.txt","2","Line:4 /inquiry"
"https://www.mychef.ae/inquiry?utm_source=mychef.ae&utm_medium=cta_button&utm_campaign=part-time-private-chef","0","Blocked by robots.txt","2","Line:4 /inquiry"
"https://www.mychef.ae/inquiry?utm_source=mychef.ae&utm_medium=cta_button&utm_campaign=pescatarian-catering-dubai","0","Blocked by robots.txt","2","Line:4 /inquiry"
"https://www.mychef.ae/inquiry?utm_source=mychef.ae&utm_medium=cta_button&utm_campaign=allergy-safe-catering","0","Blocked by robots.txt","2","Line:4 /inquiry"
"https://www.mychef.ae/inquiry?utm_source=mychef.ae&utm_medium=cta_button&utm_campaign=baby-shower-catering-dubai","0","Blocked by robots.txt","2","Line:4 /inquiry"
"https://www.mychef.ae/inquiry?utm_source=mychef.ae&utm_medium=cta_button&utm_campaign=mystery-dining","0","Blocked by robots.txt","5","Line:4 /inquiry"
"https://www.mychef.ae/inquiry?utm_source=mychef.ae&utm_medium=cta_button&utm_campaign=eid-catering-dubai","0","Blocked by robots.txt","2","Line:4 /inquiry"
"https://www.mychef.ae/inquiry?utm_source=mychef.ae&utm_medium=cta_button&utm_campaign=bbq-catering-dubai","0","Blocked by robots.txt","2","Line:4 /inquiry"
"https://www.mychef.ae/inquiry?utm_source=mychef.ae&utm_medium=cta_button&utm_campaign=halloween-catering-dubai","0","Blocked by robots.txt","2","Line:4 /inquiry"
"https://www.mychef.ae/inquiry?utm_source=mychef.ae&utm_medium=cta_button&utm_campaign=italian-catering-dubai","0","Blocked by robots.txt","2","Line:4 /inquiry"
"https://www.mychef.ae/inquiry?utm_source=mychef.ae&utm_medium=cta_button&utm_campaign=brunch-catering-dubai","0","Blocked by robots.txt","2","Line:4 /inquiry"
"https://www.mychef.ae/inquiry?utm_source=mychef.ae&utm_medium=cta_button&utm_campaign=sugar-free-catering-dubai","0","Blocked by robots.txt","2","Line:4 /inquiry"
"https://www.mychef.ae/inquiry?utm_source=mychef.ae&utm_medium=package_page&utm_campaign=birthday-catering-package-dubai","0","Blocked by robots.txt","1","Line:4 /inquiry"
"https://www.mychef.ae/inquiry?utm_source=mychef.ae&utm_medium=cta_button&utm_campaign=corporate-dinner-package-dubai","0","Blocked by robots.txt","1","Line:4 /inquiry"
"https://www.mychef.ae/inquiry?utm_source=mychef.ae&utm_medium=cta_button&utm_campaign=bachelorette-party-catering-dubai","0","Blocked by robots.txt","3","Line:4 /inquiry"
"https://www.mychef.ae/inquiry?utm_source=mychef.ae&utm_medium=package_page&utm_campaign=corporate-dinner-package-dubai","0","Blocked by robots.txt","1","Line:4 /inquiry"
"https://www.mychef.ae/inquiry?utm_source=mychef.ae&utm_medium=cta_button&utm_campaign=conference-catering-dubai","0","Blocked by robots.txt","2","Line:4 /inquiry"
"https://www.mychef.ae/inquiry?utm_source=mychef.ae&utm_medium=cta_button&utm_campaign=christmas-catering-dubai","0","Blocked by robots.txt","2","Line:4 /inquiry"
"https://www.mychef.ae/inquiry?utm_source=mychef.ae&utm_medium=cta_button&utm_campaign=mothers-day-catering-dubai","0","Blocked by robots.txt","2","Line:4 /inquiry"
"https://www.mychef.ae/inquiry?utm_source=mychef.ae&utm_medium=cta_button&utm_campaign=bachelor-party-catering-dubai","0","Blocked by robots.txt","3","Line:4 /inquiry"
"https://www.mychef.ae/inquiry?utm_source=mychef.ae&utm_medium=cta_button&utm_campaign=kids-birthday-catering-dubai","0","Blocked by robots.txt","2","Line:4 /inquiry"
"https://www.mychef.ae/inquiry?utm_source=mychef.ae&utm_medium=cta_button&utm_campaign=engagement-catering-dubai","0","Blocked by robots.txt","3","Line:4 /inquiry"
"https://www.mychef.ae/inquiry?utm_source=mychef.ae&utm_medium=cta_button&utm_campaign=finger-food-catering-dubai","0","Blocked by robots.txt","2","Line:4 /inquiry"
"https://www.mychef.ae/inquiry?utm_source=mychef.ae&utm_medium=cta_button&utm_campaign=private-dining-guide","0","Blocked by robots.txt","3","Line:4 /inquiry"
"https://www.mychef.ae/inquiry?utm_source=mychef.ae&utm_medium=cta_button&utm_campaign=new-year-catering-dubai","0","Blocked by robots.txt","2","Line:4 /inquiry"
"https://www.mychef.ae/inquiry?utm_source=mychef.ae&utm_medium=cta_button&utm_campaign=fathers-day-catering-dubai","0","Blocked by robots.txt","2","Line:4 /inquiry"
"https://www.mychef.ae/inquiry?utm_source=mychef.ae&utm_medium=chef_profile&utm_campaign=layla-middle-eastern-chef","0","Blocked by robots.txt","3","Line:4 /inquiry"
"https://www.mychef.ae/inquiry?utm_source=mychef.ae&utm_medium=cta_button&utm_campaign=indian-catering-dubai","0","Blocked by robots.txt","2","Line:4 /inquiry"
"https://www.mychef.ae/inquiry?utm_source=mychef.ae&utm_medium=cta_button&utm_campaign=suhoor-catering-dubai","0","Blocked by robots.txt","2","Line:4 /inquiry"
"https://www.mychef.ae/inquiry?utm_source=mychef.ae&utm_medium=cta_button&utm_campaign=iftar-catering-dubai","0","Blocked by robots.txt","2","Line:4 /inquiry"
"https://www.mychef.ae/inquiry?utm_source=mychef.ae&utm_medium=cta_button&utm_campaign=production-catering-dubai","0","Blocked by robots.txt","2","Line:4 /inquiry"
"https://www.mychef.ae/inquiry?utm_source=mychef.ae&utm_medium=cta_button&utm_campaign=valentines-day-catering-dubai","0","Blocked by robots.txt","2","Line:4 /inquiry"
"https://www.mychef.ae/inquiry?utm_source=mychef.ae&utm_medium=cta_button&utm_campaign=apartment-private-dining","0","Blocked by robots.txt","2","Line:4 /inquiry"
"https://www.mychef.ae/inquiry?utm_source=mychef.ae&utm_medium=cta_button&utm_campaign=event-planners-partner","0","Blocked by robots.txt","1","Line:4 /inquiry"
"https://www.mychef.ae/inquiry?utm_source=mychef.ae&utm_medium=cta_button&utm_campaign=office-catering-dubai","0","Blocked by robots.txt","2","Line:4 /inquiry"
"https://www.mychef.ae/inquiry?utm_source=mychef.ae&utm_medium=cta_button&utm_campaign=uae-national-day-catering-dubai","0","Blocked by robots.txt","2","Line:4 /inquiry"
"https://www.mychef.ae/inquiry?utm_source=mychef.ae&utm_medium=cta_button&utm_campaign=best-private-chef-birthday-dinner-dubai","0","Blocked by robots.txt","1","Line:4 /inquiry"
"https://www.mychef.ae/inquiry?utm_source=mychef.ae&utm_medium=cta_button&utm_campaign=easter-catering-dubai","0","Blocked by robots.txt","2","Line:4 /inquiry"
"https://www.mychef.ae/inquiry?utm_source=mychef.ae&utm_medium=cta_button&utm_campaign=vegan-catering-dubai","0","Blocked by robots.txt","2","Line:4 /inquiry"
"https://www.mychef.ae/inquiry?utm_source=mychef.ae&utm_medium=cta_button&utm_campaign=afternoon-tea-catering-dubai","0","Blocked by robots.txt","2","Line:4 /inquiry"
"https://www.mychef.ae/inquiry?utm_source=mychef.ae&utm_medium=cta_button&utm_campaign=farewell-catering-dubai","0","Blocked by robots.txt","2","Line:4 /inquiry"
"https://www.mychef.ae/inquiry?utm_source=mychef.ae&utm_medium=package_page&utm_campaign=family-feast-package-dubai","0","Blocked by robots.txt","1","Line:4 /inquiry"
"https://www.mychef.ae/inquiry?utm_source=mychef.ae&utm_medium=cta_button&utm_campaign=picnic-catering-dubai","0","Blocked by robots.txt","2","Line:4 /inquiry"
"https://www.mychef.ae/inquiry?utm_source=mychef.ae&utm_medium=cta_button&utm_campaign=staff-meals-catering-dubai","0","Blocked by robots.txt","2","Line:4 /inquiry"
"https://www.mychef.ae/inquiry?utm_source=mychef.ae&utm_medium=cta_button&utm_campaign=corporate-meal-prep-dubai","0","Blocked by robots.txt","2","Line:4 /inquiry"
"https://www.mychef.ae/inquiry?utm_source=mychef.ae&utm_medium=cta_button&utm_campaign=nut-free-catering-dubai","0","Blocked by robots.txt","2","Line:4 /inquiry"
"https://www.mychef.ae/inquiry?utm_source=mychef.ae&utm_medium=cta_button&utm_campaign=buffet-catering-dubai","0","Blocked by robots.txt","2","Line:4 /inquiry"
"https://www.mychef.ae/inquiry?utm_source=mychef.ae&utm_medium=cta_button&utm_campaign=gala-dinner-catering-dubai","0","Blocked by robots.txt","2","Line:4 /inquiry"
"https://www.mychef.ae/inquiry?utm_source=mychef.ae&utm_medium=cta_button&utm_campaign=anniversary-catering-dubai","0","Blocked by robots.txt","3","Line:4 /inquiry"
"https://www.mychef.ae/inquiry?utm_source=mychef.ae&utm_medium=cta_button&utm_campaign=chefs-table","0","Blocked by robots.txt","2","Line:4 /inquiry"
"https://www.mychef.ae/inquiry?utm_source=mychef.ae&utm_medium=cta_button&utm_campaign=how-much-does-private-chef-cost-dubai","0","Blocked by robots.txt","1","Line:4 /inquiry"
"https://www.mychef.ae/inquiry?utm_source=mychef.ae&utm_medium=cta_button&utm_campaign=festive-catering","0","Blocked by robots.txt","2","Line:4 /inquiry"
"https://www.mychef.ae/inquiry?utm_source=mychef.ae&utm_medium=cta_button&utm_campaign=reunion-catering-dubai","0","Blocked by robots.txt","2","Line:4 /inquiry"
"https://www.mychef.ae/inquiry?utm_source=mychef.ae&utm_medium=cta_button&utm_campaign=ramadan-iftar-catering-trends-2026","0","Blocked by robots.txt","1","Line:4 /inquiry"
"https://www.mychef.ae/inquiry?utm_source=mychef.ae&utm_medium=cta_button&utm_campaign=fitness-meal-prep","0","Blocked by robots.txt","2","Line:4 /inquiry"
"https://www.mychef.ae/inquiry?utm_source=mychef.ae&utm_medium=cta_button&utm_campaign=jain-catering-dubai","0","Blocked by robots.txt","2","Line:4 /inquiry"
"https://www.mychef.ae/inquiry?utm_source=mychef.ae&utm_medium=cta_button&utm_campaign=holi-catering-dubai","0","Blocked by robots.txt","2","Line:4 /inquiry"
"https://www.mychef.ae/inquiry?utm_source=mychef.ae&utm_medium=cta_button&utm_campaign=housewarming-catering-dubai","0","Blocked by robots.txt","2","Line:4 /inquiry"
"https://www.mychef.ae/inquiry?utm_source=mychef.ae&utm_medium=cta_button&utm_campaign=family-feast-package-dubai","0","Blocked by robots.txt","1","Line:4 /inquiry"
"https://www.mychef.ae/inquiry?utm_source=mychef.ae&utm_medium=cta_button&utm_campaign=sushi-catering-dubai","0","Blocked by robots.txt","2","Line:4 /inquiry"
"https://www.mychef.ae/inquiry?utm_source=mychef.ae&utm_medium=cta_button&utm_campaign=date-night-package-dubai","0","Blocked by robots.txt","1","Line:4 /inquiry"
"https://www.mychef.ae/inquiry?utm_source=mychef.ae&utm_medium=cta_button&utm_campaign=dessert-table-catering-dubai","0","Blocked by robots.txt","2","Line:4 /inquiry"
"https://www.mychef.ae/inquiry?utm_source=mychef.ae&utm_medium=chef_profile&utm_campaign=ahmed-executive-chef","0","Blocked by robots.txt","3","Line:4 /inquiry"
"https://www.mychef.ae/inquiry?utm_source=mychef.ae&utm_medium=cta_button&utm_campaign=yacht-charters-partner","0","Blocked by robots.txt","1","Line:4 /inquiry"
"https://www.mychef.ae/inquiry?utm_source=mychef.ae&utm_medium=cta_button&utm_campaign=arabic-catering-dubai","0","Blocked by robots.txt","2","Line:4 /inquiry"
"https://www.mychef.ae/inquiry?utm_source=mychef.ae&utm_medium=cta_button&utm_campaign=shawarma-station-dubai","0","Blocked by robots.txt","2","Line:4 /inquiry"
"https://www.mychef.ae/inquiry?utm_source=mychef.ae&utm_medium=cta_button&utm_campaign=postpartum-meal-prep","0","Blocked by robots.txt","2","Line:4 /inquiry"
"https://www.mychef.ae/inquiry?utm_source=mychef.ae&utm_medium=cta_button&utm_campaign=halal-private-dining-dubai-what-to-ask","0","Blocked by robots.txt","1","Line:4 /inquiry"
"https://www.mychef.ae/inquiry?utm_source=mychef.ae&utm_medium=cta_button&utm_campaign=kids-nutrition-chef","0","Blocked by robots.txt","2","Line:4 /inquiry"
"https://www.mychef.ae/inquiry?utm_source=mychef.ae&utm_medium=cta_button&utm_campaign=birthday-catering-package-dubai","0","Blocked by robots.txt","1","Line:4 /inquiry"
"https://www.mychef.ae/inquiry?utm_source=mychef.ae&utm_medium=cta_button&utm_campaign=breakfast-catering-dubai","0","Blocked by robots.txt","2","Line:4 /inquiry"
"https://www.mychef.ae/inquiry?utm_source=mychef.ae&utm_medium=cta_button&utm_campaign=oyster-bar-dubai","0","Blocked by robots.txt","2","Line:4 /inquiry"
"https://www.mychef.ae/inquiry?utm_source=mychef.ae&utm_medium=cta_button&utm_campaign=keto-catering-dubai","0","Blocked by robots.txt","2","Line:4 /inquiry"
"https://www.mychef.ae/inquiry?utm_source=mychef.ae&utm_medium=package_card&utm_campaign=proposal-dinner","0","Blocked by robots.txt","3","Line:4 /inquiry"
"https://www.mychef.ae/inquiry?utm_source=mychef.ae&utm_medium=cta_button&utm_campaign=wellness-meal-prep-dubai","0","Blocked by robots.txt","2","Line:4 /inquiry"
"https://www.mychef.ae/inquiry?utm_source=mychef.ae&utm_medium=cta_button&utm_campaign=corporate-catering-full-service-vs-drop-off","0","Blocked by robots.txt","1","Line:4 /inquiry"
"https://www.mychef.ae/inquiry?utm_source=mychef.ae&utm_medium=cta_button&utm_campaign=film-crew-catering-dubai","0","Blocked by robots.txt","2","Line:4 /inquiry"
"https://www.mychef.ae/inquiry?utm_source=mychef.ae&utm_medium=cta_button&utm_campaign=halal-catering-dubai","0","Blocked by robots.txt","2","Line:4 /inquiry"
"https://www.mychef.ae/inquiry?utm_source=mychef.ae&utm_medium=cta_button&utm_campaign=dessert-cart-dubai","0","Blocked by robots.txt","2","Line:4 /inquiry"
"https://www.mychef.ae/inquiry?utm_source=mychef.ae&utm_medium=cta_button&utm_campaign=quality-guarantee","0","Blocked by robots.txt","2","Line:4 /inquiry"
"https://www.mychef.ae/inquiry?utm_source=mychef.ae&utm_medium=cta_button&utm_campaign=mychef-certified","0","Blocked by robots.txt","2","Line:4 /inquiry"
"https://www.mychef.ae/inquiry?utm_source=mychef.ae&utm_medium=cta_button&utm_campaign=dairy-free-catering-dubai","0","Blocked by robots.txt","2","Line:4 /inquiry"
"https://www.mychef.ae/inquiry?utm_source=mychef.ae&utm_medium=cta_button&utm_campaign=healthy-catering-dubai","0","Blocked by robots.txt","2","Line:4 /inquiry"
"https://www.mychef.ae/inquiry?utm_source=mychef.ae&utm_medium=cta_button&utm_campaign=bar-services-dubai","0","Blocked by robots.txt","2","Line:4 /inquiry"
"https://www.mychef.ae/inquiry?utm_source=mychef.ae&utm_medium=cta_button&utm_campaign=graduation-catering-dubai","0","Blocked by robots.txt","2","Line:4 /inquiry"
"https://www.mychef.ae/inquiry?utm_source=mychef.ae&utm_medium=cta_button&utm_campaign=asian-catering-dubai","0","Blocked by robots.txt","2","Line:4 /inquiry"
"https://www.mychef.ae/inquiry?utm_source=mychef.ae&utm_medium=cta_button&utm_campaign=mocktail-bar-catering-dubai","0","Blocked by robots.txt","2","Line:4 /inquiry"
"https://www.mychef.ae/inquiry?utm_source=mychef.ae&utm_medium=cta_button&utm_campaign=vegetarian-catering-dubai","0","Blocked by robots.txt","2","Line:4 /inquiry"
"https://www.mychef.ae/inquiry?utm_source=mychef.ae&utm_medium=cta_button&utm_campaign=product-launch-catering-dubai","0","Blocked by robots.txt","2","Line:4 /inquiry"
"https://www.mychef.ae/inquiry?utm_source=mychef.ae&utm_medium=cta_button&utm_campaign=chef-training-academy","0","Blocked by robots.txt","2","Line:4 /inquiry"
"https://www.mychef.ae/inquiry?utm_source=mychef.ae&utm_medium=cta_button&utm_campaign=brand-activation-catering-dubai","0","Blocked by robots.txt","2","Line:4 /inquiry"
"https://www.mychef.ae/inquiry?utm_source=mychef.ae&utm_medium=cta_button&utm_campaign=villa-rentals-partner","0","Blocked by robots.txt","1","Line:4 /inquiry"
"https://www.mychef.ae/inquiry?utm_source=mychef.ae&utm_medium=cta_button&utm_campaign=yacht-party-menu-ideas-dubai","0","Blocked by robots.txt","1","Line:4 /inquiry"
"https://www.mychef.ae/inquiry?utm_source=mychef.ae&utm_medium=cta_button&utm_campaign=canape-catering-dubai","0","Blocked by robots.txt","2","Line:4 /inquiry"
"https://www.mychef.ae/inquiry?utm_source=mychef.ae&utm_medium=cta_button&utm_campaign=corporate-retainer","0","Blocked by robots.txt","2","Line:4 /inquiry"
"https://www.mychef.ae/inquiry?utm_source=mychef.ae&utm_medium=chef_profile&utm_campaign=matteo-pastry-chef","0","Blocked by robots.txt","3","Line:4 /inquiry"
"https://www.mychef.ae/inquiry?utm_source=mychef.ae&utm_medium=cta_button&utm_campaign=coffee-tea-service-dubai","0","Blocked by robots.txt","2","Line:4 /inquiry"
"https://www.mychef.ae/inquiry?utm_source=mychef.ae&utm_medium=cta_button&utm_campaign=business-lunch-catering-dubai","0","Blocked by robots.txt","2","Line:4 /inquiry"
"https://www.mychef.ae/inquiry?utm_source=mychef.ae&utm_medium=cta_button&utm_campaign=diwali-catering-dubai","0","Blocked by robots.txt","2","Line:4 /inquiry"
"https://www.mychef.ae/inquiry?utm_source=mychef.ae&utm_medium=cta_button&utm_campaign=loyalty-programme","0","Blocked by robots.txt","2","Line:4 /inquiry"
"https://www.mychef.ae/inquiry?utm_source=mychef.ae&utm_medium=cta_button&utm_campaign=mychef-membership","0","Blocked by robots.txt","2","Line:4 /inquiry"
"https://www.mychef.ae/inquiry?utm_source=mychef.ae&utm_medium=cta_button&utm_campaign=referral-programme","0","Blocked by robots.txt","1","Line:4 /inquiry"
"https://www.mychef.ae/inquiry?utm_source=mychef.ae&utm_medium=cta_button&utm_campaign=founding-customer","0","Blocked by robots.txt","5","Line:4 /inquiry"
"https://www.mychef.ae/inquiry?utm_source=mychef.ae&utm_medium=cta_button&utm_campaign=influencer-partnerships","0","Blocked by robots.txt","2","Line:4 /inquiry"
