"Address","Status Code","Title 1","Indexability","Indexability Status","Clicks","Impressions","CTR","Position"
"https://www.mychef.ae/","200","Private Chef & Catering Dubai | Villas, Yachts, Events | myCHEF","Indexable","","","","",""
"https://www.mychef.ae/private-chef-prices-dubai","200","Private Chef Prices Dubai | AED 700–950 Per Person | myCHEF","Indexable","","","","",""
"https://www.mychef.ae/faq","200","FAQ | Private Chef & Catering Dubai | myCHEF","Indexable","","","","",""
"https://www.mychef.ae/corporate-event-catering-dubai","200","Corporate Event Catering Dubai | Company Parties & Galas | myCHEF","Indexable","","","","",""
"https://www.mychef.ae/private-chef-vs-catering-dubai","200","Private Chef vs Catering Dubai | Guide | myCHEF","Indexable","","","","",""
"https://www.mychef.ae/locations/jlt","200","Private Chef JLT Dubai | Office & Lakeside Apartment | myCHEF","Indexable","","","","",""
"https://www.mychef.ae/catering-cost-calculator-dubai","200","Catering Cost Calculator Dubai | Instant Price Estimate | myCHEF","Indexable","","","","",""
"https://www.mychef.ae/ramadan-catering-guide-dubai","200","Ramadan Catering Guide Dubai | Iftar | myCHEF","Indexable","","","","",""
"https://www.mychef.ae/about","200","About myCHEF Dubai | myCHEF","Indexable","","","","",""
"https://www.mychef.ae/locations/umm-suqeim","200","Private Chef Umm Suqeim Dubai | Beachfront Villa | myCHEF","Indexable","","","","",""
"https://www.mychef.ae/locations/dubai-marina","200","Private Chef Dubai Marina | Yacht & Penthouse Catering | myCHEF","Indexable","","","","",""
"https://www.mychef.ae/full-time-private-chef-dubai","200","Full-Time Private Chef Dubai | Live-In & Live-Out | myCHEF","Indexable","","","","",""
"https://www.mychef.ae/blog/wedding-catering-cost-dubai","200","Wedding Catering Cost Dubai | 2026 Planning Estimates | myCHEF","Indexable","","","","",""
"https://www.mychef.ae/venue-partners","200","Venue Partners | Preferred Catering | myCHEF","Indexable","","","","",""
"https://www.mychef.ae/wedding-catering-checklist-dubai","200","Wedding Catering Checklist Dubai | Timeline & Questions | myCHEF","Indexable","","","","",""
"https://www.mychef.ae/buffet-vs-plated-dubai","200","Buffet vs Plated Service Dubai | Guide | myCHEF","Indexable","","","","",""
"https://www.mychef.ae/blog","200","Blog | Private Chef & Catering Insights | myCHEF","Indexable","","","","",""
"https://www.mychef.ae/corporate","200","Corporate Catering Dubai | Offices & Events, AED 90pp | myCHEF","Indexable","","","","",""
"https://www.mychef.ae/press","200","Press & Media | Brand Assets & Media Kit | myCHEF","Indexable","","","","",""
"https://www.mychef.ae/luxury-dining-experiences","200","Luxury Dining Experiences Dubai | Private Chef Dining | myCHEF","Indexable","","","","",""
"https://www.mychef.ae/private-party-catering-dubai","200","Private Party Catering Dubai | Home & Villa Events | myCHEF","Indexable","","","","",""
"https://www.mychef.ae/contact","200","Contact Us | myCHEF","Indexable","","","","",""
"https://www.mychef.ae/locations/jvc","200","Private Chef JVC Dubai | Family & Home Celebrations | myCHEF","Indexable","","","","",""
"https://www.mychef.ae/locations/dubai-hills","200","Private Chef Dubai Hills | Golf & Family Villa | myCHEF","Indexable","","","","",""
"https://www.mychef.ae/desert-dining-dubai","200","Desert Dining Dubai | Luxury Outdoor Feasts | myCHEF","Indexable","","","","",""
"https://www.mychef.ae/dubai-food-trends-report-2026","200","Dubai Food Trends Report 2026 | myCHEF","Indexable","","","","",""
"https://www.mychef.ae/private-jet-catering-dubai","200","Private Jet Catering Dubai | Coordinated to the Flight | myCHEF","Indexable","","","","",""
"https://www.mychef.ae/menus","200","Catering Menus Dubai | Chef Inspiration & Cuisines | myCHEF","Indexable","","","","",""
"https://www.mychef.ae/private-chef-dubai","200","Private Chef Dubai | Private Chef Services for Your Home | myCHEF","Indexable","","","","",""
"https://www.mychef.ae/corporate-catering-checklist-dubai","200","Corporate Catering Checklist Dubai | myCHEF","Indexable","","","","",""
"https://www.mychef.ae/how-to-choose-caterer-dubai","200","How to Choose a Caterer in Dubai | myCHEF","Indexable","","","","",""
"https://www.mychef.ae/events","200","Event Catering Dubai | Birthdays, Weddings & Parties | myCHEF","Indexable","","","","",""
"https://www.mychef.ae/how-it-works","200","How to Book a Private Chef in Dubai | myCHEF","Indexable","","","","",""
"https://www.mychef.ae/locations/difc","200","Private Chef DIFC Dubai | Corporate & Boardroom | myCHEF","Indexable","","","","",""
"https://www.mychef.ae/dubai-catering-prices-guide","200","How Much Does Catering Cost in Dubai? | 2026 Price Guide | myCHEF","Indexable","","","","",""
"https://www.mychef.ae/villas-private-residences","200","Villa Chef Dubai | Private Chef, Palm & Emirates Hills | myCHEF","Indexable","","","","",""
"https://www.mychef.ae/locations/jumeirah","200","Private Chef Jumeirah Dubai | Beachfront & Villa | myCHEF","Indexable","","","","",""
"https://www.mychef.ae/locations/business-bay","200","Private Chef Business Bay Dubai | Corporate & Private | myCHEF","Indexable","","","","",""
"https://www.mychef.ae/wedding-catering-dubai","200","Wedding Catering Dubai | Villa, Garden & Venue | myCHEF","Indexable","","","","",""
"https://www.mychef.ae/locations/downtown-dubai","200","Private Chef Downtown Dubai | Penthouse & Corporate | myCHEF","Indexable","","","","",""
"https://www.mychef.ae/cuisines-dubai","200","Multi Cuisine Catering Dubai | Italian, Arabic, Indian | myCHEF","Indexable","","","","",""
"https://www.mychef.ae/booking-protection-insurance","200","Catering Cancellation Policy Dubai | myCHEF","Indexable","","","","",""
"https://www.mychef.ae/partner-with-us","200","Partner With Us Dubai | Chef Partnerships | myCHEF","Indexable","","","","",""
"https://www.mychef.ae/locations/emirates-hills","200","Private Chef Emirates Hills Dubai | Villa & Estate | myCHEF","Indexable","","","","",""
"https://www.mychef.ae/tourist-villa-chef-dubai","200","Holiday Villa Chef Dubai | Multi-Day Private Dining | myCHEF","Indexable","","","","",""
"https://www.mychef.ae/yachts","200","Yacht Catering Dubai | 2–50 Guests, From AED 150pp | myCHEF","Indexable","","","","",""
"https://www.mychef.ae/luxury-dinner-planning-guide-dubai","200","Luxury Dinner Planning Guide Dubai | myCHEF","Indexable","","","","",""
"https://www.mychef.ae/tasting-menu-dubai","200","Private Chef Tasting Menu Dubai | Chef’s Table | myCHEF","Indexable","","","","",""
"https://www.mychef.ae/wedding-catering-menu-planning-dubai","200","Wedding Menu Planning Dubai | Ideas, Buffets & Tastings | myCHEF","Indexable","","","","",""
"https://www.mychef.ae/villa-catering-ideas-dubai","200","Villa Catering Ideas Dubai | Party Menus | myCHEF","Indexable","","","","",""
"https://www.mychef.ae/gift-cards","200","Gift Cards Dubai | Private Chef Experience | myCHEF","Indexable","","","","",""
"https://www.mychef.ae/guides","200","Catering Guides Dubai | Prices & Planning | myCHEF","Indexable","","","","",""
"https://www.mychef.ae/birthday-catering-dubai","200","Birthday Catering Dubai | Kids, Adults & Villas | myCHEF","Indexable","","","","",""
"https://www.mychef.ae/halal-private-dining-dubai","200","Halal Private Dining Dubai | Certified | myCHEF","Indexable","","","","",""
"https://www.mychef.ae/weekly-meal-prep-dubai","200","Weekly Meal Prep Dubai | Private Chef from AED 1,898 | myCHEF","Indexable","","","","",""
"https://www.mychef.ae/romantic-dinner-dubai","200","Romantic Private Dinner Dubai | myCHEF","Indexable","","","","",""
"https://www.mychef.ae/drop-off-catering-dubai","200","Drop-Off Catering Dubai | Office & Event Meals Delivered | myCHEF","Indexable","","","","",""
"https://www.mychef.ae/catering-dubai","200","Catering Dubai | Food Only to Full Event Support | myCHEF","Indexable","","","","",""
"https://www.mychef.ae/how-we-vet-our-chefs","200","How We Vet the Chefs in Our Network | myCHEF","Indexable","","","","",""
"https://www.mychef.ae/locations/jbr","200","Private Chef JBR Dubai | Beachfront & Apartment | myCHEF","Indexable","","","","",""
"https://www.mychef.ae/locations/palm-jumeirah","200","Private Chef Palm Jumeirah | Villa & Yacht | myCHEF","Indexable","","","","",""
"https://www.mychef.ae/vip-club","200","VIP Club Dubai | Private Chef Membership | myCHEF","Indexable","","","","",""
"https://www.mychef.ae/catering-packages-dubai","200","Catering Packages Dubai | Private Chef, From AED 1,200 | myCHEF","Indexable","","","","",""
"https://www.mychef.ae/case-studies","200","Event Case Studies | Luxury Catering Dubai | myCHEF","Indexable","","","","",""
"https://www.mychef.ae/our-chefs","200","Private Chef Network Dubai | Vetted Chefs | myCHEF","Indexable","","","","",""
"https://www.mychef.ae/locations/arabian-ranches","200","Private Chef Arabian Ranches Dubai | Family Villa | myCHEF","Indexable","","","","",""
"https://www.mychef.ae/locations/bluewaters-island","200","Private Chef Bluewaters Dubai | Island & Ain Dubai | myCHEF","Indexable","","","","",""
"https://www.mychef.ae/locations","200","Private Chef & Catering Locations | myCHEF","Indexable","","","","",""
"https://www.mychef.ae/gallery","200","Event Gallery | Private Chef & Catering | myCHEF","Indexable","","","","",""
"https://www.mychef.ae/yacht-catering-guide-dubai","200","Yacht Catering Guide Dubai | Menus | myCHEF","Indexable","","","","",""
"https://www.mychef.ae/locations/al-barsha","200","Private Chef Al Barsha Dubai | Flexible Catering | myCHEF","Indexable","","","","",""
"https://www.mychef.ae/private-cooking-classes-dubai","200","Private Cooking Classes Dubai | Chef-Led at Home | myCHEF","Indexable","","","","",""
"https://www.mychef.ae/part-time-private-chef-dubai","200","Part-Time Private Chef Dubai | 2–3 Days Per Week | myCHEF","Indexable","","","","",""
"https://www.mychef.ae/blog/corporate-catering-full-service-vs-drop-off","200","Corporate Catering: Full-Service vs Drop-Off | myCHEF","Indexable","","","","",""
"https://www.mychef.ae/blog/best-private-chef-birthday-dinner-dubai","200","Best Private Chef Birthday Dinner Dubai | myCHEF","Indexable","","","","",""
"https://www.mychef.ae/graduation-catering-dubai","200","Graduation Catering Dubai | School & University Parties | myCHEF","Indexable","","","","",""
"https://www.mychef.ae/kids-nutrition-chef-dubai","200","Kids Meal Prep Dubai | Healthy Meals Children Eat | myCHEF","Indexable","","","","",""
"https://www.mychef.ae/fitness-meal-prep-dubai","200","Fitness Meal Prep Dubai | Macro Meals | myCHEF","Indexable","","","","",""
"https://www.mychef.ae/sugar-free-catering-dubai","200","Sugar-Free Catering Dubai | Diabetic-Friendly | myCHEF","Indexable","","","","",""
"https://www.mychef.ae/blog/topic/menus-dietary","200","Menus, Brunch & Dietary in Dubai | myCHEF","Indexable","","","","",""
"https://www.mychef.ae/staff-meals-catering-dubai","200","Staff Meals Catering Dubai | Daily Team Meals & Canteens | myCHEF","Indexable","","","","",""
"https://www.mychef.ae/mystery-dining-dubai","200","Surprise Dinner Experience Dubai | Private Chef Menus | myCHEF","Indexable","","","","",""
"https://www.mychef.ae/blog/topic/celebrations","200","Weddings, Parties & Celebrations in Dubai | myCHEF","Indexable","","","","",""
"https://www.mychef.ae/chefs/ahmed-executive-chef","200","Ahmed Al-Rashid | Executive Chef | myCHEF","Indexable","","","","",""
"https://www.mychef.ae/partners/yacht-charters-dubai","200","Yacht Charter Partnership Dubai | Chef | myCHEF","Indexable","","","","",""
"https://www.mychef.ae/farewell-catering-dubai","200","Farewell Party Catering Dubai | Retirement Send-Offs | myCHEF","Indexable","","","","",""
"https://www.mychef.ae/eid-catering-dubai","200","Eid Catering Dubai | al-Fitr & al-Adha Feasts | myCHEF","Indexable","","","","",""
"https://www.mychef.ae/conference-catering-dubai","200","Conference Catering Dubai | Breaks & Working Lunches | myCHEF","Indexable","","","","",""
"https://www.mychef.ae/blog/corporate-event-catering-ideas-dubai","200","Corporate Event Catering Ideas Dubai (2026) | myCHEF","Indexable","","","","",""
"https://www.mychef.ae/best-catering-companies-dubai","200","Best Catering Companies Dubai | 11 Compared on Prices | myCHEF","Indexable","","","","",""
"https://www.mychef.ae/pool-party-catering-dubai","200","Pool Party Catering Dubai | Villa Food | myCHEF","Indexable","","","","",""
"https://www.mychef.ae/afternoon-tea-catering-dubai","200","Afternoon Tea Catering Dubai | High Tea | myCHEF","Indexable","","","","",""
"https://www.mychef.ae/corporate-meal-prep-dubai","200","Corporate Meal Prep Dubai | Portioned Team Meals | myCHEF","Indexable","","","","",""
"https://www.mychef.ae/blog/private-chef-palm-jumeirah-guide","200","Private Chef Palm Jumeirah: A Complete Guide | myCHEF","Indexable","","","","",""
"https://www.mychef.ae/blog/yacht-party-menu-ideas-dubai","200","Yacht Party Menu Ideas in Dubai | myCHEF","Indexable","","","","",""
"https://www.mychef.ae/bar-services-dubai","200","Bar Services Dubai | Bartender Hire & Mobile Bars | myCHEF","Indexable","","","","",""
"https://www.mychef.ae/anniversary-catering-dubai","200","Anniversary Dinner Catering Dubai | Private Chef Menus | myCHEF","Indexable","","","","",""
"https://www.mychef.ae/chefs/marco-italian-chef","200","Marco Rossi | Independent partner chef | myCHEF","Indexable","","","","",""
"https://www.mychef.ae/quality-guarantee-dubai","200","Quality Guarantee Dubai | Satisfaction | myCHEF","Indexable","","","","",""
"https://www.mychef.ae/italian-catering-dubai","200","Italian Catering Dubai | Live Pasta, Pizza & Risotto | myCHEF","Indexable","","","","",""
"https://www.mychef.ae/blog/topic/outdoor","200","Outdoor & Destination Dining in Dubai | myCHEF","Indexable","","","","",""
"https://www.mychef.ae/production-catering-dubai","200","Production Catering Dubai | TV, Photo & Event Crews | myCHEF","Indexable","","","","",""
"https://www.mychef.ae/allergy-safe-catering-dubai","200","Allergy-Safe Catering Dubai | Gluten, Dairy & Nut-Free | myCHEF","Indexable","","","","",""
"https://www.mychef.ae/guide/private-dining-dubai","200","Private Dining Dubai: A Complete Guide | myCHEF","Indexable","","","","",""
"https://www.mychef.ae/blog/how-far-ahead-book-caterer-dubai","200","How Far Ahead to Book a Caterer in Dubai | myCHEF","Indexable","","","","",""
"https://www.mychef.ae/birthday-catering-package-dubai","200","Birthday Catering Package Dubai | Private Chef for 8–12 | myCHEF","Indexable","","","","",""
"https://www.mychef.ae/iftar-catering-dubai","200","Iftar Catering Dubai | Ramadan Private Chef & Buffet | myCHEF","Indexable","","","","",""
"https://www.mychef.ae/blog/private-chef-vs-restaurant-dubai","200","Private Chef vs Restaurant Dubai: How to Choose | myCHEF","Indexable","","","","",""
"https://www.mychef.ae/valentines-day-catering-dubai","200","Valentine's Day Catering Dubai | Private Chef Dinners | myCHEF","Indexable","","","","",""
"https://www.mychef.ae/cocktail-party-catering-dubai","200","Cocktail Party Catering Dubai | Canapés & Bar | myCHEF","Indexable","","","","",""
"https://www.mychef.ae/postpartum-meal-prep-dubai","200","Postpartum Meal Prep Dubai | Recovery Meals | myCHEF","Indexable","","","","",""
"https://www.mychef.ae/blog/desert-dinner-party-dubai","200","Desert Dinner Party Dubai: Dining in the Dunes | myCHEF","Indexable","","","","",""
"https://www.mychef.ae/chefs/layla-middle-eastern-chef","200","Layla Hassan | Middle Eastern Chef | myCHEF","Indexable","","","","",""
"https://www.mychef.ae/arabic-catering-dubai","200","Arabic Catering Dubai | Mezze, Grills & Ouzi | myCHEF","Indexable","","","","",""
"https://www.mychef.ae/apartment-private-dining-dubai","200","Private Chef for Apartment Dubai | Dining for 2–8 | myCHEF","Indexable","","","","",""
"https://www.mychef.ae/picnic-catering-dubai","200","Picnic Catering Dubai | Outdoor Baskets & Grazing | myCHEF","Indexable","","","","",""
"https://www.mychef.ae/trust-and-programs","200","Trust & Programs | Standards, Protection and Membership | myCHEF","Indexable","","","","",""
"https://www.mychef.ae/office-catering-dubai","200","Office Catering Dubai | Daily Lunches & Retainers | myCHEF","Indexable","","","","",""
"https://www.mychef.ae/blog/weekly-meal-prep-vs-full-time-chef-dubai","200","Weekly Meal Prep vs Full-Time Chef Dubai | myCHEF","Indexable","","","","",""
"https://www.mychef.ae/mocktail-bar-catering-dubai","200","Mocktail Bar Catering Dubai | Alcohol-Free Craft Bar | myCHEF","Indexable","","","","",""
"https://www.mychef.ae/product-launch-catering-dubai","200","Product Launch Catering Dubai | Media & Press | myCHEF","Indexable","","","","",""
"https://www.mychef.ae/business-lunch-catering-dubai","200","Business Lunch Catering Dubai | Boardroom & Client | myCHEF","Indexable","","","","",""
"https://www.mychef.ae/blog/topic/corporate","200","Corporate & Team Catering in Dubai | myCHEF","Indexable","","","","",""
"https://www.mychef.ae/blog/iftar-at-home-dubai","200","Iftar at Home Dubai: Menu, Timing & Cost Guide | myCHEF","Indexable","","","","",""
"https://www.mychef.ae/holi-catering-dubai","200","Holi Catering Dubai | Festival Feasts | myCHEF","Indexable","","","","",""
"https://www.mychef.ae/reunion-catering-dubai","200","Reunion Catering Dubai | Family & Friends | myCHEF","Indexable","","","","",""
"https://www.mychef.ae/partners/concierge-services-dubai","200","Concierge Partnership Dubai | Catering | myCHEF","Indexable","","","","",""
"https://www.mychef.ae/vegetarian-catering-dubai","200","Vegetarian Catering Dubai | Indian & Mediterranean | myCHEF","Indexable","","","","",""
"https://www.mychef.ae/live-cooking-stations-dubai","200","Live Cooking Stations Dubai | Interactive Food Stations | myCHEF","Indexable","","","","",""
"https://www.mychef.ae/yacht-catering-checklist-dubai","200","Yacht Catering Checklist Dubai | myCHEF","Indexable","","","","",""
"https://www.mychef.ae/baby-shower-catering-dubai","200","Baby Shower Catering Dubai | Grazing Tables & Mocktails | myCHEF","Indexable","","","","",""
"https://www.mychef.ae/proposal-dinner-dubai","200","Proposal Dinner Dubai | Private Chef from AED 1,200 | myCHEF","Indexable","","","","",""
"https://www.mychef.ae/finger-food-catering-dubai","200","Finger Food Catering Dubai | Office & Party Menus | myCHEF","Indexable","","","","",""
"https://www.mychef.ae/coffee-tea-service-dubai","200","Coffee & Tea Service Dubai | Receptions | myCHEF","Indexable","","","","",""
"https://www.mychef.ae/brunch-catering-dubai","200","Brunch Catering Dubai | Private Chef & Villa Brunch | myCHEF","Indexable","","","","",""
"https://www.mychef.ae/chefs-table-dubai","200","Chef's Table Dubai | Omakase at Home | myCHEF","Indexable","","","","",""
"https://www.mychef.ae/fodmap-catering-dubai","200","FODMAP-Friendly Catering Dubai | Low-FODMAP | myCHEF","Indexable","","","","",""
"https://www.mychef.ae/breakfast-catering-dubai","200","Breakfast Catering Dubai | Office & Home | myCHEF","Indexable","","","","",""
"https://www.mychef.ae/ramadan-catering-dubai","200","Ramadan Catering Dubai | Iftar, Suhoor & Private Chef | myCHEF","Indexable","","","","",""
"https://www.mychef.ae/private-chef-dubai/how-it-works","200","How to Get a Cook in Dubai | Managed Chef Service | myCHEF","Indexable","","","","",""
"https://www.mychef.ae/buffet-catering-dubai","200","Buffet Catering Dubai | Hot, Cold & Live Stations | myCHEF","Indexable","","","","",""
"https://www.mychef.ae/wellness-meal-prep-dubai","200","Healthy Meal Prep Dubai | Nutritionist-Aligned Chefs | myCHEF","Indexable","","","","",""
"https://www.mychef.ae/asian-catering-dubai","200","Asian Catering Dubai | Thai, Chinese, Sushi & Wok | myCHEF","Indexable","","","","",""
"https://www.mychef.ae/blog/private-chef-date-night-dubai","200","Private Chef Date Night Dubai: Ideas & Costs | myCHEF","Indexable","","","","",""
"https://www.mychef.ae/vegan-catering-dubai","200","Vegan Catering Dubai | Plant-Based Events & Dining | myCHEF","Indexable","","","","",""
"https://www.mychef.ae/corporate-dinner-package-dubai","200","Corporate Dinner Package Dubai | Boardroom & Team Dining | myCHEF","Indexable","","","","",""
"https://www.mychef.ae/fathers-day-catering-dubai","200","Father's Day Catering Dubai | Brunch & BBQ | myCHEF","Indexable","","","","",""
"https://www.mychef.ae/blog/nye-party-catering-dubai","200","NYE Party Catering Dubai: Host's Planning Guide | myCHEF","Indexable","","","","",""
"https://www.mychef.ae/kids-birthday-catering-dubai","200","Kids Birthday Catering Dubai | Safe, Fun Party Food | myCHEF","Indexable","","","","",""
"https://www.mychef.ae/halloween-catering-dubai","200","Halloween Catering Dubai | Spooky Party Menus | myCHEF","Indexable","","","","",""
"https://www.mychef.ae/keto-catering-dubai","200","Keto & Low-Carb Catering Dubai | High-Protein | myCHEF","Indexable","","","","",""
"https://www.mychef.ae/chef-training-academy","200","Chef Training Academy Dubai | Certified | myCHEF","Indexable","","","","",""
"https://www.mychef.ae/gala-dinner-catering-dubai","200","Gala Dinner Catering Dubai | Awards & Charity Balls | myCHEF","Indexable","","","","",""
"https://www.mychef.ae/festive-catering-dubai","200","Festive Catering Dubai | Ramadan, Eid, Diwali, NYE | myCHEF","Indexable","","","","",""
"https://www.mychef.ae/blog/dinner-party-menu-ideas-dubai","200","Dinner Party Menu Ideas Dubai: A Host's 2026 Guide | myCHEF","Indexable","","","","",""
"https://www.mychef.ae/canape-catering-dubai","200","Canapé Catering Dubai | Passed, Hot & Cold Canapés | myCHEF","Indexable","","","","",""
"https://www.mychef.ae/mothers-day-catering-dubai","200","Mother's Day Catering Dubai | Brunch & Lunch | myCHEF","Indexable","","","","",""
"https://www.mychef.ae/bbq-catering-dubai","200","BBQ Catering Dubai | Live BBQ Stations & Outdoor Grills | myCHEF","Indexable","","","","",""
"https://www.mychef.ae/brand-activation-catering-dubai","200","Brand Activation Catering Dubai | Pop-Ups & Sampling | myCHEF","Indexable","","","","",""
"https://www.mychef.ae/corporate-retainer-dubai","200","Corporate Catering Contract Dubai | myCHEF","Indexable","","","","",""
"https://www.mychef.ae/sushi-catering-dubai","200","Sushi Catering Dubai | Live Sushi Chef & Platters | myCHEF","Indexable","","","","",""
"https://www.mychef.ae/pescatarian-catering-dubai","200","Pescatarian Catering Dubai | Seafood Menus | myCHEF","Indexable","","","","",""
"https://www.mychef.ae/oyster-bar-dubai","200","Oyster & Seafood Bar Dubai | Shellfish | myCHEF","Indexable","","","","",""
"https://www.mychef.ae/christmas-catering-dubai","200","Christmas Catering Dubai | Festive Roasts & Private Chef | myCHEF","Indexable","","","","",""
"https://www.mychef.ae/grazing-table-dubai","200","Grazing Table Dubai | Cheese & Charcuterie Spreads | myCHEF","Indexable","","","","",""
"https://www.mychef.ae/chinese-new-year-catering-dubai","200","Chinese New Year Catering Dubai | Feasts | myCHEF","Indexable","","","","",""
"https://www.mychef.ae/mediterranean-catering-dubai","200","Mediterranean Catering Dubai | Greek, Lebanese & Seafood | myCHEF","Indexable","","","","",""
"https://www.mychef.ae/uae-national-day-catering-dubai","200","UAE National Day Catering Dubai | Emirati Menus | myCHEF","Indexable","","","","",""
"https://www.mychef.ae/bachelor-party-catering-dubai","200","Bachelor Party Catering Dubai | Yacht, Villa & BBQ | myCHEF","Indexable","","","","",""
"https://www.mychef.ae/blog/how-much-does-private-chef-cost-dubai","200","How Much Does a Private Chef Cost in Dubai? | myCHEF","Indexable","","","","",""
"https://www.mychef.ae/dessert-table-catering-dubai","200","Dessert Table Catering Dubai | Wedding & Birthday | myCHEF","Indexable","","","","",""
"https://www.mychef.ae/chefs/matteo-pastry-chef","200","Matteo Moretti | Pastry Chef | myCHEF","Indexable","","","","",""
"https://www.mychef.ae/blog/brunch-at-home-dubai","200","Brunch at Home in Dubai: 2026 Hosting Guide | myCHEF","Indexable","","","","",""
"https://www.mychef.ae/exhibition-catering-dubai","200","Exhibition Catering Dubai | DWTC & Expo City | myCHEF","Indexable","","","","",""
"https://www.mychef.ae/blog/how-to-hire-a-private-chef-dubai","200","How to Hire a Private Chef in Dubai: 2026 Guide | myCHEF","Indexable","","","","",""
"https://www.mychef.ae/engagement-catering-dubai","200","Engagement Party Catering Dubai | Villa Receptions | myCHEF","Indexable","","","","",""
"https://www.mychef.ae/blog/vegan-catering-dubai-guide","200","Plant Based Catering Dubai — What to Expect | myCHEF","Indexable","","","","",""
"https://www.mychef.ae/blog/halal-private-dining-dubai-what-to-ask","200","Halal Private Dining Dubai: What to Ask | myCHEF","Indexable","","","","",""
"https://www.mychef.ae/dubai-event-catering-price-guide-2026","200","Dubai Event Catering Prices 2026 | myCHEF","Indexable","","","","",""
"https://www.mychef.ae/party-catering-dubai","200","Party Catering Dubai | Canapés, Grazing & Live Stations | myCHEF","Indexable","","","","",""
"https://www.mychef.ae/beach-catering-dubai","200","Beach Catering Dubai | Seafood Menus | myCHEF","Indexable","","","","",""
"https://www.mychef.ae/date-night-package-dubai","200","Date Night Package Dubai | Private Chef for Two | myCHEF","Indexable","","","","",""
"https://www.mychef.ae/blog/topic/seasonal","200","Ramadan & Seasonal Dining in Dubai | myCHEF","Indexable","","","","",""
"https://www.mychef.ae/bachelorette-party-catering-dubai","200","Bachelorette Party Catering Dubai | Canapés & Grazing | myCHEF","Indexable","","","","",""
"https://www.mychef.ae/dessert-cart-dubai","200","Gelato & Dessert Cart Dubai | Events | myCHEF","Indexable","","","","",""
"https://www.mychef.ae/shawarma-station-dubai","200","Live Shawarma & Kebab Station Dubai | myCHEF","Indexable","","","","",""
"https://www.mychef.ae/diwali-catering-dubai","200","Diwali Catering Dubai | Indian Festive Menus & Mithai | myCHEF","Indexable","","","","",""
"https://www.mychef.ae/easter-catering-dubai","200","Easter Catering Dubai | Brunch & Lunch | myCHEF","Indexable","","","","",""
"https://www.mychef.ae/become-a-mychef","200","Become a myCHEF | Private Chef Jobs Dubai | myCHEF","Indexable","","","","",""
"https://www.mychef.ae/blog/ramadan-iftar-catering-trends-2026","200","Ramadan Iftar Catering Trends 2026 | myCHEF","Indexable","","","","",""
"https://www.mychef.ae/mychef-certified","200","MyChef Certified Chefs Dubai | Quality | myCHEF","Indexable","","","","",""
"https://www.mychef.ae/suhoor-catering-dubai","200","Suhoor Catering Dubai | Pre-Dawn Ramadan Menus | myCHEF","Indexable","","","","",""
"https://www.mychef.ae/indian-catering-dubai","200","Indian Catering Dubai | Wedding, Party & Corporate | myCHEF","Indexable","","","","",""
"https://www.mychef.ae/dairy-free-catering-dubai","200","Dairy-Free Catering Dubai | Lactose-Free Menus | myCHEF","Indexable","","","","",""
"https://www.mychef.ae/family-feast-package-dubai","200","Family Catering Dubai | Feast Package, Private Chef | myCHEF","Indexable","","","","",""
"https://www.mychef.ae/halal-catering-dubai","200","Halal Catering Dubai | Weddings, Events & Corporate | myCHEF","Indexable","","","","",""
"https://www.mychef.ae/jain-catering-dubai","200","Jain Catering Dubai | No-Onion/Garlic Weddings & Events | myCHEF","Indexable","","","","",""
"https://www.mychef.ae/healthy-catering-dubai","200","Healthy Catering Dubai | Corporate Wellness Menus | myCHEF","Indexable","","","","",""
"https://www.mychef.ae/blog/grazing-table-vs-buffet-dubai","200","Grazing Table vs Buffet Dubai: How to Choose | myCHEF","Indexable","","","","",""
"https://www.mychef.ae/housewarming-catering-dubai","200","Housewarming Catering Dubai | New Home | myCHEF","Indexable","","","","",""
"https://www.mychef.ae/gluten-free-catering-dubai","200","Gluten-Free Catering Dubai | Coeliac-Safe Events | myCHEF","Indexable","","","","",""
"https://www.mychef.ae/partners/event-planners-dubai","200","Event Planner Partnership Dubai | myCHEF","Indexable","","","","",""
"https://www.mychef.ae/blog/topic/private-chef","200","Private Chef Guides in Dubai | myCHEF","Indexable","","","","",""
"https://www.mychef.ae/partners/villa-rentals-dubai","200","Villa Rental Partnership Dubai | Chef | myCHEF","Indexable","","","","",""
"https://www.mychef.ae/new-year-catering-dubai","200","New Year's Eve Catering Dubai | Gala, Yacht & Villa | myCHEF","Indexable","","","","",""
"https://www.mychef.ae/film-crew-catering-dubai","200","Film Crew Catering Dubai | On-Set Meals & Craft Service | myCHEF","Indexable","","","","",""
"https://www.mychef.ae/nut-free-catering-dubai","200","Nut-Free Catering Dubai | Allergy-Safe Events | myCHEF","Indexable","","","","",""
"https://www.mychef.ae/influencer-partnerships","200","Influencer Partnerships Dubai | myCHEF","Indexable","","","","",""
"https://www.mychef.ae/founding-customer-offer","200","Founding Customer Offer Dubai | Early Access | myCHEF","Indexable","","","","",""
"https://www.mychef.ae/mychef-membership","200","myCHEF Membership Dubai | Priority Booking | myCHEF","Indexable","","","","",""
"https://www.mychef.ae/loyalty-programme","200","Loyalty Programme Dubai | Private Dining | myCHEF","Indexable","","","","",""
"https://www.mychef.ae/partners","200","Partners | Concierge, Event Planners, Villas & Yachts | myCHEF","Indexable","","","","",""
"https://www.mychef.ae/referral-programme","200","Referral Programme Dubai | Give & Get AED 100 | myCHEF","Indexable","","","","",""
