"Address","Content Type","Status Code","Status","HTTP Version","Indexability","Indexability Status","Canonical Link Element 1","Meta Robots 1","Meta Robots 2","X-Robots-Tag 1"
"https://www.mychef.ae/","text/html; charset=utf-8","200","OK","1.1","Indexable","","https://www.mychef.ae/","index, follow","",""
"https://www.mychef.ae/terms","text/html; charset=utf-8","200","OK","1.1","Non-Indexable","noindex","https://www.mychef.ae/terms","index, follow","noindex, nofollow",""
"https://www.mychef.ae/private-chef-prices-dubai","text/html; charset=utf-8","200","OK","1.1","Indexable","","https://www.mychef.ae/private-chef-prices-dubai","index, follow","",""
"https://www.mychef.ae/wedding-catering-menu-planning-dubai?utm_source=mychef.ae&utm_medium=home_guides_teaser&utm_campaign=home","text/html; charset=utf-8","200","OK","1.1","Non-Indexable","Canonicalised","https://www.mychef.ae/wedding-catering-menu-planning-dubai","index, follow","",""
"https://www.mychef.ae/faq","text/html; charset=utf-8","200","OK","1.1","Indexable","","https://www.mychef.ae/faq","index, follow","",""
"https://www.mychef.ae/corporate-event-catering-dubai","text/html; charset=utf-8","200","OK","1.1","Indexable","","https://www.mychef.ae/corporate-event-catering-dubai","index, follow","",""
"https://www.mychef.ae/private-chef-vs-catering-dubai","text/html; charset=utf-8","200","OK","1.1","Indexable","","https://www.mychef.ae/private-chef-vs-catering-dubai","index, follow","",""
"https://www.mychef.ae/locations/jlt","text/html; charset=utf-8","200","OK","1.1","Indexable","","https://www.mychef.ae/locations/jlt","index, follow","",""
"https://www.mychef.ae/catering-cost-calculator-dubai","text/html; charset=utf-8","200","OK","1.1","Indexable","","https://www.mychef.ae/catering-cost-calculator-dubai","index, follow","",""
"https://www.mychef.ae/ramadan-catering-guide-dubai","text/html; charset=utf-8","200","OK","1.1","Indexable","","https://www.mychef.ae/ramadan-catering-guide-dubai","index, follow","",""
"https://www.mychef.ae/about","text/html; charset=utf-8","200","OK","1.1","Indexable","","https://www.mychef.ae/about","index, follow","",""
"https://www.mychef.ae/team-head-chef.webp","image/webp","200","OK","1.1","Indexable","","","","",""
"https://www.mychef.ae/locations/umm-suqeim","text/html; charset=utf-8","200","OK","1.1","Indexable","","https://www.mychef.ae/locations/umm-suqeim","index, follow","",""
"https://www.mychef.ae/locations/dubai-marina","text/html; charset=utf-8","200","OK","1.1","Indexable","","https://www.mychef.ae/locations/dubai-marina","index, follow","",""
"https://www.mychef.ae/full-time-private-chef-dubai","text/html; charset=utf-8","200","OK","1.1","Indexable","","https://www.mychef.ae/full-time-private-chef-dubai","index, follow","",""
"https://www.mychef.ae/blog/wedding-catering-cost-dubai","text/html; charset=utf-8","200","OK","1.1","Indexable","","https://www.mychef.ae/blog/wedding-catering-cost-dubai","index, follow","",""
"https://www.mychef.ae/venue-partners","text/html; charset=utf-8","200","OK","1.1","Indexable","","https://www.mychef.ae/venue-partners","index, follow","",""
"https://www.mychef.ae/wedding-catering-checklist-dubai","text/html; charset=utf-8","200","OK","1.1","Indexable","","https://www.mychef.ae/wedding-catering-checklist-dubai","index, follow","",""
"https://www.mychef.ae/buffet-vs-plated-dubai","text/html; charset=utf-8","200","OK","1.1","Indexable","","https://www.mychef.ae/buffet-vs-plated-dubai","index, follow","",""
"https://www.mychef.ae/blog","text/html; charset=utf-8","200","OK","1.1","Indexable","","https://www.mychef.ae/blog","index, follow","",""
"https://www.mychef.ae/corporate","text/html; charset=utf-8","200","OK","1.1","Indexable","","https://www.mychef.ae/corporate","index, follow","",""
"https://www.mychef.ae/press","text/html; charset=utf-8","200","OK","1.1","Indexable","","https://www.mychef.ae/press","index, follow","",""
"https://www.mychef.ae/dubai-food-trends-report-2026?utm_source=mychef.ae&utm_medium=home_guides_teaser&utm_campaign=home","text/html; charset=utf-8","200","OK","1.1","Non-Indexable","Canonicalised","https://www.mychef.ae/dubai-food-trends-report-2026","index, follow","",""
"https://www.mychef.ae/luxury-dining-experiences","text/html; charset=utf-8","200","OK","1.1","Indexable","","https://www.mychef.ae/luxury-dining-experiences","index, follow","",""
"https://www.mychef.ae/private-party-catering-dubai","text/html; charset=utf-8","200","OK","1.1","Indexable","","https://www.mychef.ae/private-party-catering-dubai","index, follow","",""
"https://www.mychef.ae/contact","text/html; charset=utf-8","200","OK","1.1","Indexable","","https://www.mychef.ae/contact","index, follow","",""
"https://www.mychef.ae/catering","text/html; charset=utf-8","200","OK","1.1","Non-Indexable","Canonicalised","https://www.mychef.ae/","index, follow","",""
"https://www.mychef.ae/locations/jvc","text/html; charset=utf-8","200","OK","1.1","Indexable","","https://www.mychef.ae/locations/jvc","index, follow","",""
"https://www.mychef.ae/locations/dubai-hills","text/html; charset=utf-8","200","OK","1.1","Indexable","","https://www.mychef.ae/locations/dubai-hills","index, follow","",""
"https://www.mychef.ae/desert-dining-dubai","text/html; charset=utf-8","200","OK","1.1","Indexable","","https://www.mychef.ae/desert-dining-dubai","index, follow","",""
"https://www.mychef.ae/dubai-food-trends-report-2026","text/html; charset=utf-8","200","OK","1.1","Indexable","","https://www.mychef.ae/dubai-food-trends-report-2026","index, follow","",""
"https://www.mychef.ae/loc-palm-jumeirah.webp","image/webp","200","OK","1.1","Indexable","","","","",""
"https://www.mychef.ae/private-jet-catering-dubai","text/html; charset=utf-8","200","OK","1.1","Indexable","","https://www.mychef.ae/private-jet-catering-dubai","index, follow","",""
"https://www.mychef.ae/menus","text/html; charset=utf-8","200","OK","1.1","Indexable","","https://www.mychef.ae/menus","index, follow","",""
"https://www.mychef.ae/private-chef-dubai","text/html; charset=utf-8","200","OK","1.1","Indexable","","https://www.mychef.ae/private-chef-dubai","index, follow","",""
"https://www.mychef.ae/corporate-catering-checklist-dubai","text/html; charset=utf-8","200","OK","1.1","Indexable","","https://www.mychef.ae/corporate-catering-checklist-dubai","index, follow","",""
"https://www.mychef.ae/loc-jbr.webp","image/webp","200","OK","1.1","Indexable","","","","",""
"https://www.mychef.ae/dubai-event-catering-price-guide-2026?utm_source=mychef.ae&utm_medium=home_guides_teaser&utm_campaign=home","text/html; charset=utf-8","200","OK","1.1","Non-Indexable","Canonicalised","https://www.mychef.ae/dubai-event-catering-price-guide-2026","index, follow","",""
"https://www.mychef.ae/how-to-choose-caterer-dubai","text/html; charset=utf-8","200","OK","1.1","Indexable","","https://www.mychef.ae/how-to-choose-caterer-dubai","index, follow","",""
"https://www.mychef.ae/images/yacht-catering-dubai-hero.webp","image/webp","200","OK","1.1","Indexable","","","","",""
"https://www.mychef.ae/events","text/html; charset=utf-8","200","OK","1.1","Indexable","","https://www.mychef.ae/events","index, follow","",""
"https://www.mychef.ae/loc-dubai-marina.webp","image/webp","200","OK","1.1","Indexable","","","","",""
"https://www.mychef.ae/how-it-works","text/html; charset=utf-8","200","OK","1.1","Indexable","","https://www.mychef.ae/how-it-works","index, follow","",""
"https://www.mychef.ae/locations/difc","text/html; charset=utf-8","200","OK","1.1","Indexable","","https://www.mychef.ae/locations/difc","index, follow","",""
"https://www.mychef.ae/dubai-catering-prices-guide","text/html; charset=utf-8","200","OK","1.1","Indexable","","https://www.mychef.ae/dubai-catering-prices-guide","index, follow","",""
"https://www.mychef.ae/loc-downtown.webp","image/webp","200","OK","1.1","Indexable","","","","",""
"https://www.mychef.ae/villas-private-residences","text/html; charset=utf-8","200","OK","1.1","Indexable","","https://www.mychef.ae/villas-private-residences","index, follow","",""
"https://www.mychef.ae/locations/jumeirah","text/html; charset=utf-8","200","OK","1.1","Indexable","","https://www.mychef.ae/locations/jumeirah","index, follow","",""
"https://www.mychef.ae/locations/business-bay","text/html; charset=utf-8","200","OK","1.1","Indexable","","https://www.mychef.ae/locations/business-bay","index, follow","",""
"https://www.mychef.ae/wedding-catering-dubai","text/html; charset=utf-8","200","OK","1.1","Indexable","","https://www.mychef.ae/wedding-catering-dubai","index, follow","",""
"https://www.mychef.ae/locations/downtown-dubai","text/html; charset=utf-8","200","OK","1.1","Indexable","","https://www.mychef.ae/locations/downtown-dubai","index, follow","",""
"https://www.mychef.ae/cuisines-dubai","text/html; charset=utf-8","200","OK","1.1","Indexable","","https://www.mychef.ae/cuisines-dubai","index, follow","",""
"https://www.mychef.ae/images/catering-dubai-hero.webp","image/webp","200","OK","1.1","Indexable","","","","",""
"https://www.mychef.ae/_vercel/insights/script.js","application/javascript; charset=utf-8","200","OK","1.1","Indexable","","","","",""
"https://www.mychef.ae/images/home-hero.webp","image/webp","200","OK","1.1","Indexable","","","","",""
"https://www.mychef.ae/booking-protection-insurance","text/html; charset=utf-8","200","OK","1.1","Indexable","","https://www.mychef.ae/booking-protection-insurance","index, follow","",""
"https://www.mychef.ae/partner-with-us","text/html; charset=utf-8","200","OK","1.1","Indexable","","https://www.mychef.ae/partner-with-us","index, follow","",""
"https://www.mychef.ae/locations/emirates-hills","text/html; charset=utf-8","200","OK","1.1","Indexable","","https://www.mychef.ae/locations/emirates-hills","index, follow","",""
"https://www.mychef.ae/tourist-villa-chef-dubai","text/html; charset=utf-8","200","OK","1.1","Indexable","","https://www.mychef.ae/tourist-villa-chef-dubai","index, follow","",""
"https://www.mychef.ae/yacht-catering-checklist-dubai?utm_source=mychef.ae&utm_medium=home_guides_teaser&utm_campaign=home","text/html; charset=utf-8","200","OK","1.1","Non-Indexable","Canonicalised","https://www.mychef.ae/yacht-catering-checklist-dubai","index, follow","",""
"https://www.mychef.ae/weekly-meal-prep-dubai?utm_source=mychef.ae&utm_medium=starter_package_card&utm_campaign=home","text/html; charset=utf-8","200","OK","1.1","Non-Indexable","Canonicalised","https://www.mychef.ae/weekly-meal-prep-dubai","index, follow","",""
"https://www.mychef.ae/yachts","text/html; charset=utf-8","200","OK","1.1","Indexable","","https://www.mychef.ae/yachts","index, follow","",""
"https://www.mychef.ae/luxury-dinner-planning-guide-dubai","text/html; charset=utf-8","200","OK","1.1","Indexable","","https://www.mychef.ae/luxury-dinner-planning-guide-dubai","index, follow","",""
"https://www.mychef.ae/tasting-menu-dubai","text/html; charset=utf-8","200","OK","1.1","Indexable","","https://www.mychef.ae/tasting-menu-dubai","index, follow","",""
"https://www.mychef.ae/wedding-catering-menu-planning-dubai","text/html; charset=utf-8","200","OK","1.1","Indexable","","https://www.mychef.ae/wedding-catering-menu-planning-dubai","index, follow","",""
"https://www.mychef.ae/villa-catering-ideas-dubai","text/html; charset=utf-8","200","OK","1.1","Indexable","","https://www.mychef.ae/villa-catering-ideas-dubai","index, follow","",""
"https://www.mychef.ae/images/chef-avatar.webp","image/webp","200","OK","1.1","Indexable","","","","",""
"https://www.mychef.ae/gift-cards","text/html; charset=utf-8","200","OK","1.1","Indexable","","https://www.mychef.ae/gift-cards","index, follow","",""
"https://www.mychef.ae/site-map","text/html; charset=utf-8","200","OK","1.1","Non-Indexable","noindex","https://www.mychef.ae/site-map","index, follow","noindex, nofollow",""
"https://www.mychef.ae/guides","text/html; charset=utf-8","200","OK","1.1","Indexable","","https://www.mychef.ae/guides","index, follow","",""
"https://www.mychef.ae/images/private-chef-dubai-hero.webp","image/webp","200","OK","1.1","Indexable","","","","",""
"https://www.mychef.ae/privacy-policy","text/html; charset=utf-8","200","OK","1.1","Non-Indexable","noindex","https://www.mychef.ae/privacy-policy","index, follow","noindex, nofollow",""
"https://www.mychef.ae/review","text/html; charset=utf-8","200","OK","1.1","Non-Indexable","noindex","https://www.mychef.ae/review","index, follow","noindex, nofollow",""
"https://www.mychef.ae/birthday-catering-dubai","text/html; charset=utf-8","200","OK","1.1","Indexable","","https://www.mychef.ae/birthday-catering-dubai","index, follow","",""
"https://www.mychef.ae/guides?utm_source=mychef.ae&utm_medium=home_guides_teaser&utm_campaign=home","text/html; charset=utf-8","200","OK","1.1","Non-Indexable","Canonicalised","https://www.mychef.ae/guides","index, follow","",""
"https://www.mychef.ae/halal-private-dining-dubai","text/html; charset=utf-8","200","OK","1.1","Indexable","","https://www.mychef.ae/halal-private-dining-dubai","index, follow","",""
"https://www.mychef.ae/loc-difc.webp","image/webp","200","OK","1.1","Indexable","","","","",""
"https://www.mychef.ae/weekly-meal-prep-dubai","text/html; charset=utf-8","200","OK","1.1","Indexable","","https://www.mychef.ae/weekly-meal-prep-dubai","index, follow","",""
"https://www.mychef.ae/romantic-dinner-dubai","text/html; charset=utf-8","200","OK","1.1","Indexable","","https://www.mychef.ae/romantic-dinner-dubai","index, follow","",""
"https://www.mychef.ae/drop-off-catering-dubai","text/html; charset=utf-8","200","OK","1.1","Indexable","","https://www.mychef.ae/drop-off-catering-dubai","index, follow","",""
"https://www.mychef.ae/catering-dubai","text/html; charset=utf-8","200","OK","1.1","Indexable","","https://www.mychef.ae/catering-dubai","index, follow","",""
"https://www.mychef.ae/how-we-vet-our-chefs","text/html; charset=utf-8","200","OK","1.1","Indexable","","https://www.mychef.ae/how-we-vet-our-chefs","index, follow","",""
"https://www.mychef.ae/locations/jbr","text/html; charset=utf-8","200","OK","1.1","Indexable","","https://www.mychef.ae/locations/jbr","index, follow","",""
"https://www.mychef.ae/locations/palm-jumeirah","text/html; charset=utf-8","200","OK","1.1","Indexable","","https://www.mychef.ae/locations/palm-jumeirah","index, follow","",""
"https://www.mychef.ae/vip-club","text/html; charset=utf-8","200","OK","1.1","Indexable","","https://www.mychef.ae/vip-club","index, follow","",""
"https://www.mychef.ae/catering-packages-dubai","text/html; charset=utf-8","200","OK","1.1","Indexable","","https://www.mychef.ae/catering-packages-dubai","index, follow","",""
"https://www.mychef.ae/assets/index-DVsGyhMu.css","text/css; charset=utf-8","200","OK","1.1","Indexable","","","","",""
"https://www.mychef.ae/case-studies","text/html; charset=utf-8","200","OK","1.1","Indexable","","https://www.mychef.ae/case-studies","index, follow","",""
"https://www.mychef.ae/assets/index-Bfe4hHX9.js","application/javascript; charset=utf-8","200","OK","1.1","Indexable","","","","",""
"https://www.mychef.ae/our-chefs","text/html; charset=utf-8","200","OK","1.1","Indexable","","https://www.mychef.ae/our-chefs","index, follow","",""
"https://www.mychef.ae/locations/arabian-ranches","text/html; charset=utf-8","200","OK","1.1","Indexable","","https://www.mychef.ae/locations/arabian-ranches","index, follow","",""
"https://www.mychef.ae/locations/bluewaters-island","text/html; charset=utf-8","200","OK","1.1","Indexable","","https://www.mychef.ae/locations/bluewaters-island","index, follow","",""
"https://www.mychef.ae/locations","text/html; charset=utf-8","200","OK","1.1","Indexable","","https://www.mychef.ae/locations","index, follow","",""
"https://www.mychef.ae/loc-emirates-hills.webp","image/webp","200","OK","1.1","Indexable","","","","",""
"https://www.mychef.ae/gallery","text/html; charset=utf-8","200","OK","1.1","Indexable","","https://www.mychef.ae/gallery","index, follow","",""
"https://www.mychef.ae/yacht-catering-guide-dubai","text/html; charset=utf-8","200","OK","1.1","Indexable","","https://www.mychef.ae/yacht-catering-guide-dubai","index, follow","",""
"https://www.mychef.ae/locations/al-barsha","text/html; charset=utf-8","200","OK","1.1","Indexable","","https://www.mychef.ae/locations/al-barsha","index, follow","",""
"https://www.mychef.ae/private-cooking-classes-dubai","text/html; charset=utf-8","200","OK","1.1","Indexable","","https://www.mychef.ae/private-cooking-classes-dubai","index, follow","",""
"https://www.mychef.ae/part-time-private-chef-dubai","text/html; charset=utf-8","200","OK","1.1","Indexable","","https://www.mychef.ae/part-time-private-chef-dubai","index, follow","",""
"https://www.mychef.ae/blog/corporate-catering-full-service-vs-drop-off","text/html; charset=utf-8","200","OK","1.1","Indexable","","https://www.mychef.ae/blog/corporate-catering-full-service-vs-drop-off","index, follow","",""
"https://www.mychef.ae/blog/best-private-chef-birthday-dinner-dubai","text/html; charset=utf-8","200","OK","1.1","Indexable","","https://www.mychef.ae/blog/best-private-chef-birthday-dinner-dubai","index, follow","",""
"https://www.mychef.ae/graduation-catering-dubai","text/html; charset=utf-8","200","OK","1.1","Indexable","","https://www.mychef.ae/graduation-catering-dubai","index, follow","",""
"https://www.mychef.ae/images/bbq-catering-dubai-hero.webp","image/webp","200","OK","1.1","Indexable","","","","",""
"https://www.mychef.ae/images/blog/how-to-hire-a-private-chef-dubai-hero.webp","image/webp","200","OK","1.1","Indexable","","","","",""
"https://www.mychef.ae/kids-nutrition-chef-dubai","text/html; charset=utf-8","200","OK","1.1","Indexable","","https://www.mychef.ae/kids-nutrition-chef-dubai","index, follow","",""
"https://www.mychef.ae/fitness-meal-prep-dubai","text/html; charset=utf-8","200","OK","1.1","Indexable","","https://www.mychef.ae/fitness-meal-prep-dubai","index, follow","",""
"https://www.mychef.ae/sugar-free-catering-dubai","text/html; charset=utf-8","200","OK","1.1","Indexable","","https://www.mychef.ae/sugar-free-catering-dubai","index, follow","",""
"https://www.mychef.ae/blog/topic/menus-dietary","text/html; charset=utf-8","200","OK","1.1","Indexable","","https://www.mychef.ae/blog/topic/menus-dietary","index, follow","",""
"https://www.mychef.ae/staff-meals-catering-dubai","text/html; charset=utf-8","200","OK","1.1","Indexable","","https://www.mychef.ae/staff-meals-catering-dubai","index, follow","",""
"https://www.mychef.ae/mystery-dining-dubai","text/html; charset=utf-8","200","OK","1.1","Indexable","","https://www.mychef.ae/mystery-dining-dubai","index, follow","",""
"https://www.mychef.ae/blog/topic/celebrations","text/html; charset=utf-8","200","OK","1.1","Indexable","","https://www.mychef.ae/blog/topic/celebrations","index, follow","",""
"https://www.mychef.ae/images/mychef-household-plan-consultation.webp","image/webp","200","OK","1.1","Indexable","","","","",""
"https://www.mychef.ae/locations/jumeirah-islands","text/html; charset=utf-8","200","OK","1.1","Non-Indexable","Canonicalised","https://www.mychef.ae/","index, follow","",""
"https://www.mychef.ae/private-chef-dubai/our-chefs","text/html; charset=utf-8","200","OK","1.1","Non-Indexable","Canonicalised","https://www.mychef.ae/","index, follow","",""
"https://www.mychef.ae/images/case-studies-hero.webp","image/webp","200","OK","1.1","Indexable","","","","",""
"https://www.mychef.ae/team-sous-chef.webp","image/webp","200","OK","1.1","Indexable","","","","",""
"https://www.mychef.ae/process-1.webp","image/webp","200","OK","1.1","Indexable","","","","",""
"https://www.mychef.ae/images/diwali-catering-dubai-hero.webp","image/webp","200","OK","1.1","Indexable","","","","",""
"https://www.mychef.ae/images/blog/wedding-catering-cost-dubai-2.webp","image/webp","200","OK","1.1","Indexable","","","","",""
"https://www.mychef.ae/chefs/ahmed-executive-chef","text/html; charset=utf-8","200","OK","1.1","Indexable","","https://www.mychef.ae/chefs/ahmed-executive-chef","index, follow","",""
"https://www.mychef.ae/partners/yacht-charters-dubai","text/html; charset=utf-8","200","OK","1.1","Indexable","","https://www.mychef.ae/partners/yacht-charters-dubai","index, follow","",""
"https://www.mychef.ae/images/beach-catering-dubai-hero.webp","image/webp","200","OK","1.1","Indexable","","","","",""
"https://www.mychef.ae/images/party-catering-dubai-hero.webp","image/webp","200","OK","1.1","Indexable","","","","",""
"https://www.mychef.ae/menu-canapes.webp","image/webp","200","OK","1.1","Indexable","","","","",""
"https://www.mychef.ae/images/how-it-works-dubai-hero.webp","image/webp","200","OK","1.1","Indexable","","","","",""
"https://www.mychef.ae/images/blog/brunch-at-home-dubai-hero.webp","image/webp","200","OK","1.1","Indexable","","","","",""
"https://www.mychef.ae/farewell-catering-dubai","text/html; charset=utf-8","200","OK","1.1","Indexable","","https://www.mychef.ae/farewell-catering-dubai","index, follow","",""
"https://www.mychef.ae/private-chef-dubai/quality-training","text/html; charset=utf-8","200","OK","1.1","Non-Indexable","noindex","https://www.mychef.ae/private-chef-dubai/quality-training","index, follow","noindex, nofollow",""
"https://www.mychef.ae/images/about-mychef-dubai-hero.webp","image/webp","200","OK","1.1","Indexable","","","","",""
"https://www.mychef.ae/eid-catering-dubai","text/html; charset=utf-8","200","OK","1.1","Indexable","","https://www.mychef.ae/eid-catering-dubai","index, follow","",""
"https://www.mychef.ae/conference-catering-dubai","text/html; charset=utf-8","200","OK","1.1","Indexable","","https://www.mychef.ae/conference-catering-dubai","index, follow","",""
"https://www.mychef.ae/blog/corporate-event-catering-ideas-dubai","text/html; charset=utf-8","200","OK","1.1","Indexable","","https://www.mychef.ae/blog/corporate-event-catering-ideas-dubai","index, follow","",""
"https://www.mychef.ae/best-catering-companies-dubai","text/html; charset=utf-8","200","OK","1.1","Indexable","","https://www.mychef.ae/best-catering-companies-dubai","index, follow","",""
"https://www.mychef.ae/images/private-chef-dubai-why-independent.webp","image/webp","200","OK","1.1","Indexable","","","","",""
"https://www.mychef.ae/pool-party-catering-dubai","text/html; charset=utf-8","200","OK","1.1","Indexable","","https://www.mychef.ae/pool-party-catering-dubai","index, follow","",""
"https://www.mychef.ae/case-studies/corporate-gala-dinner-downtown-dubai","text/html; charset=utf-8","200","OK","1.1","Non-Indexable","Canonicalised","https://www.mychef.ae/","index, follow","",""
"https://www.mychef.ae/images/locations-dubai-hero.webp","image/webp","200","OK","1.1","Indexable","","","","",""
"https://www.mychef.ae/afternoon-tea-catering-dubai","text/html; charset=utf-8","200","OK","1.1","Indexable","","https://www.mychef.ae/afternoon-tea-catering-dubai","index, follow","",""
"https://www.mychef.ae/corporate-meal-prep-dubai","text/html; charset=utf-8","200","OK","1.1","Indexable","","https://www.mychef.ae/corporate-meal-prep-dubai","index, follow","",""
"https://www.mychef.ae/locations/mirdif","text/html; charset=utf-8","200","OK","1.1","Non-Indexable","Canonicalised","https://www.mychef.ae/","index, follow","",""
"https://www.mychef.ae/images/catering-packages-dubai-hero.webp","image/webp","200","OK","1.1","Indexable","","","","",""
"https://www.mychef.ae/service-private-chef.webp","image/webp","200","OK","1.1","Indexable","","","","",""
"https://www.mychef.ae/blog/private-chef-palm-jumeirah-guide","text/html; charset=utf-8","200","OK","1.1","Indexable","","https://www.mychef.ae/blog/private-chef-palm-jumeirah-guide","index, follow","",""
"https://www.mychef.ae/blog/yacht-party-menu-ideas-dubai","text/html; charset=utf-8","200","OK","1.1","Indexable","","https://www.mychef.ae/blog/yacht-party-menu-ideas-dubai","index, follow","",""
"https://www.mychef.ae/bar-services-dubai","text/html; charset=utf-8","200","OK","1.1","Indexable","","https://www.mychef.ae/bar-services-dubai","index, follow","",""
"https://www.mychef.ae/anniversary-catering-dubai","text/html; charset=utf-8","200","OK","1.1","Indexable","","https://www.mychef.ae/anniversary-catering-dubai","index, follow","",""
"https://www.mychef.ae/chefs/marco-italian-chef","text/html; charset=utf-8","200","OK","1.1","Indexable","","https://www.mychef.ae/chefs/marco-italian-chef","index, follow","",""
"https://www.mychef.ae/quality-guarantee-dubai","text/html; charset=utf-8","200","OK","1.1","Indexable","","https://www.mychef.ae/quality-guarantee-dubai","index, follow","",""
"https://www.mychef.ae/images/blog/yacht-party-menu-ideas-dubai-hero.webp","image/webp","200","OK","1.1","Indexable","","","","",""
"https://www.mychef.ae/images/faq-dubai-hero.webp","image/webp","200","OK","1.1","Indexable","","","","",""
"https://www.mychef.ae/weekly-meal-prep-dubai?utm_source=mychef.ae&utm_medium=starter_package_card&utm_campaign=catering-packages-dubai","text/html; charset=utf-8","200","OK","1.1","Non-Indexable","Canonicalised","https://www.mychef.ae/weekly-meal-prep-dubai","index, follow","",""
"https://www.mychef.ae/menu-seafood.webp","image/webp","200","OK","1.1","Indexable","","","","",""
"https://www.mychef.ae/italian-catering-dubai","text/html; charset=utf-8","200","OK","1.1","Indexable","","https://www.mychef.ae/italian-catering-dubai","index, follow","",""
"https://www.mychef.ae/images/canape-catering-dubai-hero.webp","image/webp","200","OK","1.1","Indexable","","","","",""
"https://www.mychef.ae/blog/topic/outdoor","text/html; charset=utf-8","200","OK","1.1","Indexable","","https://www.mychef.ae/blog/topic/outdoor","index, follow","",""
"https://www.mychef.ae/case-studies/product-launch-difc","text/html; charset=utf-8","200","OK","1.1","Non-Indexable","Canonicalised","https://www.mychef.ae/","index, follow","",""
"https://www.mychef.ae/production-catering-dubai","text/html; charset=utf-8","200","OK","1.1","Indexable","","https://www.mychef.ae/production-catering-dubai","index, follow","",""
"https://www.mychef.ae/allergy-safe-catering-dubai","text/html; charset=utf-8","200","OK","1.1","Indexable","","https://www.mychef.ae/allergy-safe-catering-dubai","index, follow","",""
"https://www.mychef.ae/guide/private-dining-dubai","text/html; charset=utf-8","200","OK","1.1","Indexable","","https://www.mychef.ae/guide/private-dining-dubai","index, follow","",""
"https://www.mychef.ae/images/gift-cards-hero.webp","image/webp","200","OK","1.1","Indexable","","","","",""
"https://www.mychef.ae/blog/how-far-ahead-book-caterer-dubai","text/html; charset=utf-8","200","OK","1.1","Indexable","","https://www.mychef.ae/blog/how-far-ahead-book-caterer-dubai","index, follow","",""
"https://www.mychef.ae/birthday-catering-package-dubai","text/html; charset=utf-8","200","OK","1.1","Indexable","","https://www.mychef.ae/birthday-catering-package-dubai","index, follow","",""
"https://www.mychef.ae/iftar-catering-dubai","text/html; charset=utf-8","200","OK","1.1","Indexable","","https://www.mychef.ae/iftar-catering-dubai","index, follow","",""
"https://www.mychef.ae/images/indian-catering-dubai-hero.webp","image/webp","200","OK","1.1","Indexable","","","","",""
"https://www.mychef.ae/blog/private-chef-vs-restaurant-dubai","text/html; charset=utf-8","200","OK","1.1","Indexable","","https://www.mychef.ae/blog/private-chef-vs-restaurant-dubai","index, follow","",""
"https://www.mychef.ae/valentines-day-catering-dubai","text/html; charset=utf-8","200","OK","1.1","Indexable","","https://www.mychef.ae/valentines-day-catering-dubai","index, follow","",""
"https://www.mychef.ae/cocktail-party-catering-dubai","text/html; charset=utf-8","200","OK","1.1","Indexable","","https://www.mychef.ae/cocktail-party-catering-dubai","index, follow","",""
"https://www.mychef.ae/postpartum-meal-prep-dubai","text/html; charset=utf-8","200","OK","1.1","Indexable","","https://www.mychef.ae/postpartum-meal-prep-dubai","index, follow","",""
"https://www.mychef.ae/images/blog/ramadan-iftar-catering-trends-2026-hero.webp","image/webp","200","OK","1.1","Indexable","","","","",""
"https://www.mychef.ae/blog/desert-dinner-party-dubai","text/html; charset=utf-8","200","OK","1.1","Indexable","","https://www.mychef.ae/blog/desert-dinner-party-dubai","index, follow","",""
"https://www.mychef.ae/team-pastry-chef.webp","image/webp","200","OK","1.1","Indexable","","","","",""
"https://www.mychef.ae/service-yacht.webp","image/webp","200","OK","1.1","Indexable","","","","",""
"https://www.mychef.ae/chefs/layla-middle-eastern-chef","text/html; charset=utf-8","200","OK","1.1","Indexable","","https://www.mychef.ae/chefs/layla-middle-eastern-chef","index, follow","",""
"https://www.mychef.ae/arabic-catering-dubai","text/html; charset=utf-8","200","OK","1.1","Indexable","","https://www.mychef.ae/arabic-catering-dubai","index, follow","",""
"https://www.mychef.ae/images/wedding-menu-planning-guide-hero.webp","image/webp","200","OK","1.1","Indexable","","","","",""
"https://www.mychef.ae/images/blog/weekly-meal-prep-vs-full-time-chef-dubai-hero.webp","image/webp","200","OK","1.1","Indexable","","","","",""
"https://www.mychef.ae/menu-cocktails.webp","image/webp","200","OK","1.1","Indexable","","","","",""
"https://www.mychef.ae/apartment-private-dining-dubai","text/html; charset=utf-8","200","OK","1.1","Indexable","","https://www.mychef.ae/apartment-private-dining-dubai","index, follow","",""
"https://www.mychef.ae/locations/dubai-internet-city","text/html; charset=utf-8","200","OK","1.1","Non-Indexable","Canonicalised","https://www.mychef.ae/","index, follow","",""
"https://www.mychef.ae/service-corporate.webp","image/webp","200","OK","1.1","Indexable","","","","",""
"https://www.mychef.ae/images/blog/corporate-event-catering-ideas-dubai-hero.webp","image/webp","200","OK","1.1","Indexable","","","","",""
"https://www.mychef.ae/picnic-catering-dubai","text/html; charset=utf-8","200","OK","1.1","Indexable","","https://www.mychef.ae/picnic-catering-dubai","index, follow","",""
"https://www.mychef.ae/vip-club?utm_source=mychef.ae&utm_medium=banner&utm_campaign=weekly-meal-prep-dubai","text/html; charset=utf-8","200","OK","1.1","Non-Indexable","Canonicalised","https://www.mychef.ae/vip-club","index, follow","",""
"https://www.mychef.ae/trust-and-programs","text/html; charset=utf-8","200","OK","1.1","Indexable","","https://www.mychef.ae/trust-and-programs","index, follow","",""
"https://www.mychef.ae/office-catering-dubai","text/html; charset=utf-8","200","OK","1.1","Indexable","","https://www.mychef.ae/office-catering-dubai","index, follow","",""
"https://www.mychef.ae/service-luxury-dining.webp","image/webp","200","OK","1.1","Indexable","","","","",""
"https://www.mychef.ae/images/luxury-dining-dubai-hero.webp","image/webp","200","OK","1.1","Indexable","","","","",""
"https://www.mychef.ae/blog/weekly-meal-prep-vs-full-time-chef-dubai","text/html; charset=utf-8","200","OK","1.1","Indexable","","https://www.mychef.ae/blog/weekly-meal-prep-vs-full-time-chef-dubai","index, follow","",""
"https://www.mychef.ae/images/tasting-menu-dubai-hero.webp","image/webp","200","OK","1.1","Indexable","","","","",""
"https://www.mychef.ae/mocktail-bar-catering-dubai","text/html; charset=utf-8","200","OK","1.1","Indexable","","https://www.mychef.ae/mocktail-bar-catering-dubai","index, follow","",""
"https://www.mychef.ae/images/mychef-dubai-blog-hero.webp","image/webp","200","OK","1.1","Indexable","","","","",""
"https://www.mychef.ae/case-studies/family-eid-gathering-arabian-ranches","text/html; charset=utf-8","200","OK","1.1","Non-Indexable","Canonicalised","https://www.mychef.ae/","index, follow","",""
"https://www.mychef.ae/testimonial-corporate.webp","image/webp","200","OK","1.1","Indexable","","","","",""
"https://www.mychef.ae/product-launch-catering-dubai","text/html; charset=utf-8","200","OK","1.1","Indexable","","https://www.mychef.ae/product-launch-catering-dubai","index, follow","",""
"https://www.mychef.ae/business-lunch-catering-dubai","text/html; charset=utf-8","200","OK","1.1","Indexable","","https://www.mychef.ae/business-lunch-catering-dubai","index, follow","",""
"https://www.mychef.ae/images/private-cooking-classes-dubai-hero.webp","image/webp","200","OK","1.1","Indexable","","","","",""
"https://www.mychef.ae/images/guides-hub-dubai-hero.webp","image/webp","200","OK","1.1","Indexable","","","","",""
"https://www.mychef.ae/images/blog/vegan-catering-dubai-guide-hero.webp","image/webp","200","OK","1.1","Indexable","","","","",""
"https://www.mychef.ae/blog/topic/corporate","text/html; charset=utf-8","200","OK","1.1","Indexable","","https://www.mychef.ae/blog/topic/corporate","index, follow","",""
"https://www.mychef.ae/private-dining-dubai","text/html; charset=utf-8","200","OK","1.1","Non-Indexable","Canonicalised","https://www.mychef.ae/","index, follow","",""
"https://www.mychef.ae/images/blog/wedding-catering-cost-dubai-hero.webp","image/webp","200","OK","1.1","Indexable","","","","",""
"https://www.mychef.ae/blog/iftar-at-home-dubai","text/html; charset=utf-8","200","OK","1.1","Indexable","","https://www.mychef.ae/blog/iftar-at-home-dubai","index, follow","",""
"https://www.mychef.ae/holi-catering-dubai","text/html; charset=utf-8","200","OK","1.1","Indexable","","https://www.mychef.ae/holi-catering-dubai","index, follow","",""
"https://www.mychef.ae/images/blog/desert-dinner-party-dubai-hero.webp","image/webp","200","OK","1.1","Indexable","","","","",""
"https://www.mychef.ae/reunion-catering-dubai","text/html; charset=utf-8","200","OK","1.1","Indexable","","https://www.mychef.ae/reunion-catering-dubai","index, follow","",""
"https://www.mychef.ae/partners/concierge-services-dubai","text/html; charset=utf-8","200","OK","1.1","Indexable","","https://www.mychef.ae/partners/concierge-services-dubai","index, follow","",""
"https://www.mychef.ae/vegetarian-catering-dubai","text/html; charset=utf-8","200","OK","1.1","Indexable","","https://www.mychef.ae/vegetarian-catering-dubai","index, follow","",""
"https://www.mychef.ae/images/blog/best-private-chef-birthday-dinner-dubai-hero.webp","image/webp","200","OK","1.1","Indexable","","","","",""
"https://www.mychef.ae/images/mediterranean-catering-dubai-hero.webp","image/webp","200","OK","1.1","Indexable","","","","",""
"https://www.mychef.ae/menu-mains.webp","text/html; charset=utf-8","200","OK","1.1","Non-Indexable","Canonicalised","https://www.mychef.ae/","index, follow","",""
"https://www.mychef.ae/live-cooking-stations-dubai","text/html; charset=utf-8","200","OK","1.1","Indexable","","https://www.mychef.ae/live-cooking-stations-dubai","index, follow","",""
"https://www.mychef.ae/locations/meydan","text/html; charset=utf-8","200","OK","1.1","Non-Indexable","Canonicalised","https://www.mychef.ae/","index, follow","",""
"https://www.mychef.ae/service-events.webp","image/webp","200","OK","1.1","Indexable","","","","",""
"https://www.mychef.ae/yacht-catering-checklist-dubai","text/html; charset=utf-8","200","OK","1.1","Indexable","","https://www.mychef.ae/yacht-catering-checklist-dubai","index, follow","",""
"https://www.mychef.ae/locations/dubai-harbour","text/html; charset=utf-8","200","OK","1.1","Non-Indexable","Canonicalised","https://www.mychef.ae/","index, follow","",""
"https://www.mychef.ae/baby-shower-catering-dubai","text/html; charset=utf-8","200","OK","1.1","Indexable","","https://www.mychef.ae/baby-shower-catering-dubai","index, follow","",""
"https://www.mychef.ae/proposal-dinner-dubai","text/html; charset=utf-8","200","OK","1.1","Indexable","","https://www.mychef.ae/proposal-dinner-dubai","index, follow","",""
"https://www.mychef.ae/images/romantic-dinner-dubai-hero.webp","image/webp","200","OK","1.1","Indexable","","","","",""
"https://www.mychef.ae/images/blog/how-far-ahead-book-caterer-dubai-hero.webp","image/webp","200","OK","1.1","Indexable","","","","",""
"https://www.mychef.ae/logo.svg","image/svg+xml","200","OK","1.1","Indexable","","","","",""
"https://www.mychef.ae/images/birthday-catering-dubai-hero.webp","image/webp","200","OK","1.1","Indexable","","","","",""
"https://www.mychef.ae/images/blog/wedding-catering-cost-dubai-3.webp","image/webp","200","OK","1.1","Indexable","","","","",""
"https://www.mychef.ae/case-studies/intimate-anniversary-dinner-palm-jumeirah","text/html; charset=utf-8","200","OK","1.1","Non-Indexable","Canonicalised","https://www.mychef.ae/","index, follow","",""
"https://www.mychef.ae/finger-food-catering-dubai","text/html; charset=utf-8","200","OK","1.1","Indexable","","https://www.mychef.ae/finger-food-catering-dubai","index, follow","",""
"https://www.mychef.ae/coffee-tea-service-dubai","text/html; charset=utf-8","200","OK","1.1","Indexable","","https://www.mychef.ae/coffee-tea-service-dubai","index, follow","",""
"https://www.mychef.ae/brunch-catering-dubai","text/html; charset=utf-8","200","OK","1.1","Indexable","","https://www.mychef.ae/brunch-catering-dubai","index, follow","",""
"https://www.mychef.ae/chefs-table-dubai","text/html; charset=utf-8","200","OK","1.1","Indexable","","https://www.mychef.ae/chefs-table-dubai","index, follow","",""
"https://www.mychef.ae/fodmap-catering-dubai","text/html; charset=utf-8","200","OK","1.1","Indexable","","https://www.mychef.ae/fodmap-catering-dubai","index, follow","",""
"https://www.mychef.ae/images/arabic-catering-dubai-hero.webp","image/webp","200","OK","1.1","Indexable","","","","",""
"https://www.mychef.ae/breakfast-catering-dubai","text/html; charset=utf-8","200","OK","1.1","Indexable","","https://www.mychef.ae/breakfast-catering-dubai","index, follow","",""
"https://www.mychef.ae/ramadan-catering-dubai","text/html; charset=utf-8","200","OK","1.1","Indexable","","https://www.mychef.ae/ramadan-catering-dubai","index, follow","",""
"https://www.mychef.ae/private-chef-dubai/how-it-works","text/html; charset=utf-8","200","OK","1.1","Indexable","","https://www.mychef.ae/private-chef-dubai/how-it-works","index, follow","",""
"https://www.mychef.ae/buffet-catering-dubai","text/html; charset=utf-8","200","OK","1.1","Indexable","","https://www.mychef.ae/buffet-catering-dubai","index, follow","",""
"https://www.mychef.ae/wellness-meal-prep-dubai","text/html; charset=utf-8","200","OK","1.1","Indexable","","https://www.mychef.ae/wellness-meal-prep-dubai","index, follow","",""
"https://www.mychef.ae/images/private-chef-dubai-daily-life.webp","image/webp","200","OK","1.1","Indexable","","","","",""
"https://www.mychef.ae/images/celebration-catering-dubai-hero.webp","image/webp","200","OK","1.1","Indexable","","","","",""
"https://www.mychef.ae/service-catering.webp","image/webp","200","OK","1.1","Indexable","","","","",""
"https://www.mychef.ae/images/blog/corporate-catering-full-service-vs-drop-off-hero.webp","image/webp","200","OK","1.1","Indexable","","","","",""
"https://www.mychef.ae/asian-catering-dubai","text/html; charset=utf-8","200","OK","1.1","Indexable","","https://www.mychef.ae/asian-catering-dubai","index, follow","",""
"https://www.mychef.ae/weekly-meal-prep-dubai?utm_source=mychef.ae&utm_medium=starter_package_card&utm_campaign=menus","text/html; charset=utf-8","200","OK","1.1","Non-Indexable","Canonicalised","https://www.mychef.ae/weekly-meal-prep-dubai","index, follow","",""
"https://www.mychef.ae/blog/private-chef-date-night-dubai","text/html; charset=utf-8","200","OK","1.1","Indexable","","https://www.mychef.ae/blog/private-chef-date-night-dubai","index, follow","",""
"https://www.mychef.ae/vegan-catering-dubai","text/html; charset=utf-8","200","OK","1.1","Indexable","","https://www.mychef.ae/vegan-catering-dubai","index, follow","",""
"https://www.mychef.ae/images/mychef-dubai-about-team-hero.webp","image/webp","200","OK","1.1","Indexable","","","","",""
"https://www.mychef.ae/romantic-dinner-dubai-hero.webp","text/html; charset=utf-8","200","OK","1.1","Non-Indexable","Canonicalised","https://www.mychef.ae/","index, follow","",""
"https://www.mychef.ae/images/cuisines-hub-dubai-hero.webp","image/webp","200","OK","1.1","Indexable","","","","",""
"https://www.mychef.ae/corporate-dinner-package-dubai","text/html; charset=utf-8","200","OK","1.1","Indexable","","https://www.mychef.ae/corporate-dinner-package-dubai","index, follow","",""
"https://www.mychef.ae/fathers-day-catering-dubai","text/html; charset=utf-8","200","OK","1.1","Indexable","","https://www.mychef.ae/fathers-day-catering-dubai","index, follow","",""
"https://www.mychef.ae/blog/nye-party-catering-dubai","text/html; charset=utf-8","200","OK","1.1","Indexable","","https://www.mychef.ae/blog/nye-party-catering-dubai","index, follow","",""
"https://www.mychef.ae/locations/al-barari","text/html; charset=utf-8","200","OK","1.1","Non-Indexable","Canonicalised","https://www.mychef.ae/","index, follow","",""
"https://www.mychef.ae/kids-birthday-catering-dubai","text/html; charset=utf-8","200","OK","1.1","Indexable","","https://www.mychef.ae/kids-birthday-catering-dubai","index, follow","",""
"https://www.mychef.ae/halloween-catering-dubai","text/html; charset=utf-8","200","OK","1.1","Indexable","","https://www.mychef.ae/halloween-catering-dubai","index, follow","",""
"https://www.mychef.ae/loc-jumeirah.webp","image/webp","200","OK","1.1","Indexable","","","","",""
"https://www.mychef.ae/images/private-chef-dubai-who-for.webp","image/webp","200","OK","1.1","Indexable","","","","",""
"https://www.mychef.ae/keto-catering-dubai","text/html; charset=utf-8","200","OK","1.1","Indexable","","https://www.mychef.ae/keto-catering-dubai","index, follow","",""
"https://www.mychef.ae/chef-training-academy","text/html; charset=utf-8","200","OK","1.1","Indexable","","https://www.mychef.ae/chef-training-academy","index, follow","",""
"https://www.mychef.ae/images/booking-protection-insurance-dubai-hero.webp","image/webp","200","OK","1.1","Indexable","","","","",""
"https://www.mychef.ae/process-3.webp","image/webp","200","OK","1.1","Indexable","","","","",""
"https://www.mychef.ae/images/corporate-catering-dubai-hero.webp","image/webp","200","OK","1.1","Indexable","","","","",""
"https://www.mychef.ae/images/blog/iftar-at-home-dubai-hero.webp","image/webp","200","OK","1.1","Indexable","","","","",""
"https://www.mychef.ae/gala-dinner-catering-dubai","text/html; charset=utf-8","200","OK","1.1","Indexable","","https://www.mychef.ae/gala-dinner-catering-dubai","index, follow","",""
"https://www.mychef.ae/images/halloween-catering-dubai-hero.webp","image/webp","200","OK","1.1","Indexable","","","","",""
"https://www.mychef.ae/images/office-catering-dubai-hero.webp","image/webp","200","OK","1.1","Indexable","","","","",""
"https://www.mychef.ae/festive-catering-dubai","text/html; charset=utf-8","200","OK","1.1","Indexable","","https://www.mychef.ae/festive-catering-dubai","index, follow","",""
"https://www.mychef.ae/blog/dinner-party-menu-ideas-dubai","text/html; charset=utf-8","200","OK","1.1","Indexable","","https://www.mychef.ae/blog/dinner-party-menu-ideas-dubai","index, follow","",""
"https://www.mychef.ae/luxury-dining-dubai","text/html; charset=utf-8","200","OK","1.1","Non-Indexable","Canonicalised","https://www.mychef.ae/","index, follow","",""
"https://www.mychef.ae/menu-meat.webp","image/webp","200","OK","1.1","Indexable","","","","",""
"https://www.mychef.ae/images/blog/dinner-party-menu-ideas-dubai-hero.webp","image/webp","200","OK","1.1","Indexable","","","","",""
"https://www.mychef.ae/images/weekly-meal-prep-dubai-hero.webp","image/webp","200","OK","1.1","Indexable","","","","",""
"https://www.mychef.ae/canape-catering-dubai","text/html; charset=utf-8","200","OK","1.1","Indexable","","https://www.mychef.ae/canape-catering-dubai","index, follow","",""
"https://www.mychef.ae/mothers-day-catering-dubai","text/html; charset=utf-8","200","OK","1.1","Indexable","","https://www.mychef.ae/mothers-day-catering-dubai","index, follow","",""
"https://www.mychef.ae/bbq-catering-dubai","text/html; charset=utf-8","200","OK","1.1","Indexable","","https://www.mychef.ae/bbq-catering-dubai","index, follow","",""
"https://www.mychef.ae/brand-activation-catering-dubai","text/html; charset=utf-8","200","OK","1.1","Indexable","","https://www.mychef.ae/brand-activation-catering-dubai","index, follow","",""
"https://www.mychef.ae/corporate-retainer-dubai","text/html; charset=utf-8","200","OK","1.1","Indexable","","https://www.mychef.ae/corporate-retainer-dubai","index, follow","",""
"https://www.mychef.ae/images/villa-catering-dubai-hero.webp","image/webp","200","OK","1.1","Indexable","","","","",""
"https://www.mychef.ae/sushi-catering-dubai","text/html; charset=utf-8","200","OK","1.1","Indexable","","https://www.mychef.ae/sushi-catering-dubai","index, follow","",""
"https://www.mychef.ae/pescatarian-catering-dubai","text/html; charset=utf-8","200","OK","1.1","Indexable","","https://www.mychef.ae/pescatarian-catering-dubai","index, follow","",""
"https://www.mychef.ae/oyster-bar-dubai","text/html; charset=utf-8","200","OK","1.1","Indexable","","https://www.mychef.ae/oyster-bar-dubai","index, follow","",""
"https://www.mychef.ae/christmas-catering-dubai","text/html; charset=utf-8","200","OK","1.1","Indexable","","https://www.mychef.ae/christmas-catering-dubai","index, follow","",""
"https://www.mychef.ae/grazing-table-dubai","text/html; charset=utf-8","200","OK","1.1","Indexable","","https://www.mychef.ae/grazing-table-dubai","index, follow","",""
"https://www.mychef.ae/images/blog/grazing-table-vs-buffet-dubai-hero.webp","image/webp","200","OK","1.1","Indexable","","","","",""
"https://www.mychef.ae/images/halal-private-dining-dubai-hero.webp","image/webp","200","OK","1.1","Indexable","","","","",""
"https://www.mychef.ae/menu-dessert.webp","image/webp","200","OK","1.1","Indexable","","","","",""
"https://www.mychef.ae/menu-appetizer.webp","image/webp","200","OK","1.1","Indexable","","","","",""
"https://www.mychef.ae/images/blog/halal-private-dining-dubai-what-to-ask-hero.webp","image/webp","200","OK","1.1","Indexable","","","","",""
"https://www.mychef.ae/chinese-new-year-catering-dubai","text/html; charset=utf-8","200","OK","1.1","Indexable","","https://www.mychef.ae/chinese-new-year-catering-dubai","index, follow","",""
"https://www.mychef.ae/mediterranean-catering-dubai","text/html; charset=utf-8","200","OK","1.1","Indexable","","https://www.mychef.ae/mediterranean-catering-dubai","index, follow","",""
"https://www.mychef.ae/uae-national-day-catering-dubai","text/html; charset=utf-8","200","OK","1.1","Indexable","","https://www.mychef.ae/uae-national-day-catering-dubai","index, follow","",""
"https://www.mychef.ae/locations/dubai-media-city","text/html; charset=utf-8","200","OK","1.1","Non-Indexable","Canonicalised","https://www.mychef.ae/","index, follow","",""
"https://www.mychef.ae/bachelor-party-catering-dubai","text/html; charset=utf-8","200","OK","1.1","Indexable","","https://www.mychef.ae/bachelor-party-catering-dubai","index, follow","",""
"https://www.mychef.ae/blog/how-much-does-private-chef-cost-dubai","text/html; charset=utf-8","200","OK","1.1","Indexable","","https://www.mychef.ae/blog/how-much-does-private-chef-cost-dubai","index, follow","",""
"https://www.mychef.ae/dessert-table-catering-dubai","text/html; charset=utf-8","200","OK","1.1","Indexable","","https://www.mychef.ae/dessert-table-catering-dubai","index, follow","",""
"https://www.mychef.ae/testimonial-yacht.webp","image/webp","200","OK","1.1","Indexable","","","","",""
"https://www.mychef.ae/chefs/matteo-pastry-chef","text/html; charset=utf-8","200","OK","1.1","Indexable","","https://www.mychef.ae/chefs/matteo-pastry-chef","index, follow","",""
"https://www.mychef.ae/blog/brunch-at-home-dubai","text/html; charset=utf-8","200","OK","1.1","Indexable","","https://www.mychef.ae/blog/brunch-at-home-dubai","index, follow","",""
"https://www.mychef.ae/locations/dubai-creek-harbour","text/html; charset=utf-8","200","OK","1.1","Non-Indexable","Canonicalised","https://www.mychef.ae/","index, follow","",""
"https://www.mychef.ae/images/wedding-catering-dubai-hero.webp","image/webp","200","OK","1.1","Indexable","","","","",""
"https://www.mychef.ae/process-4.webp","image/webp","200","OK","1.1","Indexable","","","","",""
"https://www.mychef.ae/exhibition-catering-dubai","text/html; charset=utf-8","200","OK","1.1","Indexable","","https://www.mychef.ae/exhibition-catering-dubai","index, follow","",""
"https://www.mychef.ae/blog/how-to-hire-a-private-chef-dubai","text/html; charset=utf-8","200","OK","1.1","Indexable","","https://www.mychef.ae/blog/how-to-hire-a-private-chef-dubai","index, follow","",""
"https://www.mychef.ae/case-studies/villa-wedding-reception-emirates-hills","text/html; charset=utf-8","200","OK","1.1","Non-Indexable","Canonicalised","https://www.mychef.ae/","index, follow","",""
"https://www.mychef.ae/images/afternoon-tea-catering-dubai-hero.webp","image/webp","200","OK","1.1","Indexable","","","","",""
"https://www.mychef.ae/event-catering-dubai","text/html; charset=utf-8","200","OK","1.1","Non-Indexable","Canonicalised","https://www.mychef.ae/","index, follow","",""
"https://www.mychef.ae/engagement-catering-dubai","text/html; charset=utf-8","200","OK","1.1","Indexable","","https://www.mychef.ae/engagement-catering-dubai","index, follow","",""
"https://www.mychef.ae/blog/vegan-catering-dubai-guide","text/html; charset=utf-8","200","OK","1.1","Indexable","","https://www.mychef.ae/blog/vegan-catering-dubai-guide","index, follow","",""
"https://www.mychef.ae/blog/halal-private-dining-dubai-what-to-ask","text/html; charset=utf-8","200","OK","1.1","Indexable","","https://www.mychef.ae/blog/halal-private-dining-dubai-what-to-ask","index, follow","",""
"https://www.mychef.ae/private-chef-dubai/privacy-security","text/html; charset=utf-8","200","OK","1.1","Non-Indexable","noindex","https://www.mychef.ae/private-chef-dubai/privacy-security","index, follow","noindex, nofollow",""
"https://www.mychef.ae/images/engagement-catering-dubai-hero.webp","image/webp","200","OK","1.1","Indexable","","","","",""
"https://www.mychef.ae/yacht-catering-dubai","text/html; charset=utf-8","200","OK","1.1","Non-Indexable","Canonicalised","https://www.mychef.ae/","index, follow","",""
"https://www.mychef.ae/locations/jumeirah-golf-estates","text/html; charset=utf-8","200","OK","1.1","Non-Indexable","Canonicalised","https://www.mychef.ae/","index, follow","",""
"https://www.mychef.ae/dubai-event-catering-price-guide-2026","text/html; charset=utf-8","200","OK","1.1","Indexable","","https://www.mychef.ae/dubai-event-catering-price-guide-2026","index, follow","",""
"https://www.mychef.ae/party-catering-dubai","text/html; charset=utf-8","200","OK","1.1","Indexable","","https://www.mychef.ae/party-catering-dubai","index, follow","",""
"https://www.mychef.ae/images/drop-off-catering-dubai-hero.webp","image/webp","200","OK","1.1","Indexable","","","","",""
"https://www.mychef.ae/images/blog/nye-party-catering-dubai-hero.webp","image/webp","200","OK","1.1","Indexable","","","","",""
"https://www.mychef.ae/images/luxury-dining-experiences-dubai-hero.webp","image/webp","200","OK","1.1","Indexable","","","","",""
"https://www.mychef.ae/beach-catering-dubai","text/html; charset=utf-8","200","OK","1.1","Indexable","","https://www.mychef.ae/beach-catering-dubai","index, follow","",""
"https://www.mychef.ae/date-night-package-dubai","text/html; charset=utf-8","200","OK","1.1","Indexable","","https://www.mychef.ae/date-night-package-dubai","index, follow","",""
"https://www.mychef.ae/images/blog/private-chef-vs-restaurant-dubai-hero.webp","image/webp","200","OK","1.1","Indexable","","","","",""
"https://www.mychef.ae/blog/topic/seasonal","text/html; charset=utf-8","200","OK","1.1","Indexable","","https://www.mychef.ae/blog/topic/seasonal","index, follow","",""
"https://www.mychef.ae/bachelorette-party-catering-dubai","text/html; charset=utf-8","200","OK","1.1","Indexable","","https://www.mychef.ae/bachelorette-party-catering-dubai","index, follow","",""
"https://www.mychef.ae/dessert-cart-dubai","text/html; charset=utf-8","200","OK","1.1","Indexable","","https://www.mychef.ae/dessert-cart-dubai","index, follow","",""
"https://www.mychef.ae/shawarma-station-dubai","text/html; charset=utf-8","200","OK","1.1","Indexable","","https://www.mychef.ae/shawarma-station-dubai","index, follow","",""
"https://www.mychef.ae/images/desert-dining-dubai-hero.webp","image/webp","200","OK","1.1","Indexable","","","","",""
"https://www.mychef.ae/images/blog/how-much-does-private-chef-cost-dubai-hero.webp","image/webp","200","OK","1.1","Indexable","","","","",""
"https://www.mychef.ae/images/private-jet-catering-dubai-hero.webp","image/webp","200","OK","1.1","Indexable","","","","",""
"https://www.mychef.ae/diwali-catering-dubai","text/html; charset=utf-8","200","OK","1.1","Indexable","","https://www.mychef.ae/diwali-catering-dubai","index, follow","",""
"https://www.mychef.ae/easter-catering-dubai","text/html; charset=utf-8","200","OK","1.1","Indexable","","https://www.mychef.ae/easter-catering-dubai","index, follow","",""
"https://www.mychef.ae/become-a-mychef","text/html; charset=utf-8","200","OK","1.1","Indexable","","https://www.mychef.ae/become-a-mychef","index, follow","",""
"https://www.mychef.ae/blog/ramadan-iftar-catering-trends-2026","text/html; charset=utf-8","200","OK","1.1","Indexable","","https://www.mychef.ae/blog/ramadan-iftar-catering-trends-2026","index, follow","",""
"https://www.mychef.ae/service-villa.webp","image/webp","200","OK","1.1","Indexable","","","","",""
"https://www.mychef.ae/images/private-chef-dubai-manager.webp","image/webp","200","OK","1.1","Indexable","","","","",""
"https://www.mychef.ae/case-studies/yacht-birthday-celebration-dubai-marina","text/html; charset=utf-8","200","OK","1.1","Non-Indexable","Canonicalised","https://www.mychef.ae/","index, follow","",""
"https://www.mychef.ae/images/private-chef-dubai-cta.webp","image/webp","200","OK","1.1","Indexable","","","","",""
"https://www.mychef.ae/images/blog/private-chef-date-night-dubai-hero.webp","image/webp","200","OK","1.1","Indexable","","","","",""
"https://www.mychef.ae/mychef-certified","text/html; charset=utf-8","200","OK","1.1","Indexable","","https://www.mychef.ae/mychef-certified","index, follow","",""
"https://www.mychef.ae/images/kids-birthday-catering-dubai-hero.webp","image/webp","200","OK","1.1","Indexable","","","","",""
"https://www.mychef.ae/suhoor-catering-dubai","text/html; charset=utf-8","200","OK","1.1","Indexable","","https://www.mychef.ae/suhoor-catering-dubai","index, follow","",""
"https://www.mychef.ae/indian-catering-dubai","text/html; charset=utf-8","200","OK","1.1","Indexable","","https://www.mychef.ae/indian-catering-dubai","index, follow","",""
"https://www.mychef.ae/images/events-catering-dubai-hero.webp","image/webp","200","OK","1.1","Indexable","","","","",""
"https://www.mychef.ae/dairy-free-catering-dubai","text/html; charset=utf-8","200","OK","1.1","Indexable","","https://www.mychef.ae/dairy-free-catering-dubai","index, follow","",""
"https://www.mychef.ae/family-feast-package-dubai","text/html; charset=utf-8","200","OK","1.1","Indexable","","https://www.mychef.ae/family-feast-package-dubai","index, follow","",""
"https://www.mychef.ae/halal-catering-dubai","text/html; charset=utf-8","200","OK","1.1","Indexable","","https://www.mychef.ae/halal-catering-dubai","index, follow","",""
"https://www.mychef.ae/jain-catering-dubai","text/html; charset=utf-8","200","OK","1.1","Indexable","","https://www.mychef.ae/jain-catering-dubai","index, follow","",""
"https://www.mychef.ae/healthy-catering-dubai","text/html; charset=utf-8","200","OK","1.1","Indexable","","https://www.mychef.ae/healthy-catering-dubai","index, follow","",""
"https://www.mychef.ae/images/become-a-mychef-dubai-hero.webp","image/webp","200","OK","1.1","Indexable","","","","",""
"https://www.mychef.ae/images/valentines-day-catering-dubai-hero.webp","image/webp","200","OK","1.1","Indexable","","","","",""
"https://www.mychef.ae/images/asian-catering-dubai-hero.webp","image/webp","200","OK","1.1","Indexable","","","","",""
"https://www.mychef.ae/vip-club?utm_source=mychef.ae&utm_medium=banner&utm_campaign=catering-packages-dubai","text/html; charset=utf-8","200","OK","1.1","Non-Indexable","Canonicalised","https://www.mychef.ae/vip-club","index, follow","",""
"https://www.mychef.ae/blog/grazing-table-vs-buffet-dubai","text/html; charset=utf-8","200","OK","1.1","Indexable","","https://www.mychef.ae/blog/grazing-table-vs-buffet-dubai","index, follow","",""
"https://www.mychef.ae/images/uae-national-day-catering-dubai-hero.webp","image/webp","200","OK","1.1","Indexable","","","","",""
"https://www.mychef.ae/housewarming-catering-dubai","text/html; charset=utf-8","200","OK","1.1","Indexable","","https://www.mychef.ae/housewarming-catering-dubai","index, follow","",""
"https://www.mychef.ae/gluten-free-catering-dubai","text/html; charset=utf-8","200","OK","1.1","Indexable","","https://www.mychef.ae/gluten-free-catering-dubai","index, follow","",""
"https://www.mychef.ae/images/easter-catering-dubai-hero.webp","image/webp","200","OK","1.1","Indexable","","","","",""
"https://www.mychef.ae/images/mothers-day-catering-dubai-hero.webp","image/webp","200","OK","1.1","Indexable","","","","",""
"https://www.mychef.ae/process-2.webp","image/webp","200","OK","1.1","Indexable","","","","",""
"https://www.mychef.ae/partners/event-planners-dubai","text/html; charset=utf-8","200","OK","1.1","Indexable","","https://www.mychef.ae/partners/event-planners-dubai","index, follow","",""
"https://www.mychef.ae/blog/topic/private-chef","text/html; charset=utf-8","200","OK","1.1","Indexable","","https://www.mychef.ae/blog/topic/private-chef","index, follow","",""
"https://www.mychef.ae/images/blog/private-chef-palm-jumeirah-guide-hero.webp","image/webp","200","OK","1.1","Indexable","","","","",""
"https://www.mychef.ae/images/cocktail-party-catering-dubai-hero.webp","image/webp","200","OK","1.1","Indexable","","","","",""
"https://www.mychef.ae/images/private-chef-prices-dubai-hero.webp","image/webp","200","OK","1.1","Indexable","","","","",""
"https://www.mychef.ae/partners/villa-rentals-dubai","text/html; charset=utf-8","200","OK","1.1","Indexable","","https://www.mychef.ae/partners/villa-rentals-dubai","index, follow","",""
"https://www.mychef.ae/images/how-we-vet-our-chefs-dubai-hero.webp","image/webp","200","OK","1.1","Indexable","","","","",""
"https://www.mychef.ae/new-year-catering-dubai","text/html; charset=utf-8","200","OK","1.1","Indexable","","https://www.mychef.ae/new-year-catering-dubai","index, follow","",""
"https://www.mychef.ae/images/gala-dinner-catering-dubai-hero.webp","image/webp","200","OK","1.1","Indexable","","","","",""
"https://www.mychef.ae/film-crew-catering-dubai","text/html; charset=utf-8","200","OK","1.1","Indexable","","https://www.mychef.ae/film-crew-catering-dubai","index, follow","",""
"https://www.mychef.ae/nut-free-catering-dubai","text/html; charset=utf-8","200","OK","1.1","Indexable","","https://www.mychef.ae/nut-free-catering-dubai","index, follow","",""
"https://www.mychef.ae/locations/mall-of-the-emirates","text/html; charset=utf-8","200","OK","1.1","Non-Indexable","Canonicalised","https://www.mychef.ae/","index, follow","",""
"https://www.mychef.ae/images/blog/iftar-at-home-dubai-3.webp","image/webp","200","OK","1.1","Indexable","","","","",""
"https://www.mychef.ae/images/dairy-free-catering-dubai-hero.webp","image/webp","200","OK","1.1","Indexable","","","","",""
"https://www.mychef.ae/images/pool-party-catering-dubai-hero.webp","image/webp","200","OK","1.1","Indexable","","","","",""
"https://www.mychef.ae/images/chefs/layla-hassan.webp","image/webp","200","OK","1.1","Indexable","","","","",""
"https://www.mychef.ae/locations/dwtc","text/html; charset=utf-8","200","OK","1.1","Non-Indexable","Canonicalised","https://www.mychef.ae/","index, follow","",""
"https://www.mychef.ae/images/jain-catering-dubai-hero.webp","image/webp","200","OK","1.1","Indexable","","","","",""
"https://www.mychef.ae/images/blog/private-chef-palm-jumeirah-guide-3.webp","image/webp","200","OK","1.1","Indexable","","","","",""
"https://www.mychef.ae/images/blog/private-chef-vs-restaurant-dubai-3.webp","image/webp","200","OK","1.1","Indexable","","","","",""
"https://www.mychef.ae/images/blog/how-to-hire-a-private-chef-dubai-2.webp","image/webp","200","OK","1.1","Indexable","","","","",""
"https://www.mychef.ae/vip-club?utm_source=mychef.ae&utm_medium=banner&utm_campaign=wellness-meal-prep-dubai","text/html; charset=utf-8","200","OK","1.1","Non-Indexable","Canonicalised","https://www.mychef.ae/vip-club","index, follow","",""
"https://www.mychef.ae/images/dessert-table-catering-dubai-hero.webp","image/webp","200","OK","1.1","Indexable","","","","",""
"https://www.mychef.ae/dessert-table-dubai","text/html; charset=utf-8","200","OK","1.1","Non-Indexable","Canonicalised","https://www.mychef.ae/","index, follow","",""
"https://www.mychef.ae/images/blog/private-chef-date-night-dubai-3.webp","image/webp","200","OK","1.1","Indexable","","","","",""
"https://www.mychef.ae/wedding-catering-dubai-hero.webp","image/webp","200","OK","1.1","Indexable","","","","",""
"https://www.mychef.ae/canape-catering-dubai-hero.webp","image/webp","200","OK","1.1","Indexable","","","","",""
"https://www.mychef.ae/images/blog/brunch-at-home-dubai-2.webp","image/webp","200","OK","1.1","Indexable","","","","",""
"https://www.mychef.ae/images/blog/how-to-hire-a-private-chef-dubai-4.webp","image/webp","200","OK","1.1","Indexable","","","","",""
"https://www.mychef.ae/images/blog/corporate-catering-full-service-vs-drop-off-2.webp","image/webp","200","OK","1.1","Indexable","","","","",""
"https://www.mychef.ae/images/private-chef-dubai-household.webp","image/webp","200","OK","1.1","Indexable","","","","",""
"https://www.mychef.ae/influencer-partnerships","text/html; charset=utf-8","200","OK","1.1","Indexable","","https://www.mychef.ae/influencer-partnerships","index, follow","",""
"https://www.mychef.ae/images/blog/ramadan-iftar-catering-trends-2026-2.webp","image/webp","200","OK","1.1","Indexable","","","","",""
"https://www.mychef.ae/founding-customer-offer","text/html; charset=utf-8","200","OK","1.1","Indexable","","https://www.mychef.ae/founding-customer-offer","index, follow","",""
"https://www.mychef.ae/images/blog/weekly-meal-prep-vs-full-time-chef-dubai-2.webp","image/webp","200","OK","1.1","Indexable","","","","",""
"https://www.mychef.ae/images/blog/vegan-catering-dubai-guide-2.webp","image/webp","200","OK","1.1","Indexable","","","","",""
"https://www.mychef.ae/mychef-membership","text/html; charset=utf-8","200","OK","1.1","Indexable","","https://www.mychef.ae/mychef-membership","index, follow","",""
"https://www.mychef.ae/images/blog/corporate-catering-full-service-vs-drop-off-3.webp","image/webp","200","OK","1.1","Indexable","","","","",""
"https://www.mychef.ae/locations/dubai-mall","text/html; charset=utf-8","200","OK","1.1","Non-Indexable","Canonicalised","https://www.mychef.ae/","index, follow","",""
"https://www.mychef.ae/images/breakfast-catering-dubai-hero.webp","image/webp","200","OK","1.1","Indexable","","","","",""
"https://www.mychef.ae/images/blog/yacht-party-menu-ideas-dubai-2.webp","image/webp","200","OK","1.1","Indexable","","","","",""
"https://www.mychef.ae/images/blog/how-to-hire-a-private-chef-dubai-5.webp","image/webp","200","OK","1.1","Indexable","","","","",""
"https://www.mychef.ae/images/private-chef-quality-training-hero.webp","image/webp","200","OK","1.1","Indexable","","","","",""
"https://www.mychef.ae/images/blog/corporate-event-catering-ideas-dubai-2.webp","image/webp","200","OK","1.1","Indexable","","","","",""
"https://www.mychef.ae/images/engagement-catering-dubai-villa.webp","image/webp","200","OK","1.1","Indexable","","","","",""
"https://www.mychef.ae/images/healthy-catering-dubai-hero.webp","image/webp","200","OK","1.1","Indexable","","","","",""
"https://www.mychef.ae/images/blog/private-chef-date-night-dubai-2.webp","image/webp","200","OK","1.1","Indexable","","","","",""
"https://www.mychef.ae/images/blog/desert-dinner-party-dubai-3.webp","image/webp","200","OK","1.1","Indexable","","","","",""
"https://www.mychef.ae/images/blog/ramadan-iftar-catering-trends-2026-3.webp","image/webp","200","OK","1.1","Indexable","","","","",""
"https://www.mychef.ae/images/blog/yacht-party-menu-ideas-dubai-3.webp","image/webp","200","OK","1.1","Indexable","","","","",""
"https://www.mychef.ae/images/blog/best-private-chef-birthday-dinner-dubai-2.webp","image/webp","200","OK","1.1","Indexable","","","","",""
"https://www.mychef.ae/images/blog/how-far-ahead-book-caterer-dubai-3.webp","image/webp","200","OK","1.1","Indexable","","","","",""
"https://www.mychef.ae/images/blog/private-chef-vs-restaurant-dubai-2.webp","image/webp","200","OK","1.1","Indexable","","","","",""
"https://www.mychef.ae/images/private-chef-dubai-who-does-what.webp","image/webp","200","OK","1.1","Indexable","","","","",""
"https://www.mychef.ae/images/engagement-catering-dubai-canapes.webp","image/webp","200","OK","1.1","Indexable","","","","",""
"https://www.mychef.ae/images/blog/iftar-at-home-dubai-2.webp","image/webp","200","OK","1.1","Indexable","","","","",""
"https://www.mychef.ae/images/private-chef-privacy-security-hero.webp","image/webp","200","OK","1.1","Indexable","","","","",""
"https://www.mychef.ae/loyalty-programme","text/html; charset=utf-8","200","OK","1.1","Indexable","","https://www.mychef.ae/loyalty-programme","index, follow","",""
"https://www.mychef.ae/images/blog/private-chef-palm-jumeirah-guide-2.webp","image/webp","200","OK","1.1","Indexable","","","","",""
"https://www.mychef.ae/images/eid-catering-dubai-hero.webp","text/html; charset=utf-8","200","OK","1.1","Non-Indexable","Canonicalised","https://www.mychef.ae/","index, follow","",""
"https://www.mychef.ae/images/gluten-free-catering-dubai-hero.webp","image/webp","200","OK","1.1","Indexable","","","","",""
"https://www.mychef.ae/corporate-catering-dubai-hero.webp","image/webp","200","OK","1.1","Indexable","","","","",""
"https://www.mychef.ae/images/blog/desert-dinner-party-dubai-2.webp","image/webp","200","OK","1.1","Indexable","","","","",""
"https://www.mychef.ae/images/blog/dinner-party-menu-ideas-dubai-2.webp","image/webp","200","OK","1.1","Indexable","","","","",""
"https://www.mychef.ae/partners","text/html; charset=utf-8","200","OK","1.1","Indexable","","https://www.mychef.ae/partners","index, follow","",""
"https://www.mychef.ae/images/business-lunch-catering-dubai-hero.webp","text/html; charset=utf-8","200","OK","1.1","Non-Indexable","Canonicalised","https://www.mychef.ae/","index, follow","",""
"https://www.mychef.ae/images/blog/corporate-event-catering-ideas-dubai-3.webp","image/webp","200","OK","1.1","Indexable","","","","",""
"https://www.mychef.ae/images/blog/vegan-catering-dubai-guide-3.webp","image/webp","200","OK","1.1","Indexable","","","","",""
"https://www.mychef.ae/images/sushi-catering-dubai-hero.webp","image/webp","200","OK","1.1","Indexable","","","","",""
"https://www.mychef.ae/live-cooking-station-dubai","text/html; charset=utf-8","200","OK","1.1","Non-Indexable","Canonicalised","https://www.mychef.ae/","index, follow","",""
"https://www.mychef.ae/villa-catering-dubai","text/html; charset=utf-8","200","OK","1.1","Non-Indexable","Canonicalised","https://www.mychef.ae/","index, follow","",""
"https://www.mychef.ae/locations/city-walk","text/html; charset=utf-8","200","OK","1.1","Non-Indexable","Canonicalised","https://www.mychef.ae/","index, follow","",""
"https://www.mychef.ae/images/blog/halal-private-dining-dubai-what-to-ask-2.webp","image/webp","200","OK","1.1","Indexable","","","","",""
"https://www.mychef.ae/images/blog/nye-party-catering-dubai-3.webp","image/webp","200","OK","1.1","Indexable","","","","",""
"https://www.mychef.ae/images/blog/grazing-table-vs-buffet-dubai-2.webp","image/webp","200","OK","1.1","Indexable","","","","",""
"https://www.mychef.ae/images/mychef-household-managers-dubai.webp","image/webp","200","OK","1.1","Indexable","","","","",""
"https://www.mychef.ae/images/keto-catering-dubai-hero.webp","image/webp","200","OK","1.1","Indexable","","","","",""
"https://www.mychef.ae/images/festive-catering-dubai-hero.webp","image/webp","200","OK","1.1","Indexable","","","","",""
"https://www.mychef.ae/images/blog/dinner-party-menu-ideas-dubai-3.webp","image/webp","200","OK","1.1","Indexable","","","","",""
"https://www.mychef.ae/images/blog/how-much-does-private-chef-cost-dubai-3.webp","image/webp","200","OK","1.1","Indexable","","","","",""
"https://www.mychef.ae/images/blog/halal-private-dining-dubai-what-to-ask-3.webp","image/webp","200","OK","1.1","Indexable","","","","",""
"https://www.mychef.ae/images/blog/nye-party-catering-dubai-2.webp","image/webp","200","OK","1.1","Indexable","","","","",""
"https://www.mychef.ae/images/blog/brunch-at-home-dubai-3.webp","image/webp","200","OK","1.1","Indexable","","","","",""
"https://www.mychef.ae/images/blog/how-to-hire-a-private-chef-dubai-3.webp","image/webp","200","OK","1.1","Indexable","","","","",""
"https://www.mychef.ae/images/engagement-catering-dubai-dessert.webp","image/webp","200","OK","1.1","Indexable","","","","",""
"https://www.mychef.ae/images/private-chef-how-it-works-hero.webp","image/webp","200","OK","1.1","Indexable","","","","",""
"https://www.mychef.ae/images/engagement-catering-dubai-plated.webp","image/webp","200","OK","1.1","Indexable","","","","",""
"https://www.mychef.ae/images/blog/how-much-does-private-chef-cost-dubai-2.webp","image/webp","200","OK","1.1","Indexable","","","","",""
"https://www.mychef.ae/images/live-cooking-stations-dubai-hero.webp","image/webp","200","OK","1.1","Indexable","","","","",""
"https://www.mychef.ae/images/brunch-catering-dubai-hero.webp","image/webp","200","OK","1.1","Indexable","","","","",""
"https://www.mychef.ae/images/pescatarian-catering-dubai-hero.webp","image/webp","200","OK","1.1","Indexable","","","","",""
"https://www.mychef.ae/images/blog/grazing-table-vs-buffet-dubai-3.webp","image/webp","200","OK","1.1","Indexable","","","","",""
"https://www.mychef.ae/referral-programme","text/html; charset=utf-8","200","OK","1.1","Indexable","","https://www.mychef.ae/referral-programme","index, follow","",""
"https://www.mychef.ae/images/nut-free-catering-dubai-hero.webp","image/webp","200","OK","1.1","Indexable","","","","",""
"https://www.mychef.ae/images/private-chef-dubai-how-it-works.webp","image/webp","200","OK","1.1","Indexable","","","","",""
"https://www.mychef.ae/images/blog/how-far-ahead-book-caterer-dubai-2.webp","image/webp","200","OK","1.1","Indexable","","","","",""
"https://www.mychef.ae/images/vip-club-hero.webp","image/webp","200","OK","1.1","Indexable","","","","",""
